transaction_id,customer_id,customer_name,product_id,price,product_name,category,purchase_location,city,transaction_date,quantity,payment_method,discount,email,phone,payment_status,net_sales,month
1,642,Troy Mitchell,108,15000.0,Mixer Grinder,Home Appliances,offline,Bangalore,2025-12-06,3,UPI,0.1,Tro*****@gmail.com,83******68,successful,44999.9,2025-12
2,881,Sarah Guerrero,102,70000.0,Phone,Elec,online,Bangalore,2025-07-21,5,Card,0.35,Sar*****@yahoo.com,71******11,successful,349999.65,2025-07
3,505,Samantha Hull,109,65000.0,Refrigerator,Home Appliances,offline,Chennai,2025-07-11,2,UPI,0.05,Sam*****@outlook.com,74******65,successful,129999.95,2025-07
4,794,Gerald Cooper,106,80000.0,Sofa,Furn,offline,Chennai,2025-10-06,2,UPI,0.05,Ger*****@gmail.com,97******01,successful,159999.95,2025-10
5,864,Cameron Black,108,15000.0,Mixer Grinder,Home Appliances,offline,Chennai,2025-12-12,1,Cash,0.05,Cam*****@yahoo.com,99******77,successful,14999.95,2025-12
6,181,Maria Robinson,101,250000.0,Laptop,Electronics,online,Delhi,2025-07-25,5,NetBanking,0.35,Mar*****@gmail.com,87******17,successful,1249999.65,2025-07
7,142,Charles Brown,101,250000.0,Laptop,Elec,online,Hyderabad,2026-03-03,2,UPI,0.05,Cha*****@gmail.com,99******22,successful,499999.95,2026-03
9,749,Linda Lara,110,,Microwave,Home Appliances,offline,Mumbai,2025-08-30,3,Card,0.3,Lin*****@outlook.com,74******01,successful,,2025-08
10,146,Jose Thomas,102,70000.0,Phone,Electronics,offline,Bangalore,2025-12-16,2,UPI,0.4,Jos*****@outlook.com,83******63,successful,139999.6,2025-12
11,946,Lisa Cochran,104,8000.0,Shoes,Cloth,offline,Delhi,2025-12-15,4,Card,0.3,Lis*****@gmail.com,83******19,successful,31999.7,2025-12
13,838,Susan Torres,109,65000.0,Refrigerator,Home Appliances,offline,Chennai,2025-06-14,5,Cash,0.35,Sus*****@outlook.com,87******26,successful,324999.65,2025-06
14,117,Brent Clark,109,65000.0,Refrigerator,Home Appliances,offline,Delhi,2026-02-24,5,Card,0.2,Bre*****@gmail.com,90******98,successful,324999.8,2026-02
15,923,George Wilkinson,109,65000.0,Refrigerator,Home Appliances,online,Mumbai,2026-01-31,5,UPI,0.25,Geo*****@gmail.com,65******22,successful,324999.75,2026-01
17,570,Donald Carter,102,,Phone,Elec,offline,Chennai,2025-05-19,3,NetBanking,0.15,Don*****@gmail.com,79******19,successful,,2025-05
19,786,Jeremiah Simmons,103,,Shirt,Clothing,offline,Chennai,2025-09-07,4,Cash,0.2,Jer*****@outlook.com,71******16,successful,,2025-09
20,576,Angela Weiss,104,8000.0,Shoes,Clothing,online,Delhi,2025-07-05,1,Card,0.15,Ang*****@yahoo.com,64******39,successful,7999.85,2025-07
21,256,Nicole Williams,109,65000.0,Refrigerator,Home Appliances,online,Chennai,2025-12-10,3,UPI,0.05,Nic*****@gmail.com,92******32,successful,194999.95,2025-12
22,737,Kimberly Lloyd,109,65000.0,Refrigerator,Home Appliances,online,Delhi,2025-03-11,4,UPI,0.4,Kim*****@gmail.com,60******93,successful,259999.6,2025-03
23,104,Amanda Castillo,108,,Mixer Grinder,Home Appliances,online,Hyderabad,2026-04-15,2,UPI,0.25,Ama*****@yahoo.com,92******48,successful,,2026-04
24,799,Stephanie Dunn,108,15000.0,Mixer Grinder,Home Appliances,offline,Delhi,2025-05-16,3,Cash,0.25,Ste*****@gmail.com,74******44,successful,44999.75,2025-05
25,249,Alyssa Henderson,102,70000.0,Phone,Electronics,online,Bangalore,2025-08-29,1,Card,0.3,Aly*****@gmail.com,99******09,successful,69999.7,2025-08
27,927,Bradley Sparks,105,45000.0,Tv,Electronics,offline,Chennai,2025-11-13,5,UPI,0.2,Bra*****@gmail.com,82******14,successful,224999.8,2025-11
28,868,Timothy Henderson,107,50000.0,Dining Table,Furniture,offline,Hyderabad,2025-11-12,1,Card,0.3,Tim*****@gmail.com,65******86,successful,49999.7,2025-11
29,1,Karen Pollard,109,65000.0,Refrigerator,Home Appliances,online,Hyderabad,2025-06-28,2,Card,0.3,Kar*****@yahoo.com,71******63,successful,129999.7,2025-06
30,980,Alexis Andrews,106,80000.0,Sofa,Furniture,online,Delhi,2025-07-10,5,Card,0.05,Ale*****@gmail.com,96******41,successful,399999.95,2025-07
31,455,Morgan Wright,107,50000.0,Dining Table,Furniture,offline,Bangalore,2025-06-03,4,NetBanking,0.3,Mor*****@yahoo.com,98******87,successful,199999.7,2025-06
32,367,Joshua Tate,105,45000.0,Tv,Electronics,offline,Delhi,2025-11-14,4,Cash,0.4,Jos*****@outlook.com,98******16,successful,179999.6,2025-11
34,968,Keith Davis,107,50000.0,Dining Table,Furn,offline,Hyderabad,2025-11-09,4,Cash,0.15,Kei*****@yahoo.com,63******12,successful,199999.85,2025-11
35,390,Erika Knight,110,45000.0,Microwave,Home,online,Mumbai,2025-05-25,2,Card,0.1,Eri*****@gmail.com,88******25,successful,89999.9,2025-05
36,528,Kerri Rodriguez,102,70000.0,Phone,Electronics,offline,Chennai,2025-07-19,2,NetBanking,0.1,Ker*****@gmail.com,77******93,successful,139999.9,2025-07
37,46,Mallory Boyd,103,1300.0,Shirt,Clothing,offline,Delhi,2026-01-07,3,UPI,0.1,Mal*****@gmail.com,69******49,successful,3899.9,2026-01
39,234,Kristin Taylor,104,8000.0,Shoes,Clothing,offline,Delhi,2025-12-01,1,Cash,0.1,Kri*****@outlook.com,61******10,successful,7999.9,2025-12
40,391,Catherine Beard,103,1300.0,Shirt,Cloth,offline,Mumbai,2026-08-03,2,NetBanking,0.3,Cat*****@gmail.com,92******05,successful,2599.7,2026-08
41,743,Dorothy Davis,103,1300.0,Shirt,Cloth,online,Delhi,2025-12-22,3,NetBanking,0.1,Dor*****@yahoo.com,84******00,successful,3899.9,2025-12
42,17,Duane Hall,105,45000.0,Tv,Electronics,online,Bangalore,2025-07-11,2,Cash,0.3,Dua*****@outlook.com,74******49,successful,89999.7,2025-07
45,220,Maria Walker,104,8000.0,Shoes,Clothing,offline,Bangalore,2025-11-23,4,Cash,0.15,Mar*****@gmail.com,73******10,successful,31999.85,2025-11
48,222,Emily Hernandez,108,15000.0,Mixer Grinder,Home Appliances,offline,Delhi,2025-07-11,1,Cash,0.25,Emi*****@gmail.com,89******56,successful,14999.75,2025-07
49,971,Larry Ramos,103,1300.0,Shirt,Cloth,offline,Chennai,2025-07-10,5,UPI,0.2,Lar*****@gmail.com,89******14,successful,6499.8,2025-07
50,670,Fernando Kelly,106,80000.0,Sofa,Furniture,offline,Chennai,2025-05-31,5,UPI,0.15,Fer*****@yahoo.com,89******11,successful,399999.85,2025-05
51,485,James Harris,107,50000.0,Dining Table,Furniture,online,Delhi,2025-07-12,2,Card,0.1,Jam*****@yahoo.com,84******57,successful,99999.9,2025-07
52,883,Charles David,104,8000.0,Shoes,Clothing,online,Delhi,2025-07-17,1,Card,0.4,Cha*****@yahoo.com,60******22,successful,7999.6,2025-07
53,202,Amanda Reed,103,1300.0,Shirt,Clothing,offline,Delhi,2025-11-03,1,Card,0.15,Ama*****@yahoo.com,65******99,successful,1299.85,2025-11
54,817,Nicole Ross,107,50000.0,Dining Table,Furniture,offline,Chennai,2025-07-25,3,Cash,0.25,Nic*****@gmail.com,82******66,successful,149999.75,2025-07
55,801,Brandi Bryan,104,8000.0,Shoes,Clothing,online,Delhi,2025-10-01,5,UPI,0.3,Bra*****@gmail.com,74******83,successful,39999.7,2025-10
56,284,Erin Richmond,104,8000.0,Shoes,Clothing,offline,Chennai,2026-02-20,2,NetBanking,0.4,Eri*****@gmail.com,92******78,successful,15999.6,2026-02
59,854,Dennis Dorsey,108,15000.0,Mixer Grinder,Home,online,Hyderabad,2025-07-13,3,NetBanking,0.15,Den*****@yahoo.com,70******16,successful,44999.85,2025-07
61,507,Thomas Cameron,104,8000.0,Shoes,Cloth,offline,Delhi,2025-12-23,2,Cash,0.3,Tho*****@outlook.com,92******64,successful,15999.7,2025-12
62,736,Lisa Lee,104,8000.0,Shoes,Clothing,offline,Delhi,2025-06-07,4,NetBanking,0.05,Lis*****@gmail.com,70******21,successful,31999.95,2025-06
64,341,Cory Alvarado,110,45000.0,Microwave,Home Appliances,online,Mumbai,2025-12-14,3,NetBanking,0.1,Cor*****@outlook.com,76******55,successful,134999.9,2025-12
66,164,Shawn Stewart,104,8000.0,Shoes,Cloth,offline,Chennai,2025-04-16,2,Card,0.3,Sha*****@gmail.com,71******54,successful,15999.7,2025-04
67,188,Allison Oliver,109,65000.0,Refrigerator,Home Appliances,online,Hyderabad,2026-04-04,3,Cash,0.3,All*****@gmail.com,98******24,successful,194999.7,2026-04
69,656,Adam White,104,8000.0,Shoes,Clothing,online,Hyderabad,2025-08-29,1,NetBanking,0.1,Ada*****@yahoo.com,90******07,successful,7999.9,2025-08
70,687,Robert Estrada,110,45000.0,Microwave,Home,offline,Hyderabad,2026-04-05,1,UPI,0.1,Rob*****@yahoo.com,86******73,successful,44999.9,2026-04
71,186,Dawn Garrett,105,45000.0,Tv,Electronics,offline,Chennai,2026-01-23,2,Card,0.3,Daw*****@gmail.com,96******01,successful,89999.7,2026-01
72,865,Jessica Patterson,102,70000.0,Phone,Elec,online,Hyderabad,2026-04-07,1,UPI,0.2,Jes*****@outlook.com,93******60,successful,69999.8,2026-04
73,523,Emily Cohen,101,250000.0,Laptop,Electronics,offline,Chennai,2026-03-09,4,Card,0.1,Emi*****@gmail.com,91******27,successful,999999.9,2026-03
75,729,Elizabeth Hunt,108,15000.0,Mixer Grinder,Home Appliances,online,Mumbai,2025-08-10,1,NetBanking,0.1,Eli*****@outlook.com,89******21,successful,14999.9,2025-08
78,874,Samuel Patel,104,8000.0,Shoes,Clothing,offline,Mumbai,2025-06-11,4,Cash,0.1,Sam*****@gmail.com,68******67,successful,31999.9,2025-06
79,977,Gloria Navarro,102,70000.0,Phone,Electronics,offline,Chennai,2025-05-16,5,UPI,0.3,Glo*****@yahoo.com,72******62,successful,349999.7,2025-05
80,735,Elizabeth Kemp,108,15000.0,Mixer Grinder,Home Appliances,online,Bangalore,2025-06-20,5,Cash,0.05,Eli*****@yahoo.com,65******68,successful,74999.95,2025-06
81,704,Susan Thomas,107,50000.0,Dining Table,Furn,offline,Chennai,2026-04-14,5,UPI,0.25,Sus*****@outlook.com,60******32,successful,249999.75,2026-04
82,578,Kristi Wilson,101,250000.0,Laptop,Electronics,online,Chennai,2025-06-18,4,NetBanking,0.4,Kri*****@yahoo.com,60******23,successful,999999.6,2025-06
84,379,Andres Stokes,105,45000.0,Tv,Elec,offline,Mumbai,2025-11-07,5,UPI,0.2,And*****@yahoo.com,81******61,successful,224999.8,2025-11
86,427,Kelly Mccormick,103,1300.0,Shirt,Clothing,offline,Delhi,2026-01-09,4,NetBanking,0.05,Kel*****@outlook.com,60******70,successful,5199.95,2026-01
87,454,Larry Perkins,102,70000.0,Phone,Electronics,offline,Mumbai,2025-11-04,1,Cash,0.15,Lar*****@yahoo.com,79******36,successful,69999.85,2025-11
88,975,Jacqueline Doyle,110,45000.0,Microwave,Home Appliances,online,Hyderabad,2026-02-02,3,Card,0.2,Jac*****@outlook.com,81******90,successful,134999.8,2026-02
89,992,William Rose,107,50000.0,Dining Table,Furn,online,Hyderabad,2025-12-20,5,Cash,0.15,Wil*****@gmail.com,69******06,successful,249999.85,2025-12
91,645,Joshua Burton,102,70000.0,Phone,Electronics,offline,Mumbai,2026-01-05,1,Cash,0.4,Jos*****@outlook.com,67******88,successful,69999.6,2026-01
92,728,Lisa Miller,108,,Mixer Grinder,Home,offline,Chennai,2026-03-28,1,NetBanking,0.05,Lis*****@gmail.com,87******95,successful,,2026-03
93,403,Taylor Ellison,102,70000.0,Phone,Electronics,offline,Bangalore,2025-12-16,5,UPI,0.15,Tay*****@gmail.com,82******32,successful,349999.85,2025-12
94,50,Stacey Henderson,104,8000.0,Shoes,Cloth,online,Mumbai,2025-02-11,4,Cash,0.25,Sta*****@gmail.com,60******85,successful,31999.75,2025-02
99,753,Kelly Ball,102,70000.0,Phone,Electronics,online,Delhi,2025-10-07,3,Card,0.15,Kel*****@gmail.com,65******69,successful,209999.85,2025-10
100,864,Cameron Black,109,65000.0,Refrigerator,Home,online,Chennai,2025-04-20,1,UPI,0.15,Cam*****@yahoo.com,99******77,successful,64999.85,2025-04
102,1000,Shannon Haley,103,1300.0,Shirt,Clothing,online,Bangalore,2025-05-30,3,NetBanking,0.15,Sha*****@gmail.com,76******01,successful,3899.85,2025-05
103,909,Jacqueline Frye,105,45000.0,Tv,Elec,online,Chennai,2025-09-05,3,Cash,0.35,Jac*****@gmail.com,60******95,successful,134999.65,2025-09
105,713,Jason Griffin,107,50000.0,Dining Table,Furniture,online,Hyderabad,2026-02-26,1,NetBanking,0.05,Jas*****@gmail.com,89******07,successful,49999.95,2026-02
106,54,Jessica Hernandez,105,,Tv,Electronics,offline,Hyderabad,2026-02-27,2,Card,0.05,Jes*****@outlook.com,71******54,successful,,2026-02
107,89,Joseph Davis,106,80000.0,Sofa,Furniture,offline,Hyderabad,2025-03-09,4,UPI,0.35,Jos*****@yahoo.com,73******48,successful,319999.65,2025-03
109,128,Ethan Porter,104,8000.0,Shoes,Clothing,online,Bangalore,2026-02-03,3,Card,0.2,Eth*****@yahoo.com,69******64,successful,23999.8,2026-02
110,264,Kelli Johnson,107,50000.0,Dining Table,Furniture,offline,Bangalore,2025-08-25,2,Cash,0.2,Kel*****@gmail.com,98******31,successful,99999.8,2025-08
111,637,Kevin King,106,80000.0,Sofa,Furniture,online,Bangalore,2026-02-18,5,Cash,0.1,Kev*****@yahoo.com,89******30,successful,399999.9,2026-02
112,381,Melissa Garza,102,70000.0,Phone,Electronics,offline,Hyderabad,2025-09-14,1,Cash,0.15,Mel*****@gmail.com,69******06,successful,69999.85,2025-09
113,286,Carmen Sanders,108,15000.0,Mixer Grinder,Home Appliances,online,Hyderabad,2026-01-12,4,NetBanking,0.4,Car*****@gmail.com,88******19,successful,59999.6,2026-01
114,484,Eric Cabrera,101,250000.0,Laptop,Elec,online,Bangalore,2025-04-07,3,NetBanking,0.25,Eri*****@gmail.com,61******33,successful,749999.75,2025-04
115,270,Katherine Shaw,107,50000.0,Dining Table,Furn,online,Chennai,2025-12-16,1,Card,0.1,Kat*****@yahoo.com,90******08,successful,49999.9,2025-12
116,756,Juan Mata,103,1300.0,Shirt,Clothing,online,Bangalore,2025-11-22,4,NetBanking,0.2,Jua*****@yahoo.com,68******18,successful,5199.8,2025-11
118,206,Kevin Cox,105,45000.0,Tv,Elec,online,Chennai,2025-04-18,1,UPI,0.4,Kev*****@outlook.com,93******08,successful,44999.6,2025-04
121,175,Shelby Casey,109,65000.0,Refrigerator,Home,offline,Hyderabad,2025-05-30,1,Card,0.25,She*****@gmail.com,81******33,successful,64999.75,2025-05
122,549,Jacob Hopkins,102,70000.0,Phone,Electronics,online,Bangalore,2025-05-17,4,Cash,0.15,Jac*****@gmail.com,68******90,successful,279999.85,2025-05
123,387,Kenneth Rocha,110,45000.0,Microwave,Home Appliances,offline,Mumbai,2025-06-30,5,UPI,0.3,Ken*****@outlook.com,63******83,successful,224999.7,2025-06
124,592,Timothy Medina,104,8000.0,Shoes,Cloth,offline,Delhi,2026-03-04,3,Card,0.35,Tim*****@gmail.com,70******01,successful,23999.65,2026-03
127,115,Linda Graham,101,250000.0,Laptop,Elec,online,Chennai,2026-03-24,1,UPI,0.4,Lin*****@gmail.com,86******68,successful,249999.6,2026-03
130,149,Ashley Mejia,103,1300.0,Shirt,Clothing,online,Chennai,2025-11-23,1,Card,0.15,Ash*****@outlook.com,68******43,successful,1299.85,2025-11
131,274,Joseph Parker,107,50000.0,Dining Table,Furniture,online,Bangalore,2026-01-06,1,UPI,0.15,Jos*****@gmail.com,79******06,successful,49999.85,2026-01
132,173,Joshua Smith,109,65000.0,Refrigerator,Home Appliances,online,Delhi,2025-06-07,2,UPI,0.4,Jos*****@outlook.com,93******78,successful,129999.6,2025-06
134,702,Robert Jackson,108,15000.0,Mixer Grinder,Home Appliances,online,Delhi,2025-09-30,1,UPI,0.05,Rob*****@gmail.com,81******38,successful,14999.95,2025-09
135,362,David Wells,101,,Laptop,Elec,offline,Bangalore,2025-11-25,5,Cash,0.2,Dav*****@yahoo.com,76******22,successful,,2025-11
136,863,Travis Morgan,101,250000.0,Laptop,Electronics,online,Bangalore,2025-05-24,1,Card,0.15,Tra*****@gmail.com,71******57,successful,249999.85,2025-05
137,38,Laura Shelton,103,1300.0,Shirt,Clothing,online,Bangalore,2026-02-08,4,Card,0.05,Lau*****@gmail.com,65******05,successful,5199.95,2026-02
138,432,Charles Nelson,103,1300.0,Shirt,Cloth,offline,Mumbai,2026-02-22,4,NetBanking,0.4,Cha*****@yahoo.com,90******74,successful,5199.6,2026-02
139,907,Jeffrey Mccall,109,65000.0,Refrigerator,Home Appliances,online,Hyderabad,2026-02-17,4,NetBanking,0.05,Jef*****@gmail.com,67******50,successful,259999.95,2026-02
140,400,Brenda Johnson,101,250000.0,Laptop,Elec,online,Chennai,2025-06-09,4,NetBanking,0.1,Bre*****@yahoo.com,79******93,successful,999999.9,2025-06
141,180,Chelsea Meyer,103,1300.0,Shirt,Cloth,online,Bangalore,2025-11-07,4,Card,0.1,Che*****@yahoo.com,63******60,successful,5199.9,2025-11
143,313,Mary Lowe,107,50000.0,Dining Table,Furn,offline,Delhi,2026-12-04,3,UPI,0.35,Mar*****@outlook.com,66******40,successful,149999.65,2026-12
145,975,Jacqueline Doyle,109,65000.0,Refrigerator,Home Appliances,offline,Hyderabad,2026-01-12,3,Card,0.1,Jac*****@outlook.com,81******90,successful,194999.9,2026-01
146,311,Juan Murphy,103,1300.0,Shirt,Cloth,offline,Bangalore,2025-10-29,2,NetBanking,0.1,Jua*****@yahoo.com,74******60,successful,2599.9,2025-10
147,111,Alyssa Mitchell,107,50000.0,Dining Table,Furniture,online,Hyderabad,2025-09-08,4,Card,0.35,Aly*****@gmail.com,93******86,successful,199999.65,2025-09
148,139,Melissa Peterson,104,8000.0,Shoes,Cloth,offline,Mumbai,2025-07-09,3,NetBanking,0.25,Mel*****@outlook.com,87******33,successful,23999.75,2025-07
149,644,John Parrish,102,70000.0,Phone,Elec,offline,Delhi,2026-04-04,4,Card,0.2,Joh*****@gmail.com,70******81,successful,279999.8,2026-04
150,917,Alexandria Marks,105,,Tv,Elec,online,Hyderabad,2025-04-11,2,Cash,0.4,Ale*****@gmail.com,88******19,successful,,2025-04
151,294,Jared Moreno,101,250000.0,Laptop,Electronics,online,Hyderabad,2026-04-01,1,NetBanking,0.4,Jar*****@gmail.com,66******09,successful,249999.6,2026-04
153,1,Karen Pollard,108,,Mixer Grinder,Home Appliances,offline,Hyderabad,2026-04-10,3,NetBanking,0.15,Kar*****@yahoo.com,71******63,successful,,2026-04
154,835,Juan Watkins,102,,Phone,Electronics,online,Delhi,2026-01-31,4,UPI,0.3,Jua*****@outlook.com,79******80,successful,,2026-01
155,363,Leonard Travis,105,45000.0,Tv,Elec,online,Delhi,2025-06-07,3,Card,0.1,Leo*****@gmail.com,90******72,successful,134999.9,2025-06
156,334,Brenda Gonzales,109,65000.0,Refrigerator,Home,online,Chennai,2025-05-11,5,Card,0.3,Bre*****@gmail.com,90******83,successful,324999.7,2025-05
157,39,Megan Jones,102,70000.0,Phone,Electronics,online,Hyderabad,2026-01-03,1,UPI,0.25,Meg*****@gmail.com,72******86,successful,69999.75,2026-01
159,570,Donald Carter,103,1300.0,Shirt,Cloth,offline,Chennai,2025-05-08,1,Cash,0.2,Don*****@gmail.com,79******19,successful,1299.8,2025-05
160,152,Levi Leon,109,65000.0,Refrigerator,Home Appliances,online,Chennai,2025-06-06,3,Cash,0.15,Lev*****@gmail.com,66******06,successful,194999.85,2025-06
161,944,Julie Rodriguez,104,8000.0,Shoes,Clothing,offline,Delhi,2025-08-29,3,Cash,0.1,Jul*****@yahoo.com,74******79,successful,23999.9,2025-08
162,197,Gabriel Mills,103,1300.0,Shirt,Clothing,online,Mumbai,2025-11-15,5,NetBanking,0.25,Gab*****@gmail.com,84******37,successful,6499.75,2025-11
163,256,Nicole Williams,104,8000.0,Shoes,Clothing,offline,Chennai,2025-10-08,2,NetBanking,0.15,Nic*****@gmail.com,92******32,successful,15999.85,2025-10
164,993,Julie Wade,109,65000.0,Refrigerator,Home,online,Bangalore,2025-04-21,2,Card,0.2,Jul*****@outlook.com,74******25,successful,129999.8,2025-04
165,525,Laura Barajas,106,80000.0,Sofa,Furn,offline,Bangalore,2025-08-09,1,Cash,0.05,Lau*****@gmail.com,85******00,successful,79999.95,2025-08
166,976,Paula Rogers,101,250000.0,Laptop,Electronics,offline,Chennai,2025-11-13,5,UPI,0.25,Pau*****@gmail.com,87******25,successful,1249999.75,2025-11
167,820,Mary Goodwin,103,1300.0,Shirt,Clothing,online,Delhi,2026-03-09,3,Card,0.2,Mar*****@yahoo.com,85******01,successful,3899.8,2026-03
168,92,Kelly Chang,101,250000.0,Laptop,Elec,offline,Chennai,2025-06-03,5,Card,0.25,Kel*****@yahoo.com,94******79,successful,1249999.75,2025-06
170,893,Taylor Walton,110,45000.0,Microwave,Home Appliances,online,Delhi,2025-04-29,4,UPI,0.2,Tay*****@outlook.com,71******86,successful,179999.8,2025-04
171,871,Joel Hall,102,70000.0,Phone,Elec,online,Chennai,2026-01-20,3,UPI,0.2,Joe*****@gmail.com,89******29,successful,209999.8,2026-01
172,5,Kathleen Olson,103,1300.0,Shirt,Cloth,online,Hyderabad,2025-04-16,5,Cash,0.3,Kat*****@gmail.com,64******05,successful,6499.7,2025-04
173,368,Emily Scott,107,50000.0,Dining Table,Furn,offline,Mumbai,2026-02-20,4,Card,0.3,Emi*****@yahoo.com,91******34,successful,199999.7,2026-02
174,97,Joseph Nolan,105,45000.0,Tv,Elec,online,Bangalore,2025-10-09,2,NetBanking,0.4,Jos*****@outlook.com,95******93,successful,89999.6,2025-10
176,260,Cynthia Fields,107,50000.0,Dining Table,Furniture,offline,Chennai,2025-09-20,5,Cash,0.4,Cyn*****@gmail.com,68******11,successful,249999.6,2025-09
177,164,Shawn Stewart,107,50000.0,Dining Table,Furn,online,Chennai,2025-09-04,4,Card,0.05,Sha*****@gmail.com,71******54,successful,199999.95,2025-09
178,288,Darren Parker,102,70000.0,Phone,Elec,online,Hyderabad,2025-08-07,4,NetBanking,0.35,Dar*****@outlook.com,77******69,successful,279999.65,2025-08
179,565,Craig Moore,105,45000.0,Tv,Elec,offline,Mumbai,2025-08-08,3,Cash,0.2,Cra*****@gmail.com,99******11,successful,134999.8,2025-08
182,749,Linda Lara,109,65000.0,Refrigerator,Home,online,Mumbai,2025-04-21,4,Cash,0.1,Lin*****@outlook.com,74******01,successful,259999.9,2025-04
185,672,Austin Perez,106,80000.0,Sofa,Furniture,online,Delhi,2025-04-27,2,NetBanking,0.4,Aus*****@gmail.com,60******18,successful,159999.6,2025-04
186,545,Paul Howell,110,45000.0,Microwave,Home,offline,Hyderabad,2026-03-07,1,UPI,0.3,Pau*****@gmail.com,88******03,successful,44999.7,2026-03
187,996,Barbara Morris,101,250000.0,Laptop,Electronics,online,Hyderabad,2026-03-18,3,UPI,0.2,Bar*****@gmail.com,87******56,successful,749999.8,2026-03
188,200,Miguel Proctor,101,250000.0,Laptop,Electronics,offline,Delhi,2025-11-28,2,Cash,0.3,Mig*****@gmail.com,81******35,successful,499999.7,2025-11
189,585,Clifford Hayes,102,70000.0,Phone,Electronics,offline,Delhi,2025-06-29,4,NetBanking,0.25,Cli*****@gmail.com,65******42,successful,279999.75,2025-06
190,843,Chelsea Hester,102,70000.0,Phone,Electronics,online,Bangalore,2025-10-07,3,NetBanking,0.4,Che*****@gmail.com,81******61,successful,209999.6,2025-10
192,744,Ashley Hull,109,65000.0,Refrigerator,Home,offline,Chennai,2026-03-07,2,NetBanking,0.05,Ash*****@outlook.com,67******82,successful,129999.95,2026-03
193,243,Christian Martin,101,250000.0,Laptop,Electronics,offline,Delhi,2025-07-10,2,Card,0.1,Chr*****@yahoo.com,63******62,successful,499999.9,2025-07
194,56,Joshua Li,103,1300.0,Shirt,Clothing,offline,Bangalore,2025-10-26,5,UPI,0.3,Jos*****@gmail.com,70******90,successful,6499.7,2025-10
195,511,Eric Johnson,102,70000.0,Phone,Elec,online,Hyderabad,2026-12-02,5,Cash,0.1,Eri*****@gmail.com,85******34,successful,349999.9,2026-12
196,248,Anthony Henry,109,65000.0,Refrigerator,Home Appliances,offline,Hyderabad,2025-10-31,5,NetBanking,0.25,Ant*****@yahoo.com,70******30,successful,324999.75,2025-10
197,344,Brian Wells,101,250000.0,Laptop,Electronics,online,Chennai,2025-05-29,1,NetBanking,0.2,Bri*****@gmail.com,84******08,successful,249999.8,2025-05
198,263,Joshua Anderson,108,15000.0,Mixer Grinder,Home,offline,Hyderabad,2026-02-20,2,NetBanking,0.25,Jos*****@outlook.com,79******42,successful,29999.75,2026-02
199,628,Kelly Turner,102,70000.0,Phone,Electronics,offline,Chennai,2025-09-12,3,UPI,0.15,Kel*****@gmail.com,81******26,successful,209999.85,2025-09
200,76,Cindy Lewis,105,45000.0,Tv,Electronics,offline,Chennai,2025-04-27,1,Cash,0.4,Cin*****@outlook.com,66******66,successful,44999.6,2025-04
202,362,David Wells,108,,Mixer Grinder,Home Appliances,offline,Bangalore,2025-05-05,5,Cash,0.05,Dav*****@yahoo.com,76******22,successful,,2025-05
204,988,John Thomas,107,50000.0,Dining Table,Furniture,online,Delhi,2025-09-27,4,NetBanking,0.2,Joh*****@gmail.com,91******39,successful,199999.8,2025-09
205,288,Darren Parker,104,,Shoes,Cloth,online,Hyderabad,2025-08-06,3,NetBanking,0.25,Dar*****@outlook.com,77******69,successful,,2025-08
206,258,Larry Taylor,106,80000.0,Sofa,Furniture,offline,Chennai,2025-11-24,5,UPI,0.2,Lar*****@yahoo.com,98******95,successful,399999.8,2025-11
207,710,April Moore,108,15000.0,Mixer Grinder,Home Appliances,offline,Mumbai,2025-05-01,1,UPI,0.25,Apr*****@gmail.com,97******76,successful,14999.75,2025-05
208,91,Christopher Martin,101,250000.0,Laptop,Elec,online,Bangalore,2025-07-09,5,Cash,0.4,Chr*****@outlook.com,83******11,successful,1249999.6,2025-07
209,392,Jeffery Wallace,108,,Mixer Grinder,Home Appliances,offline,Hyderabad,2026-02-23,3,UPI,0.25,Jef*****@gmail.com,83******77,successful,,2026-02
212,247,David Cherry,101,250000.0,Laptop,Electronics,offline,Bangalore,2025-06-02,3,UPI,0.3,Dav*****@yahoo.com,62******39,successful,749999.7,2025-06
213,659,Jason Liu,110,45000.0,Microwave,Home,offline,Chennai,2025-11-13,3,NetBanking,0.25,Jas*****@outlook.com,88******92,successful,134999.75,2025-11
214,81,Michael Wagner,105,45000.0,Tv,Electronics,offline,Chennai,2025-07-13,5,UPI,0.15,Mic*****@yahoo.com,97******74,successful,224999.85,2025-07
216,796,Jasmine Lopez,110,45000.0,Microwave,Home Appliances,offline,Bangalore,2026-03-29,4,Cash,0.15,Jas*****@outlook.com,91******17,successful,179999.85,2026-03
217,763,David Howard,110,45000.0,Microwave,Home Appliances,offline,Delhi,2026-04-08,5,Cash,0.15,Dav*****@gmail.com,86******89,successful,224999.85,2026-04
218,774,Antonio Evans,101,250000.0,Laptop,Elec,offline,Hyderabad,2025-09-17,1,Cash,0.05,Ant*****@gmail.com,71******42,successful,249999.95,2025-09
219,560,Anthony Lawrence,102,70000.0,Phone,Electronics,offline,Hyderabad,2025-04-07,5,NetBanking,0.3,Ant*****@gmail.com,75******87,successful,349999.7,2025-04
220,107,Cory Tyler,105,45000.0,Tv,Elec,online,Chennai,2026-04-07,1,UPI,0.05,Cor*****@outlook.com,72******13,successful,44999.95,2026-04
222,953,Adam Taylor,103,1300.0,Shirt,Clothing,online,Bangalore,2025-07-20,2,UPI,0.25,Ada*****@gmail.com,91******91,successful,2599.75,2025-07
223,189,Melinda Rodriguez,108,15000.0,Mixer Grinder,Home,online,Chennai,2026-01-25,5,Cash,0.15,Mel*****@outlook.com,82******97,successful,74999.85,2026-01
224,682,Crystal Mccarthy,106,80000.0,Sofa,Furniture,online,Delhi,2025-07-03,5,Card,0.35,Cry*****@gmail.com,75******26,successful,399999.65,2025-07
225,987,Daniel Harper,110,,Microwave,Home Appliances,offline,Delhi,2025-09-22,5,NetBanking,0.3,Dan*****@outlook.com,61******59,successful,,2025-09
226,699,Kristin Hawkins,109,,Refrigerator,Home Appliances,online,Mumbai,2025-05-05,5,Cash,0.4,Kri*****@yahoo.com,62******16,successful,,2025-05
227,154,Michael Smith,104,8000.0,Shoes,Clothing,online,Chennai,2026-03-17,2,Card,0.05,Mic*****@yahoo.com,94******50,successful,15999.95,2026-03
228,911,Kelly Le,102,70000.0,Phone,Electronics,online,Delhi,2025-10-26,2,UPI,0.2,Kel*****@outlook.com,68******69,successful,139999.8,2025-10
229,207,Tonya Lopez,105,45000.0,Tv,Electronics,offline,Bangalore,2025-09-18,5,Card,0.15,Ton*****@gmail.com,80******19,successful,224999.85,2025-09
230,417,Kristina Lewis,110,45000.0,Microwave,Home Appliances,offline,Delhi,2025-06-27,1,Cash,0.25,Kri*****@gmail.com,78******32,successful,44999.75,2025-06
231,431,Tracie Kim,103,1300.0,Shirt,Cloth,online,Bangalore,2025-07-12,4,Cash,0.25,Tra*****@yahoo.com,83******30,successful,5199.75,2025-07
232,54,Jessica Hernandez,110,45000.0,Microwave,Home,offline,Hyderabad,2025-07-08,5,NetBanking,0.25,Jes*****@outlook.com,71******54,successful,224999.75,2025-07
235,597,Paul Foster,106,80000.0,Sofa,Furniture,offline,Bangalore,2025-08-03,1,Cash,0.1,Pau*****@gmail.com,86******74,successful,79999.9,2025-08
237,97,Joseph Nolan,105,45000.0,Tv,Electronics,offline,Bangalore,2026-01-22,5,Cash,0.05,Jos*****@outlook.com,95******93,successful,224999.95,2026-01
238,747,Laura Edwards,106,80000.0,Sofa,Furniture,offline,Bangalore,2026-04-14,2,NetBanking,0.2,Lau*****@yahoo.com,69******69,successful,159999.8,2026-04
240,14,Joseph Jones,108,,Mixer Grinder,Home,online,Hyderabad,2025-09-15,1,Cash,0.25,Jos*****@gmail.com,89******82,successful,,2025-09
241,305,Zachary Cabrera,107,50000.0,Dining Table,Furniture,online,Delhi,2025-07-08,4,Card,0.3,Zac*****@outlook.com,80******96,successful,199999.7,2025-07
243,827,Jonathan Sandoval,108,15000.0,Mixer Grinder,Home Appliances,online,Delhi,2026-04-15,5,NetBanking,0.25,Jon*****@yahoo.com,87******34,successful,74999.75,2026-04
244,556,Roger Guerrero,105,45000.0,Tv,Elec,offline,Mumbai,2026-02-13,2,Cash,0.35,Rog*****@yahoo.com,88******88,successful,89999.65,2026-02
246,114,Mark Baird,104,8000.0,Shoes,Clothing,online,Mumbai,2025-09-21,5,Cash,0.25,Mar*****@outlook.com,63******74,successful,39999.75,2025-09
247,876,David Whitaker,103,1300.0,Shirt,Clothing,online,Chennai,2026-01-17,3,Cash,0.25,Dav*****@gmail.com,90******57,successful,3899.75,2026-01
248,724,Kimberly Winters,101,250000.0,Laptop,Electronics,offline,Chennai,2026-03-21,1,Cash,0.4,Kim*****@gmail.com,84******93,successful,249999.6,2026-03
253,45,Tasha Baker,105,45000.0,Tv,Electronics,offline,Delhi,2025-08-27,3,Cash,0.2,Tas*****@gmail.com,75******43,successful,134999.8,2025-08
254,297,Susan Hill,106,80000.0,Sofa,Furniture,online,Delhi,2025-07-24,5,UPI,0.2,Sus*****@outlook.com,69******63,successful,399999.8,2025-07
256,900,Gary Phillips,106,80000.0,Sofa,Furn,online,Bangalore,2025-12-11,2,Cash,0.05,Gar*****@yahoo.com,87******46,successful,159999.95,2025-12
258,41,Brandon Robinson,109,65000.0,Refrigerator,Home Appliances,offline,Delhi,2026-01-16,3,UPI,0.1,Bra*****@outlook.com,60******06,successful,194999.9,2026-01
259,41,Brandon Robinson,106,,Sofa,Furniture,online,Delhi,2025-05-24,1,UPI,0.1,Bra*****@outlook.com,60******06,successful,,2025-05
261,425,Lindsay Buchanan,102,70000.0,Phone,Electronics,online,Hyderabad,2026-02-28,3,Card,0.25,Lin*****@outlook.com,83******79,successful,209999.75,2026-02
262,102,Jennifer Rodriguez,110,45000.0,Microwave,Home Appliances,online,Mumbai,2025-12-01,2,NetBanking,0.25,Jen*****@yahoo.com,74******88,successful,89999.75,2025-12
263,778,Angela Park,104,8000.0,Shoes,Cloth,offline,Mumbai,2025-12-19,2,Cash,0.25,Ang*****@outlook.com,73******96,successful,15999.75,2025-12
264,738,Brent Smith,104,,Shoes,Clothing,online,Chennai,2025-08-04,2,NetBanking,0.35,Bre*****@gmail.com,77******44,successful,,2025-08
265,217,Eric Cross,106,80000.0,Sofa,Furniture,online,Bangalore,2025-07-29,5,NetBanking,0.4,Eri*****@gmail.com,65******96,successful,399999.6,2025-07
266,688,Peter Chavez,106,80000.0,Sofa,Furniture,offline,Mumbai,2025-06-16,1,Cash,0.2,Pet*****@outlook.com,88******48,successful,79999.8,2025-06
268,869,Krystal Hudson,104,8000.0,Shoes,Clothing,online,Mumbai,2025-10-04,3,Cash,0.05,Kry*****@yahoo.com,96******79,successful,23999.95,2025-10
269,571,Frederick Stevenson,105,45000.0,Tv,Elec,offline,Chennai,2025-07-04,5,UPI,0.2,Fre*****@outlook.com,65******16,successful,224999.8,2025-07
270,150,Donald Bradley,109,65000.0,Refrigerator,Home Appliances,online,Mumbai,2026-05-04,4,Card,0.05,Don*****@gmail.com,63******20,successful,259999.95,2026-05
271,573,Erin Duncan,107,50000.0,Dining Table,Furniture,online,Chennai,2025-06-28,3,Cash,0.4,Eri*****@gmail.com,79******15,successful,149999.6,2025-06
273,297,Susan Hill,106,80000.0,Sofa,Furn,online,Delhi,2026-01-26,4,NetBanking,0.2,Sus*****@outlook.com,69******63,successful,319999.8,2026-01
274,835,Juan Watkins,101,250000.0,Laptop,Electronics,online,Delhi,2025-08-22,5,UPI,0.25,Jua*****@outlook.com,79******80,successful,1249999.75,2025-08
275,433,Gary Graham,103,1300.0,Shirt,Clothing,offline,Bangalore,2025-06-26,1,Cash,0.1,Gar*****@gmail.com,67******55,successful,1299.9,2025-06
277,667,Kelsey Mendoza,102,70000.0,Phone,Electronics,online,Bangalore,2025-12-05,1,NetBanking,0.25,Kel*****@outlook.com,75******12,successful,69999.75,2025-12
278,416,Katelyn Flores,106,80000.0,Sofa,Furn,online,Bangalore,2025-08-29,5,Cash,0.35,Kat*****@yahoo.com,73******50,successful,399999.65,2025-08
279,120,Michael Horton,106,80000.0,Sofa,Furn,online,Delhi,2025-11-21,4,UPI,0.1,Mic*****@gmail.com,74******29,successful,319999.9,2025-11
280,929,Charles Key,108,15000.0,Mixer Grinder,Home Appliances,offline,Delhi,2025-06-18,5,Cash,0.4,Cha*****@gmail.com,73******46,successful,74999.6,2025-06
281,967,Brittany Bush,109,65000.0,Refrigerator,Home Appliances,online,Hyderabad,2025-11-22,2,UPI,0.25,Bri*****@yahoo.com,88******54,successful,129999.75,2025-11
282,341,Cory Alvarado,106,80000.0,Sofa,Furn,online,Mumbai,2025-08-12,1,NetBanking,0.05,Cor*****@outlook.com,76******55,successful,79999.95,2025-08
283,477,Willie Mata,105,45000.0,Tv,Electronics,online,Hyderabad,2025-10-23,3,UPI,0.3,Wil*****@outlook.com,86******29,successful,134999.7,2025-10
284,769,April Sutton,110,45000.0,Microwave,Home,online,Bangalore,2025-07-11,5,NetBanking,0.25,Apr*****@gmail.com,70******41,successful,224999.75,2025-07
285,398,Michele Sanchez,103,1300.0,Shirt,Clothing,offline,Bangalore,2025-04-19,1,Card,0.15,Mic*****@outlook.com,60******61,successful,1299.85,2025-04
286,736,Lisa Lee,106,80000.0,Sofa,Furn,offline,Delhi,2026-01-02,4,Cash,0.1,Lis*****@gmail.com,70******21,successful,319999.9,2026-01
287,630,Charles Thompson,107,50000.0,Dining Table,Furniture,offline,Hyderabad,2025-06-06,5,UPI,0.25,Cha*****@gmail.com,94******82,successful,249999.75,2025-06
288,252,Shannon Dennis,107,50000.0,Dining Table,Furniture,offline,Hyderabad,2026-08-01,3,Cash,0.35,Sha*****@gmail.com,62******31,successful,149999.65,2026-08
289,694,Lori Barrera,106,80000.0,Sofa,Furn,offline,Hyderabad,2025-11-05,4,Card,0.35,Lor*****@gmail.com,95******73,successful,319999.65,2025-11
290,165,Rebecca Hays,103,1300.0,Shirt,Cloth,offline,Hyderabad,2026-04-04,1,Card,0.4,Reb*****@outlook.com,93******79,successful,1299.6,2026-04
291,961,Derek Hall,106,80000.0,Sofa,Furniture,online,Hyderabad,2026-02-12,1,Card,0.25,Der*****@gmail.com,74******75,successful,79999.75,2026-02
293,291,Jerry Freeman,101,250000.0,Laptop,Electronics,offline,Mumbai,2025-05-10,1,UPI,0.35,Jer*****@gmail.com,81******01,successful,249999.65,2025-05
294,159,Patrick Lucas,106,80000.0,Sofa,Furniture,offline,Delhi,2025-05-11,5,UPI,0.2,Pat*****@gmail.com,76******39,successful,399999.8,2025-05
295,296,Katherine Frazier,107,50000.0,Dining Table,Furniture,offline,Bangalore,2026-02-05,4,UPI,0.4,Kat*****@yahoo.com,72******97,successful,199999.6,2026-02
296,636,Christopher Clark,106,80000.0,Sofa,Furn,offline,Mumbai,2025-12-09,3,Card,0.35,Chr*****@gmail.com,76******66,successful,239999.65,2025-12
298,435,Wendy Robinson,109,65000.0,Refrigerator,Home Appliances,offline,Delhi,2025-06-15,3,NetBanking,0.4,Wen*****@gmail.com,78******54,successful,194999.6,2025-06
299,346,Erin Frye,110,45000.0,Microwave,Home,offline,Bangalore,2025-01-10,4,UPI,0.3,Eri*****@yahoo.com,62******11,successful,179999.7,2025-01
300,820,Mary Goodwin,102,,Phone,Electronics,online,Delhi,2026-02-07,1,Card,0.15,Mar*****@yahoo.com,85******01,successful,,2026-02
301,204,Kevin Osborne,108,15000.0,Mixer Grinder,Home,online,Chennai,2025-06-23,5,Card,0.2,Kev*****@gmail.com,62******34,successful,74999.8,2025-06
303,891,Natalie Hammond,102,70000.0,Phone,Electronics,offline,Hyderabad,2025-12-07,5,Card,0.2,Nat*****@yahoo.com,70******43,successful,349999.8,2025-12
304,21,Andrea Ford,109,,Refrigerator,Home Appliances,offline,Hyderabad,2026-01-12,4,Cash,0.1,And*****@yahoo.com,65******11,successful,,2026-01
305,313,Mary Lowe,104,8000.0,Shoes,Clothing,offline,Delhi,2025-10-31,3,Cash,0.4,Mar*****@outlook.com,66******40,successful,23999.6,2025-10
307,264,Kelli Johnson,103,,Shirt,Clothing,offline,Bangalore,2025-07-22,5,UPI,0.2,Kel*****@gmail.com,98******31,successful,,2025-07
308,4,Kelly Brown,103,1300.0,Shirt,Clothing,offline,Chennai,2025-06-14,1,Card,0.25,Kel*****@gmail.com,68******99,successful,1299.75,2025-06
309,360,Lindsey Yang,104,8000.0,Shoes,Cloth,offline,Hyderabad,2025-04-30,2,UPI,0.25,Lin*****@gmail.com,98******92,successful,15999.75,2025-04
313,520,Holly Jackson,101,250000.0,Laptop,Elec,online,Mumbai,2025-06-12,4,Cash,0.4,Hol*****@outlook.com,80******36,successful,999999.6,2025-06
315,762,Linda Webb,108,15000.0,Mixer Grinder,Home,offline,Mumbai,2025-09-05,3,UPI,0.05,Lin*****@yahoo.com,70******08,successful,44999.95,2025-09
316,640,Carrie Jacobson,101,250000.0,Laptop,Electronics,offline,Bangalore,2025-10-11,2,UPI,0.3,Car*****@outlook.com,72******07,successful,499999.7,2025-10
317,848,Eric Phillips,101,250000.0,Laptop,Electronics,online,Hyderabad,2025-10-28,1,UPI,0.25,Eri*****@gmail.com,76******13,successful,249999.75,2025-10
318,472,Christian Jennings,105,45000.0,Tv,Elec,online,Chennai,2025-12-04,1,Cash,0.25,Chr*****@outlook.com,67******40,successful,44999.75,2025-12
319,90,Joe Gillespie,107,50000.0,Dining Table,Furniture,online,Chennai,2025-04-11,5,Card,0.35,Joe*****@gmail.com,63******92,successful,249999.65,2025-04
321,718,Rebecca Mills,108,15000.0,Mixer Grinder,Home Appliances,online,Delhi,2025-06-13,1,Cash,0.35,Reb*****@outlook.com,93******68,successful,14999.65,2025-06
323,138,Andrea Olson,103,1300.0,Shirt,Clothing,online,Bangalore,2026-03-31,4,NetBanking,0.05,And*****@gmail.com,60******68,successful,5199.95,2026-03
325,176,Robin Scott,102,70000.0,Phone,Electronics,offline,Chennai,2025-11-16,5,Card,0.2,Rob*****@outlook.com,61******05,successful,349999.8,2025-11
326,805,Latoya Baker,102,70000.0,Phone,Electronics,online,Delhi,2025-08-12,5,NetBanking,0.35,Lat*****@gmail.com,73******40,successful,349999.65,2025-08
327,599,David Johnson,101,250000.0,Laptop,Electronics,offline,Mumbai,2025-11-26,1,UPI,0.25,Dav*****@gmail.com,74******74,successful,249999.75,2025-11
328,771,Matthew Greer,105,45000.0,Tv,Electronics,offline,Bangalore,2025-03-07,4,UPI,0.15,Mat*****@yahoo.com,82******12,successful,179999.85,2025-03
329,960,Michaela Brown,104,8000.0,Shoes,Cloth,online,Delhi,2025-12-26,1,Cash,0.4,Mic*****@yahoo.com,98******42,successful,7999.6,2025-12
330,6,Eric Turner,105,45000.0,Tv,Electronics,online,Hyderabad,2025-04-26,5,NetBanking,0.1,Eri*****@outlook.com,77******82,successful,224999.9,2025-04
331,381,Melissa Garza,103,1300.0,Shirt,Clothing,online,Hyderabad,2025-09-09,1,Card,0.3,Mel*****@gmail.com,69******06,successful,1299.7,2025-09
332,970,William Freeman,101,250000.0,Laptop,Electronics,online,Delhi,2025-10-08,3,UPI,0.4,Wil*****@gmail.com,71******42,successful,749999.6,2025-10
333,220,Maria Walker,104,8000.0,Shoes,Clothing,online,Bangalore,2025-05-20,1,UPI,0.05,Mar*****@gmail.com,73******10,successful,7999.95,2025-05
334,55,Patrick Velez,104,8000.0,Shoes,Clothing,offline,Bangalore,2025-10-09,3,Card,0.3,Pat*****@gmail.com,61******85,successful,23999.7,2025-10
335,524,Derek Garza,110,45000.0,Microwave,Home,offline,Mumbai,2025-12-27,2,Cash,0.05,Der*****@outlook.com,97******88,successful,89999.95,2025-12
336,690,Cynthia Palmer,105,45000.0,Tv,Electronics,offline,Delhi,2025-12-26,3,UPI,0.3,Cyn*****@gmail.com,72******21,successful,134999.7,2025-12
337,393,Shannon Alvarez,104,,Shoes,Clothing,online,Mumbai,2025-12-03,5,NetBanking,0.15,Sha*****@gmail.com,95******30,successful,,2025-12
338,652,Charles Fleming,109,65000.0,Refrigerator,Home,offline,Delhi,2025-10-10,4,Cash,0.1,Cha*****@yahoo.com,73******99,successful,259999.9,2025-10
340,335,Jacob Evans,105,45000.0,Tv,Elec,offline,Mumbai,2025-08-19,5,UPI,0.4,Jac*****@yahoo.com,64******10,successful,224999.6,2025-08
341,471,Jamie Kelly,101,250000.0,Laptop,Electronics,online,Chennai,2026-03-03,5,Cash,0.25,Jam*****@gmail.com,65******15,successful,1249999.75,2026-03
342,823,Brandon Bennett,109,65000.0,Refrigerator,Home,online,Bangalore,2026-03-29,1,NetBanking,0.3,Bra*****@gmail.com,83******17,successful,64999.7,2026-03
343,340,Paul Smith,110,45000.0,Microwave,Home Appliances,offline,Chennai,2025-11-11,2,UPI,0.15,Pau*****@yahoo.com,72******50,successful,89999.85,2025-11
344,596,Douglas Johnson,104,8000.0,Shoes,Cloth,offline,Chennai,2025-11-19,2,Card,0.2,Dou*****@gmail.com,85******50,successful,15999.8,2025-11
345,941,Chelsea Wallace,107,50000.0,Dining Table,Furn,offline,Bangalore,2025-08-23,3,Cash,0.4,Che*****@outlook.com,96******36,successful,149999.6,2025-08
346,183,Paul Gomez,107,50000.0,Dining Table,Furniture,offline,Hyderabad,2025-11-20,3,Card,0.2,Pau*****@yahoo.com,88******50,successful,149999.8,2025-11
348,436,Jesse Conway,101,250000.0,Laptop,Elec,offline,Hyderabad,2025-10-31,4,NetBanking,0.35,Jes*****@gmail.com,85******81,successful,999999.65,2025-10
350,921,Jessica Taylor,110,45000.0,Microwave,Home Appliances,online,Mumbai,2026-04-07,5,NetBanking,0.15,Jes*****@outlook.com,97******82,successful,224999.85,2026-04
351,252,Shannon Dennis,109,65000.0,Refrigerator,Home Appliances,online,Hyderabad,2026-04-09,2,Cash,0.25,Sha*****@gmail.com,62******31,successful,129999.75,2026-04
352,991,Darlene Chapman,105,45000.0,Tv,Electronics,online,Hyderabad,2025-06-24,3,NetBanking,0.25,Dar*****@gmail.com,81******95,successful,134999.75,2025-06
353,775,Roy Chavez,108,15000.0,Mixer Grinder,Home Appliances,offline,Chennai,2026-05-02,3,Card,0.15,Roy*****@gmail.com,75******10,successful,44999.85,2026-05
354,746,James Meyer,102,70000.0,Phone,Elec,online,Bangalore,2025-08-18,4,Cash,0.1,Jam*****@outlook.com,77******57,successful,279999.9,2025-08
355,347,David Medina,104,,Shoes,Clothing,online,Delhi,2026-04-16,2,NetBanking,0.4,Dav*****@outlook.com,91******89,successful,,2026-04
356,155,James Fleming,103,1300.0,Shirt,Clothing,online,Hyderabad,2026-06-03,5,Cash,0.05,Jam*****@gmail.com,60******86,successful,6499.95,2026-06
358,157,Diana Grant,104,8000.0,Shoes,Cloth,online,Bangalore,2025-09-08,1,Cash,0.1,Dia*****@yahoo.com,91******09,successful,7999.9,2025-09
359,263,Joshua Anderson,108,15000.0,Mixer Grinder,Home Appliances,online,Hyderabad,2025-08-17,4,Cash,0.15,Jos*****@outlook.com,79******42,successful,59999.85,2025-08
360,311,Juan Murphy,102,70000.0,Phone,Elec,online,Bangalore,2025-10-24,5,NetBanking,0.4,Jua*****@yahoo.com,74******60,successful,349999.6,2025-10
361,916,Betty Mcdaniel,108,15000.0,Mixer Grinder,Home Appliances,online,Chennai,2025-06-12,5,Cash,0.2,Bet*****@yahoo.com,73******68,successful,74999.8,2025-06
363,329,William Jackson,108,15000.0,Mixer Grinder,Home,online,Mumbai,2025-09-09,4,NetBanking,0.15,Wil*****@outlook.com,78******06,successful,59999.85,2025-09
364,411,Robin Hernandez,108,15000.0,Mixer Grinder,Home Appliances,online,Hyderabad,2025-05-25,3,NetBanking,0.05,Rob*****@yahoo.com,64******06,successful,44999.95,2025-05
367,749,Linda Lara,104,8000.0,Shoes,Clothing,offline,Mumbai,2025-05-19,5,NetBanking,0.15,Lin*****@outlook.com,74******01,successful,39999.85,2025-05
368,129,Thomas Wells,103,1300.0,Shirt,Clothing,online,Bangalore,2025-10-02,3,UPI,0.25,Tho*****@outlook.com,94******86,successful,3899.75,2025-10
369,64,Sheri Osborne,101,250000.0,Laptop,Electronics,offline,Mumbai,2025-06-11,5,NetBanking,0.3,She*****@gmail.com,75******75,successful,1249999.7,2025-06
370,807,Steven Li,102,,Phone,Elec,online,Mumbai,2026-08-01,3,NetBanking,0.15,Ste*****@outlook.com,69******30,successful,,2026-08
371,561,Allison Lee,107,50000.0,Dining Table,Furniture,offline,Mumbai,2025-05-15,2,Card,0.4,All*****@gmail.com,83******75,successful,99999.6,2025-05
372,650,Michael Haynes,104,8000.0,Shoes,Clothing,online,Hyderabad,2025-03-09,4,NetBanking,0.15,Mic*****@yahoo.com,60******33,successful,31999.85,2025-03
373,553,Veronica Davis,103,1300.0,Shirt,Clothing,offline,Mumbai,2026-04-03,1,Cash,0.15,Ver*****@gmail.com,96******72,successful,1299.85,2026-04
375,940,Nicole Briggs,104,8000.0,Shoes,Cloth,online,Chennai,2025-05-25,4,UPI,0.15,Nic*****@gmail.com,66******93,successful,31999.85,2025-05
376,687,Robert Estrada,104,8000.0,Shoes,Cloth,offline,Hyderabad,2025-01-11,4,Card,0.35,Rob*****@yahoo.com,86******73,successful,31999.65,2025-01
377,617,Patrick Rodriguez,108,15000.0,Mixer Grinder,Home Appliances,offline,Delhi,2026-02-28,1,UPI,0.3,Pat*****@yahoo.com,73******34,successful,14999.7,2026-02
378,915,Meagan Valdez,101,250000.0,Laptop,Electronics,offline,Delhi,2026-04-02,3,Cash,0.15,Mea*****@outlook.com,63******13,successful,749999.85,2026-04
379,629,Alec Kelly,101,250000.0,Laptop,Electronics,online,Delhi,2026-03-26,4,UPI,0.1,Ale*****@outlook.com,89******75,successful,999999.9,2026-03
380,417,Kristina Lewis,104,8000.0,Shoes,Clothing,online,Delhi,2026-01-27,3,UPI,0.05,Kri*****@gmail.com,78******32,successful,23999.95,2026-01
381,263,Joshua Anderson,110,45000.0,Microwave,Home Appliances,online,Hyderabad,2026-02-21,1,NetBanking,0.15,Jos*****@outlook.com,79******42,successful,44999.85,2026-02
382,538,Haley Henderson,104,,Shoes,Clothing,offline,Bangalore,2025-08-07,3,NetBanking,0.2,Hal*****@outlook.com,71******76,successful,,2025-08
383,955,Jake Davis,106,80000.0,Sofa,Furniture,offline,Bangalore,2025-12-01,4,Cash,0.1,Jak*****@yahoo.com,70******20,successful,319999.9,2025-12
384,158,Tiffany Mitchell,109,65000.0,Refrigerator,Home Appliances,offline,Delhi,2025-11-20,1,NetBanking,0.3,Tif*****@gmail.com,79******16,successful,64999.7,2025-11
385,550,Raymond Martinez,106,80000.0,Sofa,Furniture,online,Chennai,2026-03-03,2,NetBanking,0.2,Ray*****@gmail.com,71******50,successful,159999.8,2026-03
386,10,Tracy Olson,108,15000.0,Mixer Grinder,Home Appliances,offline,Delhi,2026-08-02,4,NetBanking,0.1,Tra*****@yahoo.com,69******98,successful,59999.9,2026-08
387,808,Brandon Hicks,109,65000.0,Refrigerator,Home,offline,Mumbai,2025-05-04,2,UPI,0.05,Bra*****@yahoo.com,66******49,successful,129999.95,2025-05
388,599,David Johnson,101,250000.0,Laptop,Electronics,online,Mumbai,2025-06-10,1,Cash,0.05,Dav*****@gmail.com,74******74,successful,249999.95,2025-06
390,926,Lisa Reynolds,102,70000.0,Phone,Electronics,offline,Hyderabad,2025-11-30,4,Card,0.05,Lis*****@gmail.com,89******40,successful,279999.95,2025-11
392,667,Kelsey Mendoza,105,,Tv,Elec,offline,Bangalore,2026-01-02,3,NetBanking,0.15,Kel*****@outlook.com,75******12,successful,,2026-01
393,945,Misty Parker,102,70000.0,Phone,Electronics,offline,Hyderabad,2026-04-02,2,Cash,0.25,Mis*****@gmail.com,60******45,successful,139999.75,2026-04
395,195,Janice Berry,103,1300.0,Shirt,Clothing,offline,Bangalore,2026-03-07,1,Cash,0.2,Jan*****@yahoo.com,91******00,successful,1299.8,2026-03
396,81,Michael Wagner,109,65000.0,Refrigerator,Home Appliances,offline,Chennai,2025-08-09,1,NetBanking,0.3,Mic*****@yahoo.com,97******74,successful,64999.7,2025-08
398,953,Adam Taylor,101,250000.0,Laptop,Electronics,offline,Bangalore,2025-06-19,2,Cash,0.2,Ada*****@gmail.com,91******91,successful,499999.8,2025-06
400,992,William Rose,108,15000.0,Mixer Grinder,Home Appliances,online,Hyderabad,2026-01-26,5,UPI,0.2,Wil*****@gmail.com,69******06,successful,74999.8,2026-01
402,222,Emily Hernandez,102,70000.0,Phone,Electronics,offline,Delhi,2025-12-11,2,NetBanking,0.4,Emi*****@gmail.com,89******56,successful,139999.6,2025-12
403,122,Sara Chen,105,45000.0,Tv,Elec,offline,Delhi,2025-12-24,1,Card,0.25,Sar*****@yahoo.com,69******25,successful,44999.75,2025-12
404,458,Jared Lane,102,70000.0,Phone,Elec,offline,Hyderabad,2025-05-04,5,Card,0.25,Jar*****@gmail.com,74******58,successful,349999.75,2025-05
406,53,John Bridges,107,50000.0,Dining Table,Furniture,offline,Hyderabad,2025-07-14,1,Card,0.1,Joh*****@outlook.com,98******17,successful,49999.9,2025-07
407,177,Barbara Weber,107,50000.0,Dining Table,Furniture,offline,Chennai,2026-01-09,5,Cash,0.35,Bar*****@gmail.com,62******42,successful,249999.65,2026-01
408,666,Emily Griffith,106,80000.0,Sofa,Furniture,online,Mumbai,2025-06-05,1,UPI,0.05,Emi*****@gmail.com,94******80,successful,79999.95,2025-06
409,566,Tina Chung,108,15000.0,Mixer Grinder,Home Appliances,offline,Mumbai,2025-06-12,3,UPI,0.15,Tin*****@gmail.com,67******11,successful,44999.85,2025-06
410,381,Melissa Garza,107,50000.0,Dining Table,Furniture,online,Hyderabad,2025-06-17,5,Card,0.3,Mel*****@gmail.com,69******06,successful,249999.7,2025-06
411,144,Amber Boyd,109,65000.0,Refrigerator,Home Appliances,online,Mumbai,2025-08-17,5,Card,0.15,Amb*****@gmail.com,91******81,successful,324999.85,2025-08
414,206,Kevin Cox,105,45000.0,Tv,Elec,online,Chennai,2025-08-11,4,NetBanking,0.05,Kev*****@outlook.com,93******08,successful,179999.95,2025-08
416,9,Dillon Harris,105,45000.0,Tv,Electronics,offline,Mumbai,2026-09-02,1,UPI,0.35,Dil*****@gmail.com,84******06,successful,44999.65,2026-09
417,650,Michael Haynes,102,70000.0,Phone,Electronics,online,Hyderabad,2025-10-03,5,Card,0.1,Mic*****@yahoo.com,60******33,successful,349999.9,2025-10
418,386,Brittney Moreno,102,70000.0,Phone,Electronics,offline,Chennai,2025-11-10,4,Cash,0.1,Bri*****@yahoo.com,95******69,successful,279999.9,2025-11
419,527,Terri Williams,110,45000.0,Microwave,Home,offline,Delhi,2026-01-27,5,Cash,0.05,Ter*****@outlook.com,77******62,successful,224999.95,2026-01
420,377,Michael Black,108,15000.0,Mixer Grinder,Home Appliances,online,Mumbai,2025-06-04,4,UPI,0.25,Mic*****@gmail.com,60******02,successful,59999.75,2025-06
421,527,Terri Williams,109,,Refrigerator,Home Appliances,offline,Delhi,2025-10-27,2,Cash,0.25,Ter*****@outlook.com,77******62,successful,,2025-10
422,762,Linda Webb,105,45000.0,Tv,Electronics,offline,Mumbai,2025-09-18,3,UPI,0.35,Lin*****@yahoo.com,70******08,successful,134999.65,2025-09
423,770,Paul Jarvis,102,70000.0,Phone,Elec,offline,Mumbai,2026-03-15,1,UPI,0.25,Pau*****@gmail.com,96******27,successful,69999.75,2026-03
424,598,Earl Park,108,15000.0,Mixer Grinder,Home,offline,Hyderabad,2026-02-02,1,UPI,0.35,Ear*****@gmail.com,62******55,successful,14999.65,2026-02
425,776,Erica Moore,107,50000.0,Dining Table,Furn,offline,Chennai,2026-04-09,3,UPI,0.4,Eri*****@gmail.com,77******31,successful,149999.6,2026-04
426,630,Charles Thompson,102,,Phone,Electronics,offline,Hyderabad,2025-12-28,4,NetBanking,0.3,Cha*****@gmail.com,94******82,successful,,2025-12
428,145,Michael Hendrix,101,250000.0,Laptop,Electronics,offline,Delhi,2025-10-11,3,Card,0.25,Mic*****@outlook.com,69******96,successful,749999.75,2025-10
429,217,Eric Cross,101,250000.0,Laptop,Electronics,online,Bangalore,2025-05-14,2,UPI,0.3,Eri*****@gmail.com,65******96,successful,499999.7,2025-05
431,464,Gail Wilson,101,250000.0,Laptop,Electronics,online,Mumbai,2026-02-01,1,Card,0.2,Gai*****@outlook.com,77******38,successful,249999.8,2026-02
432,833,Shawn Cooper,107,50000.0,Dining Table,Furniture,online,Chennai,2025-09-23,2,NetBanking,0.3,Sha*****@gmail.com,68******09,successful,99999.7,2025-09
433,554,Jason Myers,107,50000.0,Dining Table,Furniture,online,Bangalore,2026-01-01,3,NetBanking,0.05,Jas*****@gmail.com,71******40,successful,149999.95,2026-01
434,597,Paul Foster,107,50000.0,Dining Table,Furniture,offline,Bangalore,2025-09-11,3,UPI,0.25,Pau*****@gmail.com,86******74,successful,149999.75,2025-09
435,291,Jerry Freeman,102,70000.0,Phone,Electronics,online,Mumbai,2026-11-01,2,Cash,0.05,Jer*****@gmail.com,81******01,successful,139999.95,2026-11
436,639,James Blankenship,101,250000.0,Laptop,Electronics,online,Bangalore,2025-09-07,1,NetBanking,0.25,Jam*****@gmail.com,88******94,successful,249999.75,2025-09
437,82,Brittney Watkins,105,45000.0,Tv,Electronics,online,Hyderabad,2025-08-08,1,Cash,0.35,Bri*****@outlook.com,81******67,successful,44999.65,2025-08
438,504,Victor Hendricks,109,65000.0,Refrigerator,Home,offline,Mumbai,2025-08-05,5,Card,0.05,Vic*****@gmail.com,65******07,successful,324999.95,2025-08
439,677,Mario Evans,109,65000.0,Refrigerator,Home Appliances,offline,Mumbai,2025-06-14,4,UPI,0.4,Mar*****@yahoo.com,70******25,successful,259999.6,2025-06
440,445,Steven Byrd,110,45000.0,Microwave,Home,online,Chennai,2026-01-01,5,Cash,0.05,Ste*****@gmail.com,65******24,successful,224999.95,2026-01
442,65,Sarah Jackson,108,15000.0,Mixer Grinder,Home Appliances,offline,Mumbai,2025-12-08,3,Card,0.2,Sar*****@gmail.com,75******07,successful,44999.8,2025-12
443,20,John Marshall,103,1300.0,Shirt,Clothing,offline,Chennai,2026-01-01,5,UPI,0.05,Joh*****@yahoo.com,72******16,successful,6499.95,2026-01
444,905,Katie George,104,8000.0,Shoes,Clothing,online,Hyderabad,2025-07-08,3,UPI,0.15,Kat*****@gmail.com,69******52,successful,23999.85,2025-07
445,68,Stephanie Scott,106,80000.0,Sofa,Furn,online,Chennai,2025-11-16,2,Card,0.4,Ste*****@gmail.com,95******89,successful,159999.6,2025-11
448,364,Kelly Graves,108,15000.0,Mixer Grinder,Home,offline,Bangalore,2026-01-28,1,Card,0.3,Kel*****@gmail.com,62******43,successful,14999.7,2026-01
449,939,Megan Tran,109,65000.0,Refrigerator,Home Appliances,online,Hyderabad,2025-08-10,4,Cash,0.3,Meg*****@outlook.com,85******84,successful,259999.7,2025-08
450,76,Cindy Lewis,105,45000.0,Tv,Electronics,online,Chennai,2025-09-17,2,NetBanking,0.1,Cin*****@outlook.com,66******66,successful,89999.9,2025-09
451,191,Megan Nguyen,105,45000.0,Tv,Electronics,offline,Bangalore,2026-01-24,3,UPI,0.4,Meg*****@gmail.com,67******88,successful,134999.6,2026-01
452,215,Crystal Aguilar,103,1300.0,Shirt,Clothing,offline,Mumbai,2025-03-07,4,Card,0.15,Cry*****@gmail.com,61******10,successful,5199.85,2025-03
453,382,Billy Ramirez,108,15000.0,Mixer Grinder,Home Appliances,offline,Mumbai,2025-09-06,1,Card,0.25,Bil*****@gmail.com,97******85,successful,14999.75,2025-09
454,185,Sarah Cohen,108,15000.0,Mixer Grinder,Home Appliances,offline,Mumbai,2026-01-01,1,NetBanking,0.3,Sar*****@outlook.com,88******28,successful,14999.7,2026-01
455,516,Brittany Roberts,108,15000.0,Mixer Grinder,Home Appliances,online,Hyderabad,2025-11-03,4,Cash,0.05,Bri*****@outlook.com,84******57,successful,59999.95,2025-11
456,622,Hannah Bell,108,15000.0,Mixer Grinder,Home Appliances,online,Chennai,2025-09-11,3,UPI,0.05,Han*****@yahoo.com,63******23,successful,44999.95,2025-09
457,985,Lindsey Rivas,104,8000.0,Shoes,Cloth,offline,Bangalore,2025-09-13,3,UPI,0.3,Lin*****@yahoo.com,84******56,successful,23999.7,2025-09
458,574,Carl Barrera,106,80000.0,Sofa,Furn,offline,Bangalore,2026-02-20,2,Cash,0.3,Car*****@outlook.com,62******75,successful,159999.7,2026-02
459,31,Lisa Velazquez,102,70000.0,Phone,Electronics,offline,Bangalore,2025-03-08,5,Card,0.35,Lis*****@yahoo.com,75******35,successful,349999.65,2025-03
460,900,Gary Phillips,103,1300.0,Shirt,Cloth,online,Bangalore,2025-06-10,1,Card,0.15,Gar*****@yahoo.com,87******46,successful,1299.85,2025-06
461,196,Mary Hicks,101,,Laptop,Electronics,offline,Chennai,2026-04-05,5,Card,0.3,Mar*****@gmail.com,78******72,successful,,2026-04
462,116,Doris Banks,102,70000.0,Phone,Electronics,offline,Delhi,2025-09-17,2,Card,0.25,Dor*****@yahoo.com,93******06,successful,139999.75,2025-09
463,121,Deborah Vang,105,45000.0,Tv,Electronics,offline,Delhi,2025-10-25,2,Cash,0.35,Deb*****@gmail.com,82******07,successful,89999.65,2025-10
465,425,Lindsay Buchanan,102,70000.0,Phone,Elec,online,Hyderabad,2025-08-13,5,Cash,0.05,Lin*****@outlook.com,83******79,successful,349999.95,2025-08
466,97,Joseph Nolan,109,65000.0,Refrigerator,Home,offline,Bangalore,2025-08-04,5,Cash,0.4,Jos*****@outlook.com,95******93,successful,324999.6,2025-08
467,375,Jessica Harrell,101,250000.0,Laptop,Electronics,online,Chennai,2025-08-27,2,NetBanking,0.3,Jes*****@gmail.com,61******67,successful,499999.7,2025-08
469,902,Logan Reyes,106,80000.0,Sofa,Furniture,online,Mumbai,2025-11-15,1,NetBanking,0.4,Log*****@outlook.com,92******31,successful,79999.6,2025-11
470,482,Nathaniel Montes,109,,Refrigerator,Home Appliances,online,Chennai,2025-07-04,4,Cash,0.05,Nat*****@gmail.com,77******12,successful,,2025-07
471,548,Jesse King,106,80000.0,Sofa,Furn,online,Mumbai,2026-04-03,1,UPI,0.15,Jes*****@outlook.com,81******75,successful,79999.85,2026-04
474,633,Julie Jackson,103,1300.0,Shirt,Clothing,online,Delhi,2025-08-01,5,Cash,0.05,Jul*****@gmail.com,71******01,successful,6499.95,2025-08
475,666,Emily Griffith,105,,Tv,Electronics,online,Mumbai,2026-01-17,3,Cash,0.05,Emi*****@gmail.com,94******80,successful,,2026-01
476,351,Brandi Meyer,102,70000.0,Phone,Electronics,online,Bangalore,2025-04-11,2,UPI,0.4,Bra*****@gmail.com,93******43,successful,139999.6,2025-04
477,305,Zachary Cabrera,101,250000.0,Laptop,Elec,offline,Delhi,2025-04-24,1,Cash,0.35,Zac*****@outlook.com,80******96,successful,249999.65,2025-04
478,182,Kathleen Castro,108,15000.0,Mixer Grinder,Home,offline,Hyderabad,2025-04-22,2,NetBanking,0.25,Kat*****@outlook.com,88******67,successful,29999.75,2025-04
479,181,Maria Robinson,109,,Refrigerator,Home Appliances,offline,Delhi,2026-04-04,5,Card,0.05,Mar*****@gmail.com,87******17,successful,,2026-04
480,15,Robin Ray,101,250000.0,Laptop,Electronics,online,Chennai,2025-12-07,2,Card,0.05,Rob*****@outlook.com,66******48,successful,499999.95,2025-12
481,724,Kimberly Winters,108,15000.0,Mixer Grinder,Home Appliances,offline,Chennai,2025-06-26,5,Cash,0.25,Kim*****@gmail.com,84******93,successful,74999.75,2025-06
482,246,Franklin Carlson,101,250000.0,Laptop,Elec,online,Delhi,2025-12-25,4,Card,0.2,Fra*****@yahoo.com,81******77,successful,999999.8,2025-12
483,853,James Guerrero,109,65000.0,Refrigerator,Home Appliances,online,Mumbai,2026-08-04,4,UPI,0.25,Jam*****@gmail.com,68******49,successful,259999.75,2026-08
484,45,Tasha Baker,103,1300.0,Shirt,Clothing,offline,Delhi,2025-05-01,4,NetBanking,0.05,Tas*****@gmail.com,75******43,successful,5199.95,2025-05
485,208,Matthew Berry,102,70000.0,Phone,Electronics,online,Hyderabad,2025-08-04,1,Card,0.3,Mat*****@gmail.com,88******27,successful,69999.7,2025-08
487,272,Gary Gilbert,105,45000.0,Tv,Elec,offline,Delhi,2025-09-19,5,Cash,0.35,Gar*****@gmail.com,85******25,successful,224999.65,2025-09
488,112,Bill Maldonado,109,65000.0,Refrigerator,Home Appliances,online,Mumbai,2026-03-07,1,Card,0.05,Bil*****@gmail.com,97******30,successful,64999.95,2026-03
491,62,Sarah Park,102,70000.0,Phone,Electronics,offline,Delhi,2026-01-17,3,UPI,0.3,Sar*****@gmail.com,66******51,successful,209999.7,2026-01
492,741,Carla Spencer,103,1300.0,Shirt,Cloth,offline,Hyderabad,2025-06-05,2,Cash,0.25,Car*****@yahoo.com,86******02,successful,2599.75,2025-06
493,840,Veronica Ashley,104,8000.0,Shoes,Clothing,online,Delhi,2025-08-22,1,Card,0.15,Ver*****@gmail.com,82******30,successful,7999.85,2025-08
495,293,Luke Cummings,106,80000.0,Sofa,Furniture,online,Hyderabad,2025-06-08,2,Card,0.1,Luk*****@gmail.com,88******61,successful,159999.9,2025-06
497,118,Tammy Harding,107,50000.0,Dining Table,Furniture,online,Mumbai,2025-05-27,4,NetBanking,0.2,Tam*****@gmail.com,87******33,successful,199999.8,2025-05
498,165,Rebecca Hays,110,45000.0,Microwave,Home Appliances,online,Hyderabad,2026-02-02,3,Card,0.2,Reb*****@outlook.com,93******79,successful,134999.8,2026-02
499,396,Connie Edwards,109,65000.0,Refrigerator,Home Appliances,online,Hyderabad,2025-04-09,2,NetBanking,0.25,Con*****@gmail.com,82******87,successful,129999.75,2025-04
500,821,Margaret Parker,103,1300.0,Shirt,Cloth,offline,Delhi,2025-06-05,3,UPI,0.05,Mar*****@gmail.com,98******68,successful,3899.95,2025-06
501,16,Cesar Dean,103,1300.0,Shirt,Clothing,offline,Bangalore,2025-05-03,3,Cash,0.2,Ces*****@gmail.com,92******03,successful,3899.8,2025-05
502,533,Andrew Riggs,101,250000.0,Laptop,Electronics,offline,Chennai,2025-07-05,1,UPI,0.2,And*****@gmail.com,94******77,successful,249999.8,2025-07
503,434,Robert Sosa,103,1300.0,Shirt,Cloth,offline,Bangalore,2025-08-01,4,UPI,0.15,Rob*****@yahoo.com,86******30,successful,5199.85,2025-08
505,349,Joel Baker,103,1300.0,Shirt,Clothing,online,Bangalore,2026-01-20,5,Cash,0.35,Joe*****@outlook.com,80******93,successful,6499.65,2026-01
506,757,Yvette Clark,106,80000.0,Sofa,Furniture,offline,Hyderabad,2025-05-31,2,Cash,0.4,Yve*****@gmail.com,60******34,successful,159999.6,2025-05
507,560,Anthony Lawrence,109,65000.0,Refrigerator,Home,online,Hyderabad,2025-05-21,3,NetBanking,0.05,Ant*****@gmail.com,75******87,successful,194999.95,2025-05
509,247,David Cherry,101,,Laptop,Electronics,offline,Bangalore,2025-09-22,1,NetBanking,0.1,Dav*****@yahoo.com,62******39,successful,,2025-09
512,123,Trevor Sharp,101,250000.0,Laptop,Elec,offline,Mumbai,2025-04-30,3,UPI,0.25,Tre*****@yahoo.com,61******57,successful,749999.75,2025-04
513,233,Jacqueline Thomas,102,70000.0,Phone,Electronics,offline,Chennai,2026-02-12,1,NetBanking,0.4,Jac*****@gmail.com,65******95,successful,69999.6,2026-02
514,709,Mike Roberts,103,1300.0,Shirt,Clothing,offline,Hyderabad,2026-04-07,4,NetBanking,0.15,Mik*****@yahoo.com,77******92,successful,5199.85,2026-04
515,73,Anthony Gonzalez,109,65000.0,Refrigerator,Home,offline,Mumbai,2025-06-12,5,UPI,0.25,Ant*****@yahoo.com,95******12,successful,324999.75,2025-06
516,808,Brandon Hicks,103,1300.0,Shirt,Clothing,online,Mumbai,2025-05-29,1,NetBanking,0.35,Bra*****@yahoo.com,66******49,successful,1299.65,2025-05
517,102,Jennifer Rodriguez,109,65000.0,Refrigerator,Home,offline,Mumbai,2025-05-11,2,Cash,0.2,Jen*****@yahoo.com,74******88,successful,129999.8,2025-05
518,747,Laura Edwards,110,,Microwave,Home Appliances,online,Bangalore,2025-05-17,1,Cash,0.1,Lau*****@yahoo.com,69******69,successful,,2025-05
519,771,Matthew Greer,107,,Dining Table,Furniture,online,Bangalore,2025-04-19,5,UPI,0.4,Mat*****@yahoo.com,82******12,successful,,2025-04
520,225,Caitlin Contreras,110,,Microwave,Home Appliances,online,Chennai,2025-08-10,4,NetBanking,0.25,Cai*****@yahoo.com,79******84,successful,,2025-08
521,99,Maria Mathews,104,,Shoes,Clothing,online,Mumbai,2026-03-18,3,Cash,0.25,Mar*****@gmail.com,91******64,successful,,2026-03
522,677,Mario Evans,108,15000.0,Mixer Grinder,Home,online,Mumbai,2025-08-28,2,UPI,0.1,Mar*****@yahoo.com,70******25,successful,29999.9,2025-08
523,220,Maria Walker,102,70000.0,Phone,Electronics,offline,Bangalore,2026-12-04,3,Card,0.4,Mar*****@gmail.com,73******10,successful,209999.6,2026-12
524,298,Ryan Massey,105,45000.0,Tv,Elec,online,Delhi,2026-04-10,3,Card,0.2,Rya*****@gmail.com,64******86,successful,134999.8,2026-04
525,537,Ernest Meyers,109,65000.0,Refrigerator,Home Appliances,online,Delhi,2025-10-17,1,Card,0.1,Ern*****@gmail.com,80******88,successful,64999.9,2025-10
526,742,Wesley Davis,105,45000.0,Tv,Electronics,online,Delhi,2025-05-28,2,Cash,0.35,Wes*****@outlook.com,69******46,successful,89999.65,2025-05
527,217,Eric Cross,106,80000.0,Sofa,Furn,offline,Bangalore,2025-08-24,3,NetBanking,0.35,Eri*****@gmail.com,65******96,successful,239999.65,2025-08
528,503,Lauren Thomas,104,8000.0,Shoes,Clothing,offline,Delhi,2025-11-09,3,UPI,0.15,Lau*****@yahoo.com,88******43,successful,23999.85,2025-11
529,896,Tara Church,104,8000.0,Shoes,Cloth,online,Mumbai,2025-12-26,4,Cash,0.35,Tar*****@yahoo.com,72******47,successful,31999.65,2025-12
530,274,Joseph Parker,110,45000.0,Microwave,Home Appliances,online,Bangalore,2025-07-19,1,UPI,0.1,Jos*****@gmail.com,79******06,successful,44999.9,2025-07
531,853,James Guerrero,102,70000.0,Phone,Electronics,offline,Mumbai,2025-05-03,1,Cash,0.3,Jam*****@gmail.com,68******49,successful,69999.7,2025-05
532,620,Alexander Meyer,107,50000.0,Dining Table,Furniture,offline,Mumbai,2025-06-19,4,UPI,0.2,Ale*****@yahoo.com,95******57,successful,199999.8,2025-06
533,810,Mary Martin,101,,Laptop,Electronics,offline,Delhi,2025-12-19,1,Card,0.3,Mar*****@gmail.com,65******60,successful,,2025-12
535,586,Michael Mason,108,15000.0,Mixer Grinder,Home Appliances,offline,Delhi,2025-05-04,1,UPI,0.15,Mic*****@outlook.com,70******72,successful,14999.85,2025-05
536,907,Jeffrey Mccall,102,70000.0,Phone,Electronics,online,Hyderabad,2026-05-04,1,Card,0.15,Jef*****@gmail.com,67******50,successful,69999.85,2026-05
537,826,Ryan Wade,109,65000.0,Refrigerator,Home,online,Mumbai,2025-06-25,3,Card,0.4,Rya*****@outlook.com,73******00,successful,194999.6,2025-06
539,763,David Howard,104,8000.0,Shoes,Clothing,offline,Delhi,2025-07-05,1,Cash,0.35,Dav*****@gmail.com,86******89,successful,7999.65,2025-07
540,123,Trevor Sharp,110,45000.0,Microwave,Home,offline,Mumbai,2025-07-29,2,NetBanking,0.35,Tre*****@yahoo.com,61******57,successful,89999.65,2025-07
541,719,Michelle Bates,104,8000.0,Shoes,Cloth,offline,Chennai,2025-09-18,5,UPI,0.15,Mic*****@gmail.com,74******12,successful,39999.85,2025-09
543,841,Diane Gomez,109,65000.0,Refrigerator,Home,online,Delhi,2025-12-03,1,Cash,0.1,Dia*****@yahoo.com,65******22,successful,64999.9,2025-12
545,459,Jason Moreno,105,45000.0,Tv,Electronics,online,Mumbai,2025-05-11,2,NetBanking,0.05,Jas*****@gmail.com,67******01,successful,89999.95,2025-05
546,647,Michelle Conway,107,50000.0,Dining Table,Furniture,online,Chennai,2025-10-23,3,Cash,0.1,Mic*****@yahoo.com,90******05,successful,149999.9,2025-10
547,227,Tracey Garcia,106,80000.0,Sofa,Furn,online,Bangalore,2025-11-23,4,Card,0.25,Tra*****@gmail.com,82******20,successful,319999.75,2025-11
548,618,Alan Torres,106,80000.0,Sofa,Furniture,online,Chennai,2025-09-21,3,NetBanking,0.1,Ala*****@yahoo.com,73******05,successful,239999.9,2025-09
549,994,Amy Edwards,104,,Shoes,Cloth,offline,Mumbai,2025-04-19,4,Cash,0.1,Amy*****@outlook.com,88******33,successful,,2025-04
550,990,Carmen Bradford,101,250000.0,Laptop,Electronics,offline,Hyderabad,2025-09-23,5,Cash,0.2,Car*****@gmail.com,73******62,successful,1249999.8,2025-09
551,911,Kelly Le,108,15000.0,Mixer Grinder,Home Appliances,offline,Delhi,2026-03-01,3,UPI,0.2,Kel*****@outlook.com,68******69,successful,44999.8,2026-03
554,203,Samantha Wells,103,1300.0,Shirt,Clothing,online,Hyderabad,2026-01-27,5,Cash,0.25,Sam*****@gmail.com,67******45,successful,6499.75,2026-01
555,259,Kevin Ramirez,105,45000.0,Tv,Electronics,online,Hyderabad,2025-08-19,1,Card,0.35,Kev*****@outlook.com,86******85,successful,44999.65,2025-08
556,245,Brittany Harris,105,45000.0,Tv,Elec,online,Delhi,2026-02-01,3,Cash,0.05,Bri*****@gmail.com,89******97,successful,134999.95,2026-02
557,513,Brandon Sims,110,45000.0,Microwave,Home Appliances,offline,Chennai,2025-12-30,1,NetBanking,0.25,Bra*****@outlook.com,70******19,successful,44999.75,2025-12
558,650,Michael Haynes,108,15000.0,Mixer Grinder,Home Appliances,offline,Hyderabad,2026-07-01,3,Cash,0.2,Mic*****@yahoo.com,60******33,successful,44999.8,2026-07
559,482,Nathaniel Montes,102,70000.0,Phone,Electronics,offline,Chennai,2025-09-14,5,UPI,0.35,Nat*****@gmail.com,77******12,successful,349999.65,2025-09
561,984,Janet Long,108,15000.0,Mixer Grinder,Home,online,Bangalore,2025-11-01,3,UPI,0.3,Jan*****@yahoo.com,95******95,successful,44999.7,2025-11
562,846,Chris Garcia,101,250000.0,Laptop,Elec,online,Hyderabad,2025-01-10,3,NetBanking,0.25,Chr*****@yahoo.com,86******91,successful,749999.75,2025-01
563,849,Mark Carson,110,45000.0,Microwave,Home Appliances,offline,Bangalore,2025-10-19,5,Card,0.35,Mar*****@yahoo.com,94******25,successful,224999.65,2025-10
565,758,Nichole Jones,107,50000.0,Dining Table,Furniture,offline,Chennai,2026-01-04,5,Cash,0.4,Nic*****@yahoo.com,61******72,successful,249999.6,2026-01
566,267,Scott Price,102,70000.0,Phone,Electronics,online,Delhi,2025-06-06,1,Card,0.1,Sco*****@yahoo.com,84******29,successful,69999.9,2025-06
568,945,Misty Parker,101,250000.0,Laptop,Electronics,offline,Hyderabad,2025-06-03,4,UPI,0.35,Mis*****@gmail.com,60******45,successful,999999.65,2025-06
569,132,Ronald Harrison,107,50000.0,Dining Table,Furniture,offline,Delhi,2025-12-23,5,UPI,0.15,Ron*****@yahoo.com,72******67,successful,249999.85,2025-12
570,654,Amy Ramos,105,45000.0,Tv,Elec,online,Chennai,2025-12-11,1,Cash,0.15,Amy*****@gmail.com,83******59,successful,44999.85,2025-12
572,989,Jason Huerta,102,70000.0,Phone,Electronics,online,Chennai,2026-01-09,1,Cash,0.3,Jas*****@yahoo.com,95******62,successful,69999.7,2026-01
573,756,Juan Mata,104,8000.0,Shoes,Clothing,offline,Bangalore,2026-01-21,2,Cash,0.4,Jua*****@yahoo.com,68******18,successful,15999.6,2026-01
574,600,James Schaefer,103,1300.0,Shirt,Clothing,offline,Chennai,2026-03-16,2,NetBanking,0.05,Jam*****@gmail.com,92******20,successful,2599.95,2026-03
575,835,Juan Watkins,108,15000.0,Mixer Grinder,Home Appliances,online,Delhi,2025-07-04,3,Cash,0.3,Jua*****@outlook.com,79******80,successful,44999.7,2025-07
576,434,Robert Sosa,101,250000.0,Laptop,Elec,online,Bangalore,2026-02-07,1,Card,0.4,Rob*****@yahoo.com,86******30,successful,249999.6,2026-02
577,620,Alexander Meyer,107,50000.0,Dining Table,Furn,offline,Mumbai,2025-07-07,5,Card,0.35,Ale*****@yahoo.com,95******57,successful,249999.65,2025-07
578,53,John Bridges,107,50000.0,Dining Table,Furniture,online,Hyderabad,2025-10-07,2,NetBanking,0.15,Joh*****@outlook.com,98******17,successful,99999.85,2025-10
579,250,Steven Baker,109,65000.0,Refrigerator,Home Appliances,offline,Mumbai,2025-06-17,1,UPI,0.1,Ste*****@gmail.com,62******24,successful,64999.9,2025-06
580,466,Kyle Morris,108,,Mixer Grinder,Home Appliances,online,Delhi,2026-05-02,2,Cash,0.1,Kyl*****@gmail.com,93******29,successful,,2026-05
581,440,Tracy Sheppard,105,45000.0,Tv,Elec,offline,Hyderabad,2025-11-24,1,Cash,0.35,Tra*****@gmail.com,65******96,successful,44999.65,2025-11
584,774,Antonio Evans,107,50000.0,Dining Table,Furniture,online,Hyderabad,2026-01-14,3,Card,0.25,Ant*****@gmail.com,71******42,successful,149999.75,2026-01
585,845,Sara Smith,109,65000.0,Refrigerator,Home Appliances,online,Chennai,2026-01-08,4,Card,0.2,Sar*****@outlook.com,61******26,successful,259999.8,2026-01
586,940,Nicole Briggs,101,250000.0,Laptop,Elec,offline,Chennai,2025-08-09,5,Cash,0.35,Nic*****@gmail.com,66******93,successful,1249999.65,2025-08
587,353,Rachel Velasquez,102,70000.0,Phone,Electronics,online,Bangalore,2026-03-02,1,NetBanking,0.35,Rac*****@outlook.com,67******96,successful,69999.65,2026-03
589,745,Jennifer Weeks,105,45000.0,Tv,Elec,online,Hyderabad,2025-06-07,4,Cash,0.35,Jen*****@gmail.com,92******95,successful,179999.65,2025-06
591,965,Donald Poole,110,,Microwave,Home,online,Mumbai,2026-02-28,1,NetBanking,0.2,Don*****@yahoo.com,71******35,successful,,2026-02
592,154,Michael Smith,107,50000.0,Dining Table,Furniture,online,Chennai,2025-06-28,2,Cash,0.3,Mic*****@yahoo.com,94******50,successful,99999.7,2025-06
593,280,David Morales,104,8000.0,Shoes,Clothing,online,Delhi,2026-02-12,4,UPI,0.15,Dav*****@yahoo.com,92******30,successful,31999.85,2026-02
595,104,Amanda Castillo,108,15000.0,Mixer Grinder,Home Appliances,offline,Hyderabad,2026-03-28,1,Cash,0.05,Ama*****@yahoo.com,92******48,successful,14999.95,2026-03
596,39,Megan Jones,105,45000.0,Tv,Electronics,offline,Hyderabad,2025-05-28,4,Card,0.25,Meg*****@gmail.com,72******86,successful,179999.75,2025-05
597,638,Kaitlyn Reed,110,45000.0,Microwave,Home Appliances,offline,Bangalore,2025-08-08,1,NetBanking,0.15,Kai*****@gmail.com,68******13,successful,44999.85,2025-08
598,205,Renee Harris,108,15000.0,Mixer Grinder,Home Appliances,online,Mumbai,2025-09-12,2,Card,0.25,Ren*****@gmail.com,94******50,successful,29999.75,2025-09
599,592,Timothy Medina,105,45000.0,Tv,Elec,offline,Delhi,2025-05-11,1,Cash,0.4,Tim*****@gmail.com,70******01,successful,44999.6,2025-05
600,676,James Sanders,102,70000.0,Phone,Electronics,online,Bangalore,2025-10-26,5,Cash,0.3,Jam*****@gmail.com,87******46,successful,349999.7,2025-10
602,915,Meagan Valdez,110,45000.0,Microwave,Home Appliances,offline,Delhi,2025-07-10,1,UPI,0.1,Mea*****@outlook.com,63******13,successful,44999.9,2025-07
603,71,Tina Bowers,104,,Shoes,Cloth,online,Bangalore,2025-05-03,3,NetBanking,0.2,Tin*****@yahoo.com,74******05,successful,,2025-05
606,748,Sabrina Hopkins,107,,Dining Table,Furniture,offline,Chennai,2026-01-09,3,NetBanking,0.15,Sab*****@yahoo.com,71******90,successful,,2026-01
607,339,Stacy Hernandez,105,45000.0,Tv,Elec,online,Delhi,2025-12-17,4,Card,0.35,Sta*****@yahoo.com,76******84,successful,179999.65,2025-12
608,805,Latoya Baker,107,50000.0,Dining Table,Furniture,online,Delhi,2026-03-20,1,NetBanking,0.25,Lat*****@gmail.com,73******40,successful,49999.75,2026-03
609,37,Joshua Nunez,108,15000.0,Mixer Grinder,Home Appliances,offline,Mumbai,2026-08-04,1,NetBanking,0.25,Jos*****@yahoo.com,85******85,successful,14999.75,2026-08
611,861,Tim Brock,101,250000.0,Laptop,Electronics,online,Bangalore,2026-01-04,1,Cash,0.15,Tim*****@outlook.com,88******91,successful,249999.85,2026-01
612,4,Kelly Brown,106,80000.0,Sofa,Furn,offline,Chennai,2025-05-12,3,NetBanking,0.05,Kel*****@gmail.com,68******99,successful,239999.95,2025-05
613,100,Thomas Walker,101,250000.0,Laptop,Electronics,online,Delhi,2026-03-12,2,UPI,0.35,Tho*****@yahoo.com,64******24,successful,499999.65,2026-03
614,280,David Morales,107,50000.0,Dining Table,Furn,online,Delhi,2026-01-03,5,Cash,0.35,Dav*****@yahoo.com,92******30,successful,249999.65,2026-01
616,996,Barbara Morris,110,45000.0,Microwave,Home Appliances,online,Hyderabad,2025-12-12,5,Card,0.4,Bar*****@gmail.com,87******56,successful,224999.6,2025-12
617,973,Allen Gilbert,102,70000.0,Phone,Electronics,offline,Mumbai,2025-11-21,3,NetBanking,0.25,All*****@outlook.com,75******31,successful,209999.75,2025-11
618,362,David Wells,101,250000.0,Laptop,Electronics,offline,Bangalore,2025-06-04,5,Card,0.3,Dav*****@yahoo.com,76******22,successful,1249999.7,2025-06
619,775,Roy Chavez,104,8000.0,Shoes,Clothing,online,Chennai,2025-12-10,3,UPI,0.25,Roy*****@gmail.com,75******10,successful,23999.75,2025-12
620,318,Gina Dickerson,107,50000.0,Dining Table,Furn,online,Bangalore,2025-10-19,2,Card,0.05,Gin*****@gmail.com,97******32,successful,99999.95,2025-10
621,393,Shannon Alvarez,105,45000.0,Tv,Electronics,offline,Mumbai,2025-10-12,5,Cash,0.05,Sha*****@gmail.com,95******30,successful,224999.95,2025-10
622,215,Crystal Aguilar,104,8000.0,Shoes,Clothing,online,Mumbai,2025-04-22,4,Card,0.15,Cry*****@gmail.com,61******10,successful,31999.85,2025-04
623,522,Mike Campbell,102,70000.0,Phone,Electronics,online,Hyderabad,2025-06-20,5,UPI,0.25,Mik*****@gmail.com,65******99,successful,349999.75,2025-06
625,752,Mark Hill,109,65000.0,Refrigerator,Home,offline,Chennai,2025-11-07,4,UPI,0.35,Mar*****@gmail.com,85******46,successful,259999.65,2025-11
626,794,Gerald Cooper,108,15000.0,Mixer Grinder,Home,offline,Chennai,2026-06-04,2,UPI,0.2,Ger*****@gmail.com,97******01,successful,29999.8,2026-06
627,542,Angela Martin,110,45000.0,Microwave,Home,offline,Chennai,2025-06-08,4,Card,0.4,Ang*****@outlook.com,66******87,successful,179999.6,2025-06
628,357,Kimberly Adams,106,80000.0,Sofa,Furn,online,Hyderabad,2026-02-08,4,Card,0.4,Kim*****@gmail.com,87******51,successful,319999.6,2026-02
629,800,Ricardo Arnold,102,70000.0,Phone,Electronics,offline,Hyderabad,2026-01-21,5,UPI,0.4,Ric*****@outlook.com,95******77,successful,349999.6,2026-01
631,620,Alexander Meyer,102,70000.0,Phone,Elec,offline,Mumbai,2025-09-13,3,Cash,0.1,Ale*****@yahoo.com,95******57,successful,209999.9,2025-09
632,961,Derek Hall,108,15000.0,Mixer Grinder,Home,online,Hyderabad,2026-05-03,3,UPI,0.2,Der*****@gmail.com,74******75,successful,44999.8,2026-05
633,95,John Jacobs,101,250000.0,Laptop,Electronics,offline,Bangalore,2025-09-07,3,NetBanking,0.15,Joh*****@gmail.com,64******60,successful,749999.85,2025-09
634,936,Brian Larson,104,8000.0,Shoes,Clothing,offline,Hyderabad,2025-12-10,5,Card,0.35,Bri*****@yahoo.com,90******14,successful,39999.65,2025-12
635,580,Meredith Walker,106,80000.0,Sofa,Furn,offline,Chennai,2026-01-01,3,Card,0.1,Mer*****@yahoo.com,78******46,successful,239999.9,2026-01
637,799,Stephanie Dunn,101,250000.0,Laptop,Elec,online,Delhi,2025-06-17,4,Cash,0.3,Ste*****@gmail.com,74******44,successful,999999.7,2025-06
638,267,Scott Price,101,,Laptop,Electronics,offline,Delhi,2025-08-27,1,Card,0.1,Sco*****@yahoo.com,84******29,successful,,2025-08
639,844,Philip Cervantes,105,45000.0,Tv,Elec,offline,Delhi,2026-03-17,3,UPI,0.4,Phi*****@gmail.com,98******42,successful,134999.6,2026-03
640,124,Sarah Rios,108,15000.0,Mixer Grinder,Home Appliances,offline,Mumbai,2025-07-07,2,NetBanking,0.35,Sar*****@outlook.com,79******48,successful,29999.65,2025-07
641,899,Whitney Avila,110,,Microwave,Home,offline,Delhi,2025-11-09,1,Card,0.3,Whi*****@yahoo.com,84******15,successful,,2025-11
642,877,John Warren,109,65000.0,Refrigerator,Home Appliances,online,Hyderabad,2025-12-04,2,NetBanking,0.05,Joh*****@gmail.com,80******46,successful,129999.95,2025-12
646,993,Julie Wade,105,45000.0,Tv,Electronics,offline,Bangalore,2025-04-25,4,Cash,0.1,Jul*****@outlook.com,74******25,successful,179999.9,2025-04
648,74,David Alvarez,107,50000.0,Dining Table,Furniture,offline,Delhi,2025-04-25,1,Cash,0.1,Dav*****@yahoo.com,95******42,successful,49999.9,2025-04
649,345,Kathy Smith,103,1300.0,Shirt,Clothing,offline,Chennai,2025-06-13,2,NetBanking,0.2,Kat*****@yahoo.com,91******71,successful,2599.8,2025-06
650,821,Margaret Parker,108,15000.0,Mixer Grinder,Home Appliances,online,Delhi,2025-07-26,1,NetBanking,0.25,Mar*****@gmail.com,98******68,successful,14999.75,2025-07
652,840,Veronica Ashley,108,15000.0,Mixer Grinder,Home Appliances,online,Delhi,2026-03-05,1,UPI,0.2,Ver*****@gmail.com,82******30,successful,14999.8,2026-03
653,580,Meredith Walker,109,65000.0,Refrigerator,Home,online,Chennai,2025-07-06,4,Card,0.2,Mer*****@yahoo.com,78******46,successful,259999.8,2025-07
654,694,Lori Barrera,103,1300.0,Shirt,Cloth,offline,Hyderabad,2025-08-26,5,Card,0.15,Lor*****@gmail.com,95******73,successful,6499.85,2025-08
655,938,Mary Rogers,108,,Mixer Grinder,Home Appliances,offline,Hyderabad,2026-02-07,3,NetBanking,0.2,Mar*****@gmail.com,97******23,successful,,2026-02
656,139,Melissa Peterson,109,65000.0,Refrigerator,Home,online,Mumbai,2025-07-12,1,NetBanking,0.35,Mel*****@outlook.com,87******33,successful,64999.65,2025-07
657,330,Don Thompson,103,1300.0,Shirt,Cloth,online,Hyderabad,2025-10-06,1,UPI,0.25,Don*****@outlook.com,86******14,successful,1299.75,2025-10
658,93,Judith Sanchez,105,,Tv,Electronics,offline,Mumbai,2025-04-23,3,Cash,0.4,Jud*****@yahoo.com,84******76,successful,,2025-04
659,951,Richard Miller,108,15000.0,Mixer Grinder,Home,offline,Mumbai,2026-01-18,3,UPI,0.1,Ric*****@yahoo.com,71******79,successful,44999.9,2026-01
661,84,Paul Pacheco,110,45000.0,Microwave,Home Appliances,online,Bangalore,2025-11-07,5,NetBanking,0.05,Pau*****@outlook.com,67******57,successful,224999.95,2025-11
662,265,Frederick Ortiz,105,45000.0,Tv,Electronics,online,Bangalore,2026-02-24,1,Cash,0.2,Fre*****@yahoo.com,87******54,successful,44999.8,2026-02
665,917,Alexandria Marks,101,250000.0,Laptop,Electronics,offline,Hyderabad,2025-08-10,4,Cash,0.05,Ale*****@gmail.com,88******19,successful,999999.95,2025-08
668,552,Anthony Cox,109,65000.0,Refrigerator,Home,offline,Hyderabad,2025-09-26,1,Card,0.15,Ant*****@gmail.com,77******92,successful,64999.85,2025-09
669,645,Joshua Burton,108,15000.0,Mixer Grinder,Home,online,Mumbai,2026-02-19,4,NetBanking,0.2,Jos*****@outlook.com,67******88,successful,59999.8,2026-02
670,48,Nancy Cole,108,15000.0,Mixer Grinder,Home,offline,Chennai,2025-10-16,1,Card,0.2,Nan*****@gmail.com,78******05,successful,14999.8,2025-10
671,186,Dawn Garrett,109,65000.0,Refrigerator,Home Appliances,online,Chennai,2026-03-14,5,Cash,0.25,Daw*****@gmail.com,96******01,successful,324999.75,2026-03
672,391,Catherine Beard,102,70000.0,Phone,Electronics,offline,Mumbai,2025-10-24,3,Card,0.4,Cat*****@gmail.com,92******05,successful,209999.6,2025-10
673,110,Dale Hughes,105,,Tv,Elec,offline,Delhi,2025-07-13,4,Card,0.35,Dal*****@gmail.com,97******73,successful,,2025-07
675,351,Brandi Meyer,105,45000.0,Tv,Elec,offline,Bangalore,2025-10-08,5,Cash,0.1,Bra*****@gmail.com,93******43,successful,224999.9,2025-10
678,22,James Walters,106,80000.0,Sofa,Furniture,offline,Chennai,2025-05-06,3,Cash,0.2,Jam*****@gmail.com,65******42,successful,239999.8,2025-05
679,268,Megan Little,103,1300.0,Shirt,Clothing,offline,Mumbai,2026-10-03,4,Cash,0.05,Meg*****@gmail.com,86******31,successful,5199.95,2026-10
680,240,Traci Farmer,107,50000.0,Dining Table,Furniture,online,Bangalore,2025-05-20,3,Cash,0.15,Tra*****@gmail.com,86******25,successful,149999.85,2025-05
681,905,Katie George,106,80000.0,Sofa,Furniture,online,Hyderabad,2026-03-25,5,NetBanking,0.3,Kat*****@gmail.com,69******52,successful,399999.7,2026-03
682,642,Troy Mitchell,101,250000.0,Laptop,Electronics,online,Bangalore,2026-02-17,2,UPI,0.05,Tro*****@gmail.com,83******68,successful,499999.95,2026-02
683,205,Renee Harris,108,15000.0,Mixer Grinder,Home Appliances,online,Mumbai,2025-05-12,4,UPI,0.15,Ren*****@gmail.com,94******50,successful,59999.85,2025-05
684,338,Lisa Garrison,105,45000.0,Tv,Electronics,online,Delhi,2025-08-20,3,Cash,0.35,Lis*****@outlook.com,67******37,successful,134999.65,2025-08
685,677,Mario Evans,109,65000.0,Refrigerator,Home Appliances,offline,Mumbai,2025-10-11,3,Cash,0.35,Mar*****@yahoo.com,70******25,successful,194999.65,2025-10
686,519,Kylie Ferguson,101,250000.0,Laptop,Elec,offline,Bangalore,2026-03-25,3,Cash,0.35,Kyl*****@yahoo.com,92******78,successful,749999.65,2026-03
687,899,Whitney Avila,105,45000.0,Tv,Elec,online,Delhi,2025-04-21,4,NetBanking,0.4,Whi*****@yahoo.com,84******15,successful,179999.6,2025-04
688,700,Thomas Navarro,104,8000.0,Shoes,Cloth,online,Hyderabad,2026-04-13,4,UPI,0.4,Tho*****@yahoo.com,76******14,successful,31999.6,2026-04
689,890,Holly Mckay,104,8000.0,Shoes,Clothing,offline,Chennai,2025-12-29,1,Card,0.35,Hol*****@yahoo.com,66******94,successful,7999.65,2025-12
690,40,Kristina Harrell,104,8000.0,Shoes,Cloth,offline,Hyderabad,2026-07-01,5,NetBanking,0.25,Kri*****@outlook.com,74******74,successful,39999.75,2026-07
692,666,Emily Griffith,106,80000.0,Sofa,Furniture,online,Mumbai,2026-03-13,4,Cash,0.25,Emi*****@gmail.com,94******80,successful,319999.75,2026-03
694,378,Rebecca Trujillo,109,65000.0,Refrigerator,Home,offline,Chennai,2026-01-09,4,Cash,0.1,Reb*****@gmail.com,63******68,successful,259999.9,2026-01
695,300,Tiffany Miller,107,50000.0,Dining Table,Furn,offline,Hyderabad,2025-04-17,2,UPI,0.1,Tif*****@outlook.com,68******97,successful,99999.9,2025-04
696,687,Robert Estrada,105,45000.0,Tv,Electronics,offline,Hyderabad,2025-08-01,1,UPI,0.05,Rob*****@yahoo.com,86******73,successful,44999.95,2025-08
697,955,Jake Davis,108,15000.0,Mixer Grinder,Home Appliances,offline,Bangalore,2025-09-02,2,Cash,0.35,Jak*****@yahoo.com,70******20,successful,29999.65,2025-09
698,800,Ricardo Arnold,106,80000.0,Sofa,Furn,online,Hyderabad,2025-08-18,3,Cash,0.15,Ric*****@outlook.com,95******77,successful,239999.85,2025-08
699,789,Bryan Walker,103,1300.0,Shirt,Cloth,online,Chennai,2026-04-14,2,Cash,0.4,Bry*****@gmail.com,75******67,successful,2599.6,2026-04
700,336,Gregory Mitchell,107,50000.0,Dining Table,Furniture,online,Chennai,2025-12-29,4,Cash,0.3,Gre*****@gmail.com,86******45,successful,199999.7,2025-12
702,570,Donald Carter,105,45000.0,Tv,Elec,offline,Chennai,2026-02-20,5,UPI,0.3,Don*****@gmail.com,79******19,successful,224999.7,2026-02
703,647,Michelle Conway,109,65000.0,Refrigerator,Home,online,Chennai,2025-09-03,2,Card,0.05,Mic*****@yahoo.com,90******05,successful,129999.95,2025-09
704,654,Amy Ramos,107,50000.0,Dining Table,Furniture,online,Chennai,2025-09-22,1,NetBanking,0.1,Amy*****@gmail.com,83******59,successful,49999.9,2025-09
705,572,Holly Russell,108,15000.0,Mixer Grinder,Home Appliances,online,Hyderabad,2025-12-02,1,Card,0.2,Hol*****@outlook.com,81******37,successful,14999.8,2025-12
706,522,Mike Campbell,105,45000.0,Tv,Elec,offline,Hyderabad,2025-11-10,3,Cash,0.35,Mik*****@gmail.com,65******99,successful,134999.65,2025-11
707,733,Jessica Lin,106,,Sofa,Furniture,offline,Delhi,2025-09-08,5,Card,0.35,Jes*****@gmail.com,85******63,successful,,2025-09
710,113,Patricia Carlson,101,,Laptop,Electronics,online,Delhi,2026-02-28,2,Card,0.3,Pat*****@outlook.com,85******59,successful,,2026-02
711,15,Robin Ray,109,65000.0,Refrigerator,Home Appliances,offline,Chennai,2026-01-04,5,NetBanking,0.05,Rob*****@outlook.com,66******48,successful,324999.95,2026-01
713,694,Lori Barrera,104,,Shoes,Cloth,online,Hyderabad,2025-09-16,2,UPI,0.05,Lor*****@gmail.com,95******73,successful,,2025-09
714,382,Billy Ramirez,101,250000.0,Laptop,Elec,online,Mumbai,2025-10-21,4,Card,0.05,Bil*****@gmail.com,97******85,successful,999999.95,2025-10
715,7,John Edwards,106,80000.0,Sofa,Furniture,offline,Delhi,2026-02-07,5,UPI,0.25,Joh*****@outlook.com,97******76,successful,399999.75,2026-02
716,749,Linda Lara,104,8000.0,Shoes,Clothing,online,Mumbai,2025-05-04,4,Cash,0.15,Lin*****@outlook.com,74******01,successful,31999.85,2025-05
718,887,Robert Brown,105,45000.0,Tv,Elec,online,Bangalore,2026-01-23,5,Card,0.1,Rob*****@gmail.com,92******26,successful,224999.9,2026-01
719,13,Jay Knight,109,65000.0,Refrigerator,Home Appliances,offline,Bangalore,2025-12-11,5,UPI,0.25,Jay*****@gmail.com,69******70,successful,324999.75,2025-12
720,880,Miranda Frank,104,8000.0,Shoes,Cloth,online,Chennai,2026-01-04,5,NetBanking,0.4,Mir*****@yahoo.com,72******40,successful,39999.6,2026-01
721,207,Tonya Lopez,110,45000.0,Microwave,Home,offline,Bangalore,2025-08-12,2,Card,0.3,Ton*****@gmail.com,80******19,successful,89999.7,2025-08
722,351,Brandi Meyer,109,65000.0,Refrigerator,Home Appliances,online,Bangalore,2025-05-20,5,Cash,0.35,Bra*****@gmail.com,93******43,successful,324999.65,2025-05
725,693,Joseph Maldonado,108,15000.0,Mixer Grinder,Home Appliances,online,Delhi,2025-07-09,2,Cash,0.35,Jos*****@yahoo.com,80******57,successful,29999.65,2025-07
726,446,Scott Smith,101,250000.0,Laptop,Electronics,online,Bangalore,2025-04-27,1,Cash,0.4,Sco*****@gmail.com,85******83,successful,249999.6,2025-04
728,647,Michelle Conway,108,15000.0,Mixer Grinder,Home Appliances,online,Chennai,2025-08-08,3,NetBanking,0.05,Mic*****@yahoo.com,90******05,successful,44999.95,2025-08
729,438,Lindsay Bartlett,110,45000.0,Microwave,Home Appliances,online,Mumbai,2026-02-09,1,Cash,0.05,Lin*****@gmail.com,62******10,successful,44999.95,2026-02
730,782,Monique Davis,106,80000.0,Sofa,Furniture,online,Chennai,2026-03-22,1,UPI,0.35,Mon*****@gmail.com,67******85,successful,79999.65,2026-03
733,661,Jennifer Cooper,106,80000.0,Sofa,Furn,offline,Chennai,2025-11-06,1,Card,0.05,Jen*****@outlook.com,80******09,successful,79999.95,2025-11
734,142,Charles Brown,102,70000.0,Phone,Electronics,online,Hyderabad,2026-03-05,4,UPI,0.4,Cha*****@gmail.com,99******22,successful,279999.6,2026-03
737,314,Paul Gonzales,108,15000.0,Mixer Grinder,Home,offline,Hyderabad,2025-09-04,4,Card,0.35,Pau*****@gmail.com,64******83,successful,59999.65,2025-09
738,415,Jackson Kaiser,103,1300.0,Shirt,Cloth,online,Delhi,2025-10-05,4,Card,0.15,Jac*****@gmail.com,80******05,successful,5199.85,2025-10
740,600,James Schaefer,106,80000.0,Sofa,Furniture,online,Chennai,2025-09-25,4,Cash,0.15,Jam*****@gmail.com,92******20,successful,319999.85,2025-09
741,188,Allison Oliver,109,65000.0,Refrigerator,Home Appliances,online,Hyderabad,2026-03-13,4,Card,0.25,All*****@gmail.com,98******24,successful,259999.75,2026-03
742,950,Cheyenne Mason,107,50000.0,Dining Table,Furn,online,Delhi,2026-01-23,5,UPI,0.3,Che*****@yahoo.com,73******31,successful,249999.7,2026-01
743,81,Michael Wagner,105,,Tv,Electronics,offline,Chennai,2026-02-07,5,Cash,0.05,Mic*****@yahoo.com,97******74,successful,,2026-02
744,91,Christopher Martin,104,8000.0,Shoes,Cloth,offline,Bangalore,2026-02-26,2,Cash,0.1,Chr*****@outlook.com,83******11,successful,15999.9,2026-02
745,618,Alan Torres,106,80000.0,Sofa,Furniture,online,Chennai,2026-01-03,1,NetBanking,0.15,Ala*****@yahoo.com,73******05,successful,79999.85,2026-01
746,725,Jody Martinez,101,250000.0,Laptop,Elec,online,Bangalore,2025-09-04,5,Card,0.3,Jod*****@gmail.com,79******89,successful,1249999.7,2025-09
748,599,David Johnson,102,70000.0,Phone,Electronics,online,Mumbai,2025-06-19,1,NetBanking,0.25,Dav*****@gmail.com,74******74,successful,69999.75,2025-06
749,256,Nicole Williams,105,45000.0,Tv,Elec,offline,Chennai,2025-06-30,3,UPI,0.25,Nic*****@gmail.com,92******32,successful,134999.75,2025-06
750,670,Fernando Kelly,103,1300.0,Shirt,Clothing,offline,Chennai,2025-11-29,2,NetBanking,0.1,Fer*****@yahoo.com,89******11,successful,2599.9,2025-11
751,406,Gregory Nelson,103,1300.0,Shirt,Clothing,offline,Delhi,2026-03-25,5,Cash,0.05,Gre*****@gmail.com,64******67,successful,6499.95,2026-03
752,91,Christopher Martin,103,,Shirt,Clothing,online,Bangalore,2025-06-08,3,NetBanking,0.2,Chr*****@outlook.com,83******11,successful,,2025-06
753,68,Stephanie Scott,109,65000.0,Refrigerator,Home Appliances,offline,Chennai,2025-07-01,5,UPI,0.1,Ste*****@gmail.com,95******89,successful,324999.9,2025-07
754,764,Jody Gardner,106,80000.0,Sofa,Furniture,online,Mumbai,2025-10-13,1,Card,0.4,Jod*****@outlook.com,86******67,successful,79999.6,2025-10
756,641,Andre Rodriguez,102,70000.0,Phone,Electronics,offline,Bangalore,2026-01-16,1,NetBanking,0.15,And*****@outlook.com,60******70,successful,69999.85,2026-01
757,918,Grant Harris,101,250000.0,Laptop,Electronics,online,Bangalore,2025-01-11,2,Card,0.35,Gra*****@outlook.com,95******21,successful,499999.65,2025-01
758,316,James Jordan,109,65000.0,Refrigerator,Home,offline,Delhi,2025-11-11,1,NetBanking,0.15,Jam*****@gmail.com,85******13,successful,64999.85,2025-11
759,410,Briana Greene,101,250000.0,Laptop,Electronics,online,Mumbai,2025-09-25,4,Card,0.2,Bri*****@yahoo.com,73******15,successful,999999.8,2025-09
761,460,Cynthia Schultz,106,,Sofa,Furn,offline,Bangalore,2025-07-30,4,NetBanking,0.25,Cyn*****@yahoo.com,64******81,successful,,2025-07
762,821,Margaret Parker,109,65000.0,Refrigerator,Home Appliances,offline,Delhi,2025-10-13,1,UPI,0.05,Mar*****@gmail.com,98******68,successful,64999.95,2025-10
763,298,Ryan Massey,105,45000.0,Tv,Elec,offline,Delhi,2025-06-01,4,Cash,0.35,Rya*****@gmail.com,64******86,successful,179999.65,2025-06
764,79,Tony Jones,110,45000.0,Microwave,Home Appliances,offline,Bangalore,2025-12-06,1,Cash,0.2,Ton*****@yahoo.com,71******23,successful,44999.8,2025-12
765,960,Michaela Brown,101,250000.0,Laptop,Electronics,online,Delhi,2025-12-23,2,UPI,0.3,Mic*****@yahoo.com,98******42,successful,499999.7,2025-12
766,138,Andrea Olson,108,15000.0,Mixer Grinder,Home Appliances,online,Bangalore,2025-06-24,2,NetBanking,0.3,And*****@gmail.com,60******68,successful,29999.7,2025-06
767,600,James Schaefer,102,70000.0,Phone,Elec,online,Chennai,2025-08-19,1,NetBanking,0.05,Jam*****@gmail.com,92******20,successful,69999.95,2025-08
768,425,Lindsay Buchanan,104,8000.0,Shoes,Clothing,online,Hyderabad,2025-06-10,3,Card,0.25,Lin*****@outlook.com,83******79,successful,23999.75,2025-06
769,690,Cynthia Palmer,110,45000.0,Microwave,Home Appliances,offline,Delhi,2025-08-10,2,Cash,0.3,Cyn*****@gmail.com,72******21,successful,89999.7,2025-08
771,293,Luke Cummings,107,50000.0,Dining Table,Furniture,offline,Hyderabad,2026-03-11,3,Cash,0.15,Luk*****@gmail.com,88******61,successful,149999.85,2026-03
774,177,Barbara Weber,103,1300.0,Shirt,Clothing,offline,Chennai,2025-07-05,2,NetBanking,0.4,Bar*****@gmail.com,62******42,successful,2599.6,2025-07
775,942,Melissa Wilkerson,102,70000.0,Phone,Elec,online,Chennai,2025-06-30,3,NetBanking,0.25,Mel*****@yahoo.com,93******20,successful,209999.75,2025-06
776,911,Kelly Le,103,1300.0,Shirt,Clothing,offline,Delhi,2025-10-27,2,Card,0.1,Kel*****@outlook.com,68******69,successful,2599.9,2025-10
777,419,William Taylor,108,,Mixer Grinder,Home Appliances,offline,Bangalore,2026-01-18,3,Cash,0.15,Wil*****@yahoo.com,85******68,successful,,2026-01
778,693,Joseph Maldonado,110,45000.0,Microwave,Home Appliances,offline,Delhi,2026-02-23,3,Card,0.1,Jos*****@yahoo.com,80******57,successful,134999.9,2026-02
780,904,Audrey Skinner,103,1300.0,Shirt,Clothing,offline,Bangalore,2026-02-03,1,UPI,0.2,Aud*****@yahoo.com,65******73,successful,1299.8,2026-02
781,8,Francisco Suarez,104,8000.0,Shoes,Clothing,online,Hyderabad,2025-04-27,2,UPI,0.1,Fra*****@gmail.com,97******30,successful,15999.9,2025-04
782,768,Melissa Washington,109,,Refrigerator,Home,offline,Chennai,2026-03-29,1,UPI,0.2,Mel*****@outlook.com,69******27,successful,,2026-03
783,217,Eric Cross,109,65000.0,Refrigerator,Home Appliances,offline,Bangalore,2026-01-13,1,Card,0.15,Eri*****@gmail.com,65******96,successful,64999.85,2026-01
784,890,Holly Mckay,110,45000.0,Microwave,Home Appliances,online,Chennai,2026-03-28,1,NetBanking,0.2,Hol*****@yahoo.com,66******94,successful,44999.8,2026-03
785,808,Brandon Hicks,108,15000.0,Mixer Grinder,Home,offline,Mumbai,2025-10-21,5,NetBanking,0.15,Bra*****@yahoo.com,66******49,successful,74999.85,2025-10
786,168,Joyce Robertson,105,45000.0,Tv,Electronics,offline,Mumbai,2026-02-11,4,NetBanking,0.15,Joy*****@yahoo.com,78******17,successful,179999.85,2026-02
787,578,Kristi Wilson,107,,Dining Table,Furniture,online,Chennai,2025-11-05,3,Card,0.05,Kri*****@yahoo.com,60******23,successful,,2025-11
788,662,James Osborn,105,45000.0,Tv,Elec,online,Bangalore,2025-09-17,2,Cash,0.15,Jam*****@yahoo.com,99******93,successful,89999.85,2025-09
789,505,Samantha Hull,110,45000.0,Microwave,Home Appliances,online,Chennai,2025-07-06,3,Card,0.35,Sam*****@outlook.com,74******65,successful,134999.65,2025-07
791,977,Gloria Navarro,108,15000.0,Mixer Grinder,Home,online,Chennai,2026-08-03,3,NetBanking,0.35,Glo*****@yahoo.com,72******62,successful,44999.65,2026-08
792,762,Linda Webb,102,70000.0,Phone,Electronics,offline,Mumbai,2026-04-13,1,UPI,0.4,Lin*****@yahoo.com,70******08,successful,69999.6,2026-04
793,408,Hannah Russell,110,45000.0,Microwave,Home Appliances,online,Hyderabad,2025-07-21,3,NetBanking,0.1,Han*****@yahoo.com,97******08,successful,134999.9,2025-07
794,420,Marcus Wilkinson,107,50000.0,Dining Table,Furn,online,Hyderabad,2025-02-09,1,UPI,0.25,Mar*****@yahoo.com,75******10,successful,49999.75,2025-02
795,186,Dawn Garrett,107,50000.0,Dining Table,Furn,online,Chennai,2025-10-14,4,Card,0.35,Daw*****@gmail.com,96******01,successful,199999.65,2025-10
796,735,Elizabeth Kemp,104,8000.0,Shoes,Clothing,offline,Bangalore,2025-05-11,2,UPI,0.3,Eli*****@yahoo.com,65******68,successful,15999.7,2025-05
798,580,Meredith Walker,101,250000.0,Laptop,Elec,online,Chennai,2025-08-01,4,Cash,0.15,Mer*****@yahoo.com,78******46,successful,999999.85,2025-08
800,58,Michelle Barnes,106,80000.0,Sofa,Furniture,offline,Hyderabad,2026-03-13,2,Card,0.05,Mic*****@gmail.com,72******20,successful,159999.95,2026-03
801,463,Kevin Cruz,109,65000.0,Refrigerator,Home Appliances,online,Delhi,2026-04-12,5,NetBanking,0.15,Kev*****@gmail.com,80******73,successful,324999.85,2026-04
802,528,Kerri Rodriguez,109,65000.0,Refrigerator,Home Appliances,offline,Chennai,2026-01-02,1,UPI,0.15,Ker*****@gmail.com,77******93,successful,64999.85,2026-01
803,286,Carmen Sanders,106,80000.0,Sofa,Furn,online,Hyderabad,2025-05-06,1,NetBanking,0.25,Car*****@gmail.com,88******19,successful,79999.75,2025-05
804,658,Douglas Sanders,106,80000.0,Sofa,Furniture,online,Bangalore,2025-10-03,2,Cash,0.05,Dou*****@gmail.com,63******80,successful,159999.95,2025-10
806,895,Aaron Foster,102,70000.0,Phone,Elec,online,Bangalore,2025-06-06,5,UPI,0.2,Aar*****@gmail.com,69******93,successful,349999.8,2025-06
807,172,Daniel Smith,103,1300.0,Shirt,Clothing,online,Delhi,2026-02-02,5,Card,0.35,Dan*****@gmail.com,65******79,successful,6499.65,2026-02
811,403,Taylor Ellison,109,65000.0,Refrigerator,Home Appliances,offline,Bangalore,2025-06-20,1,UPI,0.2,Tay*****@gmail.com,82******32,successful,64999.8,2025-06
812,202,Amanda Reed,103,1300.0,Shirt,Clothing,online,Delhi,2025-06-23,2,UPI,0.2,Ama*****@yahoo.com,65******99,successful,2599.8,2025-06
813,307,Evelyn Bridges,108,15000.0,Mixer Grinder,Home Appliances,offline,Chennai,2026-04-04,1,NetBanking,0.4,Eve*****@gmail.com,91******28,successful,14999.6,2026-04
814,762,Linda Webb,106,80000.0,Sofa,Furniture,online,Mumbai,2025-11-07,3,Card,0.25,Lin*****@yahoo.com,70******08,successful,239999.75,2025-11
815,262,Michael Elliott,101,250000.0,Laptop,Elec,offline,Mumbai,2025-03-05,1,Cash,0.2,Mic*****@yahoo.com,66******22,successful,249999.8,2025-03
816,809,Kayla Hart,101,250000.0,Laptop,Electronics,offline,Bangalore,2025-06-16,1,Card,0.05,Kay*****@yahoo.com,64******58,successful,249999.95,2025-06
817,945,Misty Parker,103,1300.0,Shirt,Clothing,offline,Hyderabad,2025-12-10,1,NetBanking,0.2,Mis*****@gmail.com,60******45,successful,1299.8,2025-12
818,111,Alyssa Mitchell,107,50000.0,Dining Table,Furn,online,Hyderabad,2025-05-27,4,Card,0.35,Aly*****@gmail.com,93******86,successful,199999.65,2025-05
819,733,Jessica Lin,108,15000.0,Mixer Grinder,Home Appliances,online,Delhi,2025-04-22,3,Card,0.35,Jes*****@gmail.com,85******63,successful,44999.65,2025-04
821,261,Ronnie Martin,106,80000.0,Sofa,Furniture,offline,Bangalore,2025-12-01,2,NetBanking,0.2,Ron*****@yahoo.com,84******60,successful,159999.8,2025-12
822,230,Jose Guerrero,110,45000.0,Microwave,Home,offline,Hyderabad,2026-01-02,4,Cash,0.35,Jos*****@gmail.com,72******76,successful,179999.65,2026-01
823,903,Susan Nicholson,102,,Phone,Electronics,online,Mumbai,2025-11-14,3,Cash,0.35,Sus*****@yahoo.com,96******59,successful,,2025-11
824,406,Gregory Nelson,105,45000.0,Tv,Electronics,offline,Delhi,2026-04-09,1,Card,0.25,Gre*****@gmail.com,64******67,successful,44999.75,2026-04
825,338,Lisa Garrison,103,,Shirt,Clothing,offline,Delhi,2025-07-03,3,UPI,0.1,Lis*****@outlook.com,67******37,successful,,2025-07
826,104,Amanda Castillo,108,15000.0,Mixer Grinder,Home Appliances,online,Hyderabad,2026-02-05,2,NetBanking,0.25,Ama*****@yahoo.com,92******48,successful,29999.75,2026-02
828,743,Dorothy Davis,110,,Microwave,Home,offline,Delhi,2025-06-12,3,Card,0.15,Dor*****@yahoo.com,84******00,successful,,2025-06
829,300,Tiffany Miller,107,50000.0,Dining Table,Furniture,online,Hyderabad,2025-10-08,3,Cash,0.4,Tif*****@outlook.com,68******97,successful,149999.6,2025-10
830,926,Lisa Reynolds,103,1300.0,Shirt,Cloth,online,Hyderabad,2025-07-26,1,UPI,0.25,Lis*****@gmail.com,89******40,successful,1299.75,2025-07
831,858,Kristina Stewart,110,45000.0,Microwave,Home,online,Hyderabad,2025-12-16,3,NetBanking,0.15,Kri*****@yahoo.com,85******97,successful,134999.85,2025-12
832,283,Anna Bernard,105,,Tv,Elec,online,Chennai,2025-11-23,5,Cash,0.2,Ann*****@gmail.com,77******42,successful,,2025-11
833,165,Rebecca Hays,109,65000.0,Refrigerator,Home,offline,Hyderabad,2025-08-12,5,Card,0.35,Reb*****@outlook.com,93******79,successful,324999.65,2025-08
834,438,Lindsay Bartlett,110,45000.0,Microwave,Home,online,Mumbai,2025-07-26,3,Cash,0.05,Lin*****@gmail.com,62******10,successful,134999.95,2025-07
835,931,Melissa Lewis,103,1300.0,Shirt,Clothing,offline,Mumbai,2025-08-31,5,Card,0.35,Mel*****@gmail.com,95******95,successful,6499.65,2025-08
836,44,John Saunders,106,80000.0,Sofa,Furniture,offline,Mumbai,2026-02-07,1,UPI,0.3,Joh*****@outlook.com,98******26,successful,79999.7,2026-02
837,62,Sarah Park,104,8000.0,Shoes,Cloth,online,Delhi,2025-09-05,1,Card,0.35,Sar*****@gmail.com,66******51,successful,7999.65,2025-09
838,755,Keith Stafford,105,45000.0,Tv,Electronics,offline,Bangalore,2025-05-05,3,Card,0.3,Kei*****@yahoo.com,75******89,successful,134999.7,2025-05
839,304,Aaron Moore,102,70000.0,Phone,Electronics,offline,Delhi,2025-04-26,3,UPI,0.25,Aar*****@outlook.com,87******46,successful,209999.75,2025-04
840,544,Charles Weaver,104,8000.0,Shoes,Cloth,online,Mumbai,2025-08-08,5,Cash,0.25,Cha*****@outlook.com,89******94,successful,39999.75,2025-08
842,537,Ernest Meyers,104,8000.0,Shoes,Cloth,online,Delhi,2026-01-08,3,UPI,0.2,Ern*****@gmail.com,80******88,successful,23999.8,2026-01
843,966,Susan Phillips,103,1300.0,Shirt,Clothing,online,Delhi,2025-08-06,5,Cash,0.05,Sus*****@gmail.com,82******18,successful,6499.95,2025-08
844,998,Joseph Perez,102,70000.0,Phone,Elec,offline,Delhi,2025-11-15,1,Cash,0.2,Jos*****@gmail.com,64******36,successful,69999.8,2025-11
847,232,Joel Reid,107,50000.0,Dining Table,Furniture,online,Chennai,2025-11-11,1,UPI,0.35,Joe*****@gmail.com,81******20,successful,49999.65,2025-11
848,962,Sharon Wood,106,80000.0,Sofa,Furniture,offline,Mumbai,2025-10-28,4,UPI,0.1,Sha*****@gmail.com,67******84,successful,319999.9,2025-10
849,142,Charles Brown,101,250000.0,Laptop,Electronics,offline,Hyderabad,2025-12-16,1,UPI,0.3,Cha*****@gmail.com,99******22,successful,249999.7,2025-12
850,150,Donald Bradley,104,8000.0,Shoes,Cloth,offline,Mumbai,2025-08-07,3,Cash,0.1,Don*****@gmail.com,63******20,successful,23999.9,2025-08
851,922,Isaiah Watson,102,,Phone,Electronics,offline,Bangalore,2025-12-11,1,UPI,0.1,Isa*****@gmail.com,91******37,successful,,2025-12
852,285,Amanda Anderson,105,45000.0,Tv,Elec,online,Chennai,2026-02-03,2,Cash,0.3,Ama*****@outlook.com,90******74,successful,89999.7,2026-02
853,850,Zachary Abbott,105,45000.0,Tv,Elec,offline,Chennai,2025-08-09,3,NetBanking,0.05,Zac*****@gmail.com,85******17,successful,134999.95,2025-08
856,965,Donald Poole,109,65000.0,Refrigerator,Home Appliances,offline,Mumbai,2026-03-30,4,Cash,0.25,Don*****@yahoo.com,71******35,successful,259999.75,2026-03
857,996,Barbara Morris,110,45000.0,Microwave,Home,online,Hyderabad,2026-04-05,1,Cash,0.05,Bar*****@gmail.com,87******56,successful,44999.95,2026-04
859,77,Robert Diaz,108,,Mixer Grinder,Home,offline,Hyderabad,2026-01-04,3,Card,0.05,Rob*****@yahoo.com,69******45,successful,,2026-01
860,502,Amy Stewart,109,65000.0,Refrigerator,Home,online,Delhi,2026-03-02,3,Card,0.05,Amy*****@gmail.com,99******62,successful,194999.95,2026-03
861,894,Felicia Rollins,102,70000.0,Phone,Elec,offline,Bangalore,2026-01-03,3,NetBanking,0.15,Fel*****@yahoo.com,88******95,successful,209999.85,2026-01
862,469,Michael Garcia,103,1300.0,Shirt,Clothing,online,Delhi,2025-11-07,5,UPI,0.15,Mic*****@gmail.com,75******16,successful,6499.85,2025-11
864,56,Joshua Li,110,45000.0,Microwave,Home Appliances,online,Bangalore,2025-12-11,4,UPI,0.35,Jos*****@gmail.com,70******90,successful,179999.65,2025-12
865,698,Jennifer Mendoza,110,45000.0,Microwave,Home Appliances,offline,Chennai,2026-02-19,3,UPI,0.3,Jen*****@outlook.com,85******94,successful,134999.7,2026-02
866,974,Phillip Rodriguez,106,,Sofa,Furniture,online,Bangalore,2025-07-11,2,NetBanking,0.2,Phi*****@yahoo.com,87******16,successful,,2025-07
867,836,Jennifer Ross,103,1300.0,Shirt,Clothing,online,Chennai,2025-06-29,1,NetBanking,0.35,Jen*****@gmail.com,97******95,successful,1299.65,2025-06
869,76,Cindy Lewis,106,80000.0,Sofa,Furniture,online,Chennai,2025-09-29,4,Card,0.4,Cin*****@outlook.com,66******66,successful,319999.6,2025-09
870,79,Tony Jones,104,8000.0,Shoes,Clothing,online,Bangalore,2026-03-09,1,Card,0.2,Ton*****@yahoo.com,71******23,successful,7999.8,2026-03
872,557,Joseph Cowan,104,8000.0,Shoes,Clothing,online,Hyderabad,2025-11-28,1,Card,0.1,Jos*****@gmail.com,64******09,successful,7999.9,2025-11
873,38,Laura Shelton,105,45000.0,Tv,Electronics,online,Bangalore,2025-06-28,3,Card,0.4,Lau*****@gmail.com,65******05,successful,134999.6,2025-06
874,789,Bryan Walker,110,45000.0,Microwave,Home,online,Chennai,2025-07-06,2,Card,0.05,Bry*****@gmail.com,75******67,successful,89999.95,2025-07
876,7,John Edwards,104,8000.0,Shoes,Clothing,offline,Delhi,2025-06-28,4,UPI,0.05,Joh*****@outlook.com,97******76,successful,31999.95,2025-06
877,84,Paul Pacheco,109,65000.0,Refrigerator,Home,online,Bangalore,2026-04-04,4,Card,0.4,Pau*****@outlook.com,67******57,successful,259999.6,2026-04
878,1,Karen Pollard,110,45000.0,Microwave,Home,online,Hyderabad,2025-05-01,1,NetBanking,0.2,Kar*****@yahoo.com,71******63,successful,44999.8,2025-05
879,202,Amanda Reed,104,8000.0,Shoes,Clothing,offline,Delhi,2026-03-31,2,UPI,0.4,Ama*****@yahoo.com,65******99,successful,15999.6,2026-03
880,483,Stephanie Holt,109,65000.0,Refrigerator,Home Appliances,offline,Bangalore,2025-05-18,2,Cash,0.35,Ste*****@outlook.com,71******07,successful,129999.65,2025-05
882,97,Joseph Nolan,106,80000.0,Sofa,Furniture,offline,Bangalore,2025-01-07,3,Cash,0.05,Jos*****@outlook.com,95******93,successful,239999.95,2025-01
883,931,Melissa Lewis,110,45000.0,Microwave,Home Appliances,offline,Mumbai,2025-10-26,1,Card,0.15,Mel*****@gmail.com,95******95,successful,44999.85,2025-10
884,558,Bryan Phelps,108,15000.0,Mixer Grinder,Home Appliances,offline,Chennai,2025-05-10,2,NetBanking,0.25,Bry*****@gmail.com,88******62,successful,29999.75,2025-05
886,941,Chelsea Wallace,105,45000.0,Tv,Electronics,offline,Bangalore,2025-09-25,1,NetBanking,0.3,Che*****@outlook.com,96******36,successful,44999.7,2025-09
888,144,Amber Boyd,101,250000.0,Laptop,Electronics,online,Mumbai,2025-10-30,4,Cash,0.4,Amb*****@gmail.com,91******81,successful,999999.6,2025-10
891,986,Judy Clark,104,8000.0,Shoes,Cloth,online,Chennai,2025-07-30,4,Cash,0.05,Jud*****@yahoo.com,98******86,successful,31999.95,2025-07
892,925,Steve Ayala,104,8000.0,Shoes,Cloth,online,Hyderabad,2025-09-20,4,Card,0.1,Ste*****@gmail.com,95******18,successful,31999.9,2025-09
894,723,Christopher Walter,103,1300.0,Shirt,Clothing,online,Hyderabad,2025-07-19,4,Cash,0.2,Chr*****@gmail.com,90******07,successful,5199.8,2025-07
895,450,Matthew Martinez,102,70000.0,Phone,Elec,online,Bangalore,2025-12-03,2,NetBanking,0.15,Mat*****@outlook.com,61******44,successful,139999.85,2025-12
896,528,Kerri Rodriguez,105,45000.0,Tv,Electronics,online,Chennai,2025-07-22,4,Cash,0.2,Ker*****@gmail.com,77******93,successful,179999.8,2025-07
897,390,Erika Knight,103,1300.0,Shirt,Clothing,offline,Mumbai,2025-10-30,4,UPI,0.35,Eri*****@gmail.com,88******25,successful,5199.65,2025-10
898,136,Jasmine Miller,108,15000.0,Mixer Grinder,Home,offline,Chennai,2025-12-24,2,Card,0.2,Jas*****@yahoo.com,87******13,successful,29999.8,2025-12
899,194,Leonard Taylor,107,50000.0,Dining Table,Furniture,online,Chennai,2025-09-08,4,Card,0.15,Leo*****@gmail.com,88******98,successful,199999.85,2025-09
900,128,Ethan Porter,104,8000.0,Shoes,Clothing,offline,Bangalore,2025-12-27,1,UPI,0.05,Eth*****@yahoo.com,69******64,successful,7999.95,2025-12
901,674,Haley Alvarez,104,8000.0,Shoes,Cloth,offline,Bangalore,2026-02-09,3,NetBanking,0.35,Hal*****@outlook.com,99******72,successful,23999.65,2026-02
902,109,Michael Walker,107,50000.0,Dining Table,Furniture,offline,Mumbai,2025-12-19,3,Cash,0.35,Mic*****@yahoo.com,99******71,successful,149999.65,2025-12
904,592,Timothy Medina,103,1300.0,Shirt,Clothing,offline,Delhi,2025-06-15,2,NetBanking,0.25,Tim*****@gmail.com,70******01,successful,2599.75,2025-06
905,816,Erika Martin,110,45000.0,Microwave,Home Appliances,offline,Delhi,2026-01-08,5,UPI,0.3,Eri*****@yahoo.com,70******45,successful,224999.7,2026-01
906,548,Jesse King,106,80000.0,Sofa,Furniture,offline,Mumbai,2025-04-23,1,Card,0.2,Jes*****@outlook.com,81******75,successful,79999.8,2025-04
907,650,Michael Haynes,104,8000.0,Shoes,Cloth,offline,Hyderabad,2026-03-04,2,UPI,0.25,Mic*****@yahoo.com,60******33,successful,15999.75,2026-03
908,889,Robert Carlson,104,8000.0,Shoes,Cloth,offline,Delhi,2025-12-01,3,NetBanking,0.1,Rob*****@gmail.com,95******01,successful,23999.9,2025-12
910,999,Elizabeth Brooks,104,8000.0,Shoes,Cloth,online,Hyderabad,2025-04-17,2,NetBanking,0.35,Eli*****@yahoo.com,88******06,successful,15999.65,2025-04
911,269,Christina Conrad,102,70000.0,Phone,Elec,online,Chennai,2026-02-24,4,Cash,0.1,Chr*****@yahoo.com,83******47,successful,279999.9,2026-02
912,404,Julian Cox,108,15000.0,Mixer Grinder,Home,offline,Delhi,2025-08-01,1,NetBanking,0.05,Jul*****@outlook.com,99******39,successful,14999.95,2025-08
913,211,Arthur Lopez,105,45000.0,Tv,Electronics,offline,Hyderabad,2025-04-26,3,UPI,0.2,Art*****@yahoo.com,85******29,successful,134999.8,2025-04
914,947,Gabriel Golden,101,250000.0,Laptop,Elec,offline,Mumbai,2026-05-04,2,Card,0.3,Gab*****@gmail.com,75******30,successful,499999.7,2026-05
915,73,Anthony Gonzalez,103,1300.0,Shirt,Clothing,offline,Mumbai,2025-06-11,2,Card,0.2,Ant*****@yahoo.com,95******12,successful,2599.8,2025-06
916,917,Alexandria Marks,101,250000.0,Laptop,Electronics,online,Hyderabad,2025-09-20,2,Card,0.15,Ale*****@gmail.com,88******19,successful,499999.85,2025-09
918,481,Valerie Phillips,102,70000.0,Phone,Electronics,offline,Chennai,2025-06-21,2,NetBanking,0.1,Val*****@gmail.com,84******27,successful,139999.9,2025-06
919,465,Heather Walker,105,,Tv,Elec,online,Hyderabad,2025-05-19,2,Cash,0.35,Hea*****@gmail.com,89******02,successful,,2025-05
920,27,Ashley Simpson,105,45000.0,Tv,Elec,online,Chennai,2025-08-07,3,NetBanking,0.25,Ash*****@outlook.com,85******05,successful,134999.75,2025-08
922,162,Kirsten Thomas,104,8000.0,Shoes,Cloth,offline,Hyderabad,2025-05-06,3,NetBanking,0.2,Kir*****@yahoo.com,97******18,successful,23999.8,2025-05
923,836,Jennifer Ross,110,45000.0,Microwave,Home Appliances,online,Chennai,2025-09-06,4,Card,0.4,Jen*****@gmail.com,97******95,successful,179999.6,2025-09
924,134,Marie Thomas,107,50000.0,Dining Table,Furniture,online,Bangalore,2025-06-02,3,Cash,0.05,Mar*****@outlook.com,79******77,successful,149999.95,2025-06
925,187,Timothy Salazar,107,50000.0,Dining Table,Furniture,online,Bangalore,2026-01-05,5,Card,0.2,Tim*****@yahoo.com,99******10,successful,249999.8,2026-01
927,464,Gail Wilson,108,15000.0,Mixer Grinder,Home Appliances,offline,Mumbai,2025-04-17,5,Card,0.4,Gai*****@outlook.com,77******38,successful,74999.6,2025-04
928,852,Morgan Lewis,110,45000.0,Microwave,Home Appliances,offline,Mumbai,2025-08-13,4,UPI,0.15,Mor*****@gmail.com,69******87,successful,179999.85,2025-08
929,526,Paul Fields,110,45000.0,Microwave,Home Appliances,online,Chennai,2026-02-04,1,UPI,0.15,Pau*****@gmail.com,90******06,successful,44999.85,2026-02
930,399,Rebecca French,109,65000.0,Refrigerator,Home,online,Chennai,2025-07-27,2,Cash,0.4,Reb*****@gmail.com,79******49,successful,129999.6,2025-07
931,158,Tiffany Mitchell,108,15000.0,Mixer Grinder,Home Appliances,offline,Delhi,2025-07-15,1,UPI,0.3,Tif*****@gmail.com,79******16,successful,14999.7,2025-07
933,131,Pamela Peterson,106,80000.0,Sofa,Furniture,online,Bangalore,2026-03-29,5,Card,0.25,Pam*****@gmail.com,65******47,successful,399999.75,2026-03
934,561,Allison Lee,107,50000.0,Dining Table,Furniture,online,Mumbai,2025-07-10,1,Cash,0.15,All*****@gmail.com,83******75,successful,49999.85,2025-07
935,436,Jesse Conway,109,65000.0,Refrigerator,Home Appliances,offline,Hyderabad,2025-10-17,1,Cash,0.4,Jes*****@gmail.com,85******81,successful,64999.6,2025-10
936,356,Larry Mercado,108,15000.0,Mixer Grinder,Home Appliances,online,Hyderabad,2025-12-13,4,NetBanking,0.05,Lar*****@gmail.com,69******20,successful,59999.95,2025-12
937,989,Jason Huerta,105,45000.0,Tv,Elec,online,Chennai,2025-09-10,4,Card,0.3,Jas*****@yahoo.com,95******62,successful,179999.7,2025-09
939,142,Charles Brown,108,15000.0,Mixer Grinder,Home,online,Hyderabad,2025-12-12,2,UPI,0.35,Cha*****@gmail.com,99******22,successful,29999.65,2025-12
940,232,Joel Reid,109,65000.0,Refrigerator,Home Appliances,offline,Chennai,2026-04-14,3,Cash,0.2,Joe*****@gmail.com,81******20,successful,194999.8,2026-04
941,37,Joshua Nunez,105,45000.0,Tv,Electronics,offline,Mumbai,2025-10-17,5,Card,0.1,Jos*****@yahoo.com,85******85,successful,224999.9,2025-10
942,507,Thomas Cameron,106,80000.0,Sofa,Furn,offline,Delhi,2025-11-27,3,Card,0.35,Tho*****@outlook.com,92******64,successful,239999.65,2025-11
943,981,Christine Harper,107,50000.0,Dining Table,Furniture,offline,Mumbai,2025-08-26,4,UPI,0.05,Chr*****@gmail.com,68******39,successful,199999.95,2025-08
945,207,Tonya Lopez,103,1300.0,Shirt,Clothing,online,Bangalore,2025-06-28,2,Card,0.3,Ton*****@gmail.com,80******19,successful,2599.7,2025-06
946,207,Tonya Lopez,104,8000.0,Shoes,Clothing,offline,Bangalore,2025-10-14,5,Cash,0.15,Ton*****@gmail.com,80******19,successful,39999.85,2025-10
948,516,Brittany Roberts,102,70000.0,Phone,Elec,offline,Hyderabad,2025-11-30,2,Card,0.4,Bri*****@outlook.com,84******57,successful,139999.6,2025-11
950,205,Renee Harris,105,45000.0,Tv,Elec,offline,Mumbai,2025-04-30,2,UPI,0.4,Ren*****@gmail.com,94******50,successful,89999.6,2025-04
951,431,Tracie Kim,106,,Sofa,Furniture,offline,Bangalore,2026-02-01,1,Cash,0.1,Tra*****@yahoo.com,83******30,successful,,2026-02
954,604,Craig Miller,105,45000.0,Tv,Electronics,offline,Chennai,2025-08-09,2,Card,0.4,Cra*****@outlook.com,68******47,successful,89999.6,2025-08
956,847,Eric Mejia,108,15000.0,Mixer Grinder,Home Appliances,online,Delhi,2026-03-14,5,NetBanking,0.3,Eri*****@gmail.com,91******86,successful,74999.7,2026-03
957,966,Susan Phillips,101,250000.0,Laptop,Electronics,online,Delhi,2026-03-11,2,Cash,0.05,Sus*****@gmail.com,82******18,successful,499999.95,2026-03
958,443,Judy Patton,103,1300.0,Shirt,Clothing,offline,Chennai,2025-11-06,4,NetBanking,0.15,Jud*****@yahoo.com,62******29,successful,5199.85,2025-11
959,864,Cameron Black,102,70000.0,Phone,Electronics,offline,Chennai,2025-11-18,5,Cash,0.3,Cam*****@yahoo.com,99******77,successful,349999.7,2025-11
960,714,Scott Lane,103,1300.0,Shirt,Clothing,offline,Mumbai,2025-08-24,2,NetBanking,0.2,Sco*****@gmail.com,99******50,successful,2599.8,2025-08
961,584,Stacie Jones,102,70000.0,Phone,Electronics,offline,Chennai,2026-04-08,5,Cash,0.05,Sta*****@gmail.com,96******93,successful,349999.95,2026-04
962,985,Lindsey Rivas,104,8000.0,Shoes,Cloth,offline,Bangalore,2025-07-06,2,Cash,0.15,Lin*****@yahoo.com,84******56,successful,15999.85,2025-07
963,338,Lisa Garrison,107,50000.0,Dining Table,Furn,offline,Delhi,2025-08-02,2,UPI,0.4,Lis*****@outlook.com,67******37,successful,99999.6,2025-08
964,967,Brittany Bush,107,50000.0,Dining Table,Furn,online,Hyderabad,2026-01-03,2,NetBanking,0.1,Bri*****@yahoo.com,88******54,successful,99999.9,2026-01
965,304,Aaron Moore,106,,Sofa,Furniture,online,Delhi,2025-11-26,5,UPI,0.1,Aar*****@outlook.com,87******46,successful,,2025-11
966,200,Miguel Proctor,107,50000.0,Dining Table,Furniture,online,Delhi,2025-11-21,4,Cash,0.35,Mig*****@gmail.com,81******35,successful,199999.65,2025-11
967,908,Michelle Shaw,104,8000.0,Shoes,Cloth,online,Hyderabad,2026-03-04,1,NetBanking,0.35,Mic*****@gmail.com,76******12,successful,7999.65,2026-03
968,52,David Hernandez,102,70000.0,Phone,Electronics,online,Mumbai,2026-08-01,2,NetBanking,0.05,Dav*****@gmail.com,93******99,successful,139999.95,2026-08
969,77,Robert Diaz,106,80000.0,Sofa,Furniture,offline,Hyderabad,2025-06-18,2,Cash,0.2,Rob*****@yahoo.com,69******45,successful,159999.8,2025-06
970,422,Patrick Ramirez,103,1300.0,Shirt,Clothing,offline,Delhi,2026-02-02,4,Cash,0.3,Pat*****@gmail.com,63******59,successful,5199.7,2026-02
971,757,Yvette Clark,109,65000.0,Refrigerator,Home,offline,Hyderabad,2025-04-24,1,Cash,0.4,Yve*****@gmail.com,60******34,successful,64999.6,2025-04
972,625,Elizabeth Duran,110,45000.0,Microwave,Home Appliances,online,Mumbai,2026-03-27,5,Cash,0.25,Eli*****@gmail.com,78******97,successful,224999.75,2026-03
973,991,Darlene Chapman,108,15000.0,Mixer Grinder,Home Appliances,online,Hyderabad,2026-02-05,2,Cash,0.1,Dar*****@gmail.com,81******95,successful,29999.9,2026-02
974,698,Jennifer Mendoza,104,8000.0,Shoes,Cloth,online,Chennai,2025-07-14,3,Card,0.35,Jen*****@outlook.com,85******94,successful,23999.65,2025-07
975,204,Kevin Osborne,103,1300.0,Shirt,Clothing,offline,Chennai,2025-07-29,3,Card,0.35,Kev*****@gmail.com,62******34,successful,3899.65,2025-07
976,330,Don Thompson,101,,Laptop,Electronics,online,Hyderabad,2025-06-16,5,UPI,0.2,Don*****@outlook.com,86******14,successful,,2025-06
977,303,Derek Rose,102,70000.0,Phone,Electronics,online,Chennai,2025-07-24,5,UPI,0.1,Der*****@gmail.com,96******11,successful,349999.9,2025-07
978,178,Claudia Miles,105,45000.0,Tv,Electronics,offline,Bangalore,2025-09-18,5,UPI,0.2,Cla*****@outlook.com,86******87,successful,224999.8,2025-09
979,381,Melissa Garza,109,65000.0,Refrigerator,Home,offline,Hyderabad,2025-06-05,3,NetBanking,0.25,Mel*****@gmail.com,69******06,successful,194999.75,2025-06
980,694,Lori Barrera,106,,Sofa,Furn,online,Hyderabad,2025-09-30,5,NetBanking,0.1,Lor*****@gmail.com,95******73,successful,,2025-09
981,813,John Harris,107,50000.0,Dining Table,Furn,online,Chennai,2025-08-25,4,UPI,0.1,Joh*****@gmail.com,95******48,successful,199999.9,2025-08
982,796,Jasmine Lopez,104,8000.0,Shoes,Clothing,offline,Bangalore,2025-09-26,3,NetBanking,0.35,Jas*****@outlook.com,91******17,successful,23999.65,2025-09
983,819,Daniel Vang,105,45000.0,Tv,Electronics,offline,Chennai,2026-01-30,5,Card,0.4,Dan*****@outlook.com,86******71,successful,224999.6,2026-01
985,736,Lisa Lee,101,250000.0,Laptop,Electronics,offline,Delhi,2025-01-08,2,Cash,0.2,Lis*****@gmail.com,70******21,successful,499999.8,2025-01
986,108,Andrew Vazquez,108,,Mixer Grinder,Home Appliances,offline,Delhi,2025-04-28,1,NetBanking,0.2,And*****@yahoo.com,95******27,successful,,2025-04
987,539,Kari Austin,103,1300.0,Shirt,Cloth,offline,Bangalore,2026-01-19,1,Card,0.15,Kar*****@outlook.com,88******10,successful,1299.85,2026-01
988,185,Sarah Cohen,102,70000.0,Phone,Elec,offline,Mumbai,2025-05-28,1,NetBanking,0.35,Sar*****@outlook.com,88******28,successful,69999.65,2025-05
989,674,Haley Alvarez,110,45000.0,Microwave,Home,offline,Bangalore,2025-06-20,3,Card,0.4,Hal*****@outlook.com,99******72,successful,134999.6,2025-06
992,680,Benjamin Anderson,110,45000.0,Microwave,Home,online,Delhi,2026-04-03,2,NetBanking,0.25,Ben*****@yahoo.com,70******12,successful,89999.75,2026-04
993,287,Cory Howell,104,8000.0,Shoes,Cloth,online,Delhi,2025-04-21,1,NetBanking,0.35,Cor*****@gmail.com,68******87,successful,7999.65,2025-04
994,107,Cory Tyler,101,250000.0,Laptop,Elec,online,Chennai,2025-07-31,5,Cash,0.15,Cor*****@outlook.com,72******13,successful,1249999.85,2025-07
995,725,Jody Martinez,107,50000.0,Dining Table,Furn,online,Bangalore,2026-02-16,2,UPI,0.25,Jod*****@gmail.com,79******89,successful,99999.75,2026-02
996,274,Joseph Parker,108,15000.0,Mixer Grinder,Home,online,Bangalore,2025-01-10,5,Card,0.2,Jos*****@gmail.com,79******06,successful,74999.8,2025-01
997,181,Maria Robinson,106,80000.0,Sofa,Furniture,offline,Delhi,2025-05-08,2,Card,0.25,Mar*****@gmail.com,87******17,successful,159999.75,2025-05
998,163,Robert Carlson,110,45000.0,Microwave,Home Appliances,offline,Mumbai,2026-01-04,2,Cash,0.4,Rob*****@gmail.com,86******58,successful,89999.6,2026-01
999,222,Emily Hernandez,102,,Phone,Electronics,offline,Delhi,2026-03-18,3,NetBanking,0.05,Emi*****@gmail.com,89******56,successful,,2026-03
1001,384,Jeffrey Williams,102,70000.0,Phone,Electronics,offline,Mumbai,2025-10-03,2,Cash,0.4,Jef*****@outlook.com,66******49,successful,139999.6,2025-10
1002,822,Christine Rivera,109,65000.0,Refrigerator,Home Appliances,offline,Hyderabad,2025-03-12,3,NetBanking,0.15,Chr*****@yahoo.com,66******21,successful,194999.85,2025-03
1003,572,Holly Russell,109,,Refrigerator,Home Appliances,offline,Hyderabad,2026-01-06,2,UPI,0.15,Hol*****@outlook.com,81******37,successful,,2026-01
1006,196,Mary Hicks,104,8000.0,Shoes,Clothing,online,Chennai,2026-02-27,3,Card,0.2,Mar*****@gmail.com,78******72,successful,23999.8,2026-02
1007,187,Timothy Salazar,109,65000.0,Refrigerator,Home,offline,Bangalore,2025-07-07,4,NetBanking,0.35,Tim*****@yahoo.com,99******10,successful,259999.65,2025-07
1008,167,Madison Gentry,105,45000.0,Tv,Elec,online,Delhi,2026-03-17,5,Cash,0.15,Mad*****@yahoo.com,63******28,successful,224999.85,2026-03
1009,9,Dillon Harris,102,70000.0,Phone,Elec,offline,Mumbai,2025-11-23,1,Cash,0.1,Dil*****@gmail.com,84******06,successful,69999.9,2025-11
1010,660,Jessica Stephenson,110,45000.0,Microwave,Home Appliances,online,Hyderabad,2026-02-26,3,UPI,0.1,Jes*****@gmail.com,86******90,successful,134999.9,2026-02
1011,43,Jennifer Frye,110,45000.0,Microwave,Home Appliances,offline,Chennai,2026-03-12,3,UPI,0.15,Jen*****@outlook.com,84******95,successful,134999.85,2026-03
1013,213,Nancy Lee,108,15000.0,Mixer Grinder,Home Appliances,online,Hyderabad,2025-05-27,2,UPI,0.3,Nan*****@yahoo.com,88******42,successful,29999.7,2025-05
1014,940,Nicole Briggs,106,,Sofa,Furniture,online,Chennai,2025-11-18,3,Cash,0.25,Nic*****@gmail.com,66******93,successful,,2025-11
1016,66,Jonathan Lewis,102,70000.0,Phone,Electronics,offline,Bangalore,2025-12-31,3,Card,0.25,Jon*****@gmail.com,60******80,successful,209999.75,2025-12
1018,731,Mike Chavez,105,45000.0,Tv,Elec,online,Hyderabad,2025-10-28,5,Card,0.4,Mik*****@outlook.com,63******56,successful,224999.6,2025-10
1019,948,Deborah Payne,109,65000.0,Refrigerator,Home,offline,Mumbai,2025-08-09,4,Card,0.35,Deb*****@yahoo.com,63******28,successful,259999.65,2025-08
1020,273,John Evans,108,15000.0,Mixer Grinder,Home Appliances,offline,Hyderabad,2026-03-25,5,Card,0.4,Joh*****@outlook.com,99******99,successful,74999.6,2026-03
1021,430,Elizabeth Stephens,110,45000.0,Microwave,Home Appliances,offline,Delhi,2025-09-12,4,Card,0.05,Eli*****@gmail.com,81******57,successful,179999.95,2025-09
1022,152,Levi Leon,106,80000.0,Sofa,Furniture,online,Chennai,2025-05-04,2,NetBanking,0.35,Lev*****@gmail.com,66******06,successful,159999.65,2025-05
1023,393,Shannon Alvarez,105,45000.0,Tv,Electronics,offline,Mumbai,2025-12-19,5,NetBanking,0.3,Sha*****@gmail.com,95******30,successful,224999.7,2025-12
1024,565,Craig Moore,106,80000.0,Sofa,Furn,online,Mumbai,2025-08-11,2,UPI,0.1,Cra*****@gmail.com,99******11,successful,159999.9,2025-08
1025,901,Robert Mccoy,102,70000.0,Phone,Electronics,online,Mumbai,2025-12-19,5,Card,0.05,Rob*****@gmail.com,61******32,successful,349999.95,2025-12
1026,290,Megan Carter,109,65000.0,Refrigerator,Home,offline,Chennai,2025-10-06,5,Card,0.3,Meg*****@yahoo.com,62******23,successful,324999.7,2025-10
1029,329,William Jackson,107,50000.0,Dining Table,Furniture,online,Mumbai,2026-01-15,5,NetBanking,0.05,Wil*****@outlook.com,78******06,successful,249999.95,2026-01
1031,619,Angelica Wood,105,45000.0,Tv,Electronics,online,Mumbai,2025-08-17,2,Card,0.35,Ang*****@outlook.com,92******69,successful,89999.65,2025-08
1032,717,Lisa Palmer,109,65000.0,Refrigerator,Home Appliances,online,Mumbai,2025-10-06,2,Card,0.15,Lis*****@outlook.com,92******87,successful,129999.85,2025-10
1033,116,Doris Banks,109,,Refrigerator,Home Appliances,online,Delhi,2025-12-01,5,UPI,0.35,Dor*****@yahoo.com,93******06,successful,,2025-12
1034,467,Tommy Brown,102,70000.0,Phone,Electronics,offline,Chennai,2026-02-18,1,Card,0.3,Tom*****@outlook.com,67******92,successful,69999.7,2026-02
1036,58,Michelle Barnes,103,1300.0,Shirt,Cloth,offline,Hyderabad,2025-10-02,2,UPI,0.15,Mic*****@gmail.com,72******20,successful,2599.85,2025-10
1037,494,Russell Estes,105,45000.0,Tv,Electronics,online,Chennai,2025-07-23,1,Cash,0.3,Rus*****@yahoo.com,67******27,successful,44999.7,2025-07
1038,647,Michelle Conway,110,45000.0,Microwave,Home Appliances,online,Chennai,2025-08-24,5,UPI,0.4,Mic*****@yahoo.com,90******05,successful,224999.6,2025-08
1039,159,Patrick Lucas,108,15000.0,Mixer Grinder,Home Appliances,online,Delhi,2026-10-03,3,Card,0.2,Pat*****@gmail.com,76******39,successful,44999.8,2026-10
1040,750,Kristi Blackwell,109,,Refrigerator,Home,offline,Hyderabad,2025-12-03,3,Card,0.1,Kri*****@yahoo.com,77******01,successful,,2025-12
1041,672,Austin Perez,102,70000.0,Phone,Electronics,offline,Delhi,2026-01-12,3,Cash,0.35,Aus*****@gmail.com,60******18,successful,209999.65,2026-01
1042,993,Julie Wade,106,,Sofa,Furniture,online,Bangalore,2025-08-30,2,NetBanking,0.4,Jul*****@outlook.com,74******25,successful,,2025-08
1043,398,Michele Sanchez,102,70000.0,Phone,Electronics,online,Bangalore,2025-07-07,2,Cash,0.25,Mic*****@outlook.com,60******61,successful,139999.75,2025-07
1044,567,Benjamin Peters,103,1300.0,Shirt,Clothing,offline,Bangalore,2025-12-24,2,UPI,0.05,Ben*****@gmail.com,78******38,successful,2599.95,2025-12
1045,348,James Nash,109,,Refrigerator,Home,offline,Chennai,2025-08-14,5,Card,0.35,Jam*****@gmail.com,77******37,successful,,2025-08
1046,907,Jeffrey Mccall,101,250000.0,Laptop,Electronics,online,Hyderabad,2025-10-21,1,UPI,0.25,Jef*****@gmail.com,67******50,successful,249999.75,2025-10
1048,143,Brian Johnson,109,65000.0,Refrigerator,Home Appliances,offline,Chennai,2025-08-24,4,UPI,0.15,Bri*****@yahoo.com,64******31,successful,259999.85,2025-08
1049,566,Tina Chung,102,70000.0,Phone,Electronics,offline,Mumbai,2025-04-08,2,Card,0.35,Tin*****@gmail.com,67******11,successful,139999.65,2025-04
1052,911,Kelly Le,107,50000.0,Dining Table,Furniture,offline,Delhi,2025-08-08,4,Card,0.1,Kel*****@outlook.com,68******69,successful,199999.9,2025-08
1053,714,Scott Lane,103,1300.0,Shirt,Clothing,online,Mumbai,2025-10-26,5,Cash,0.15,Sco*****@gmail.com,99******50,successful,6499.85,2025-10
1056,104,Amanda Castillo,104,8000.0,Shoes,Clothing,online,Hyderabad,2025-06-04,2,Cash,0.2,Ama*****@yahoo.com,92******48,successful,15999.8,2025-06
1058,899,Whitney Avila,103,1300.0,Shirt,Clothing,offline,Delhi,2026-03-13,5,UPI,0.2,Whi*****@yahoo.com,84******15,successful,6499.8,2026-03
1059,473,Daniel Tapia,102,70000.0,Phone,Elec,offline,Hyderabad,2025-04-25,2,Card,0.15,Dan*****@yahoo.com,99******08,successful,139999.85,2025-04
1060,323,Victoria Phillips,107,50000.0,Dining Table,Furn,online,Hyderabad,2026-01-20,1,NetBanking,0.3,Vic*****@gmail.com,61******94,successful,49999.7,2026-01
1061,346,Erin Frye,108,15000.0,Mixer Grinder,Home Appliances,offline,Bangalore,2025-04-24,2,UPI,0.3,Eri*****@yahoo.com,62******11,successful,29999.7,2025-04
1064,208,Matthew Berry,105,45000.0,Tv,Electronics,offline,Hyderabad,2026-04-04,4,NetBanking,0.2,Mat*****@gmail.com,88******27,successful,179999.8,2026-04
1067,806,Jacqueline Cantu,103,1300.0,Shirt,Clothing,offline,Chennai,2025-07-19,5,NetBanking,0.35,Jac*****@gmail.com,86******33,successful,6499.65,2025-07
1068,225,Caitlin Contreras,103,1300.0,Shirt,Clothing,online,Chennai,2025-07-22,5,Card,0.05,Cai*****@yahoo.com,79******84,successful,6499.95,2025-07
1069,133,Christy Stone,105,45000.0,Tv,Electronics,online,Chennai,2025-05-04,2,Cash,0.35,Chr*****@outlook.com,64******00,successful,89999.65,2025-05
1070,420,Marcus Wilkinson,107,50000.0,Dining Table,Furn,offline,Hyderabad,2026-01-01,4,Cash,0.4,Mar*****@yahoo.com,75******10,successful,199999.6,2026-01
1071,667,Kelsey Mendoza,102,70000.0,Phone,Electronics,offline,Bangalore,2026-03-16,2,Card,0.35,Kel*****@outlook.com,75******12,successful,139999.65,2026-03
1074,746,James Meyer,105,45000.0,Tv,Elec,online,Bangalore,2026-03-08,3,UPI,0.15,Jam*****@outlook.com,77******57,successful,134999.85,2026-03
1076,842,Amy Quinn,106,80000.0,Sofa,Furniture,offline,Hyderabad,2025-01-11,3,Card,0.1,Amy*****@outlook.com,72******95,successful,239999.9,2025-01
1077,36,Brian Martinez,107,50000.0,Dining Table,Furniture,offline,Chennai,2025-05-10,1,NetBanking,0.25,Bri*****@gmail.com,71******04,successful,49999.75,2025-05
1078,422,Patrick Ramirez,104,8000.0,Shoes,Clothing,online,Delhi,2025-12-01,5,Cash,0.3,Pat*****@gmail.com,63******59,successful,39999.7,2025-12
1079,320,Stephen Tyler,101,250000.0,Laptop,Elec,online,Hyderabad,2025-11-04,3,Card,0.05,Ste*****@yahoo.com,80******67,successful,749999.95,2025-11
1080,419,William Taylor,108,15000.0,Mixer Grinder,Home Appliances,offline,Bangalore,2025-07-21,2,Card,0.2,Wil*****@yahoo.com,85******68,successful,29999.8,2025-07
1081,533,Andrew Riggs,104,8000.0,Shoes,Cloth,online,Chennai,2025-11-05,4,UPI,0.25,And*****@gmail.com,94******77,successful,31999.75,2025-11
1082,714,Scott Lane,109,65000.0,Refrigerator,Home Appliances,offline,Mumbai,2025-09-26,3,UPI,0.2,Sco*****@gmail.com,99******50,successful,194999.8,2025-09
1083,507,Thomas Cameron,107,50000.0,Dining Table,Furn,offline,Delhi,2026-02-14,1,NetBanking,0.05,Tho*****@outlook.com,92******64,successful,49999.95,2026-02
1084,219,Alexander Phillips,109,,Refrigerator,Home Appliances,offline,Mumbai,2026-04-16,4,Card,0.3,Ale*****@gmail.com,72******92,successful,,2026-04
1085,83,Richard Lyons,101,250000.0,Laptop,Electronics,online,Hyderabad,2025-04-20,1,Card,0.2,Ric*****@outlook.com,70******37,successful,249999.8,2025-04
1086,868,Timothy Henderson,105,45000.0,Tv,Elec,offline,Hyderabad,2025-11-05,2,UPI,0.15,Tim*****@gmail.com,65******86,successful,89999.85,2025-11
1087,673,Nicole Davis,101,250000.0,Laptop,Electronics,offline,Mumbai,2026-10-02,2,UPI,0.15,Nic*****@gmail.com,97******01,successful,499999.85,2026-10
1088,807,Steven Li,101,250000.0,Laptop,Electronics,online,Mumbai,2025-09-14,1,UPI,0.4,Ste*****@outlook.com,69******30,successful,249999.6,2025-09
1089,810,Mary Martin,105,45000.0,Tv,Elec,offline,Delhi,2025-05-30,5,UPI,0.15,Mar*****@gmail.com,65******60,successful,224999.85,2025-05
1090,441,Austin Bowman,102,70000.0,Phone,Elec,offline,Bangalore,2025-11-02,1,NetBanking,0.2,Aus*****@gmail.com,95******27,successful,69999.8,2025-11
1091,156,Sara Romero,106,80000.0,Sofa,Furniture,online,Chennai,2025-10-04,1,Card,0.05,Sar*****@gmail.com,91******62,successful,79999.95,2025-10
1093,485,James Harris,101,250000.0,Laptop,Elec,online,Delhi,2026-02-01,4,UPI,0.05,Jam*****@yahoo.com,84******57,successful,999999.95,2026-02
1094,516,Brittany Roberts,110,45000.0,Microwave,Home,online,Hyderabad,2026-03-23,2,NetBanking,0.05,Bri*****@outlook.com,84******57,successful,89999.95,2026-03
1095,407,Erika Maxwell,106,80000.0,Sofa,Furniture,offline,Mumbai,2025-10-05,1,UPI,0.05,Eri*****@gmail.com,85******79,successful,79999.95,2025-10
1096,492,Kelsey Torres,104,8000.0,Shoes,Cloth,online,Bangalore,2025-05-02,5,UPI,0.25,Kel*****@outlook.com,60******67,successful,39999.75,2025-05
1098,367,Joshua Tate,103,1300.0,Shirt,Clothing,online,Delhi,2025-06-10,3,NetBanking,0.1,Jos*****@outlook.com,98******16,successful,3899.9,2025-06
1099,271,Jake Arnold,110,45000.0,Microwave,Home Appliances,online,Bangalore,2025-06-25,3,Cash,0.3,Jak*****@gmail.com,92******82,successful,134999.7,2025-06
1100,741,Carla Spencer,107,50000.0,Dining Table,Furniture,offline,Hyderabad,2025-08-31,2,UPI,0.4,Car*****@yahoo.com,86******02,successful,99999.6,2025-08
1101,723,Christopher Walter,107,50000.0,Dining Table,Furn,online,Hyderabad,2025-09-19,1,Card,0.25,Chr*****@gmail.com,90******07,successful,49999.75,2025-09
1102,810,Mary Martin,105,45000.0,Tv,Electronics,offline,Delhi,2025-08-01,3,UPI,0.4,Mar*****@gmail.com,65******60,successful,134999.6,2025-08
1104,957,Justin Doyle,107,50000.0,Dining Table,Furn,online,Delhi,2026-03-19,4,Cash,0.4,Jus*****@gmail.com,93******06,successful,199999.6,2026-03
1105,475,Natalie Andrews,107,50000.0,Dining Table,Furniture,offline,Mumbai,2025-12-30,4,UPI,0.15,Nat*****@outlook.com,74******48,successful,199999.85,2025-12
1106,204,Kevin Osborne,102,,Phone,Electronics,online,Chennai,2025-11-11,3,Card,0.2,Kev*****@gmail.com,62******34,successful,,2025-11
1108,466,Kyle Morris,103,,Shirt,Cloth,offline,Delhi,2025-04-24,3,NetBanking,0.15,Kyl*****@gmail.com,93******29,successful,,2025-04
1109,124,Sarah Rios,103,1300.0,Shirt,Clothing,offline,Mumbai,2025-02-11,4,Cash,0.1,Sar*****@outlook.com,79******48,successful,5199.9,2025-02
1111,469,Michael Garcia,108,,Mixer Grinder,Home Appliances,online,Delhi,2025-11-02,5,NetBanking,0.4,Mic*****@gmail.com,75******16,successful,,2025-11
1112,102,Jennifer Rodriguez,102,70000.0,Phone,Electronics,online,Mumbai,2025-09-09,1,Cash,0.25,Jen*****@yahoo.com,74******88,successful,69999.75,2025-09
1113,513,Brandon Sims,110,45000.0,Microwave,Home Appliances,offline,Chennai,2025-10-21,5,Cash,0.4,Bra*****@outlook.com,70******19,successful,224999.6,2025-10
1114,377,Michael Black,110,,Microwave,Home Appliances,online,Mumbai,2025-08-13,2,UPI,0.35,Mic*****@gmail.com,60******02,successful,,2025-08
1115,758,Nichole Jones,109,65000.0,Refrigerator,Home,online,Chennai,2026-02-27,2,NetBanking,0.2,Nic*****@yahoo.com,61******72,successful,129999.8,2026-02
1116,469,Michael Garcia,109,,Refrigerator,Home,offline,Delhi,2026-02-19,2,Cash,0.15,Mic*****@gmail.com,75******16,successful,,2026-02
1117,456,Christopher Williams,107,50000.0,Dining Table,Furn,online,Chennai,2025-10-12,5,Cash,0.25,Chr*****@gmail.com,79******50,successful,249999.75,2025-10
1118,297,Susan Hill,101,250000.0,Laptop,Elec,offline,Delhi,2025-08-07,3,Cash,0.1,Sus*****@outlook.com,69******63,successful,749999.9,2025-08
1119,162,Kirsten Thomas,107,50000.0,Dining Table,Furniture,offline,Hyderabad,2026-01-08,4,Card,0.15,Kir*****@yahoo.com,97******18,successful,199999.85,2026-01
1121,529,Justin Brown,110,45000.0,Microwave,Home,offline,Bangalore,2025-10-18,3,UPI,0.4,Jus*****@outlook.com,75******82,successful,134999.6,2025-10
1122,569,Lindsay Levine,106,80000.0,Sofa,Furniture,offline,Mumbai,2026-01-09,2,UPI,0.25,Lin*****@gmail.com,61******18,successful,159999.75,2026-01
1123,817,Nicole Ross,110,45000.0,Microwave,Home Appliances,online,Chennai,2025-10-17,1,UPI,0.1,Nic*****@gmail.com,82******66,successful,44999.9,2025-10
1124,174,Jeffrey Lamb,103,1300.0,Shirt,Cloth,offline,Hyderabad,2025-10-29,5,NetBanking,0.05,Jef*****@gmail.com,77******42,successful,6499.95,2025-10
1125,254,Daniel Santos,102,70000.0,Phone,Elec,online,Hyderabad,2025-12-04,5,UPI,0.1,Dan*****@yahoo.com,89******63,successful,349999.9,2025-12
1126,206,Kevin Cox,103,1300.0,Shirt,Clothing,online,Chennai,2026-02-03,4,Card,0.2,Kev*****@outlook.com,93******08,successful,5199.8,2026-02
1127,549,Jacob Hopkins,102,70000.0,Phone,Electronics,offline,Bangalore,2025-01-06,1,NetBanking,0.15,Jac*****@gmail.com,68******90,successful,69999.85,2025-01
1129,282,Tasha Roberson,106,80000.0,Sofa,Furniture,online,Hyderabad,2026-04-07,2,Card,0.05,Tas*****@outlook.com,92******95,successful,159999.95,2026-04
1130,462,Steven Perry,104,8000.0,Shoes,Clothing,offline,Bangalore,2025-05-19,5,Card,0.4,Ste*****@yahoo.com,69******79,successful,39999.6,2025-05
1131,975,Jacqueline Doyle,102,70000.0,Phone,Electronics,online,Hyderabad,2026-04-02,1,NetBanking,0.3,Jac*****@outlook.com,81******90,successful,69999.7,2026-04
1132,35,Guy Walker,107,50000.0,Dining Table,Furn,online,Chennai,2026-03-27,1,UPI,0.1,Guy*****@gmail.com,95******11,successful,49999.9,2026-03
1134,269,Christina Conrad,104,8000.0,Shoes,Clothing,offline,Chennai,2025-08-21,3,NetBanking,0.35,Chr*****@yahoo.com,83******47,successful,23999.65,2025-08
1135,947,Gabriel Golden,102,70000.0,Phone,Elec,offline,Mumbai,2025-06-25,5,Cash,0.15,Gab*****@gmail.com,75******30,successful,349999.85,2025-06
1136,155,James Fleming,102,70000.0,Phone,Electronics,offline,Hyderabad,2025-08-03,4,Cash,0.15,Jam*****@gmail.com,60******86,successful,279999.85,2025-08
1137,767,John Farmer,103,1300.0,Shirt,Cloth,offline,Mumbai,2025-07-08,3,Card,0.05,Joh*****@outlook.com,62******80,successful,3899.95,2025-07
1138,560,Anthony Lawrence,109,65000.0,Refrigerator,Home,online,Hyderabad,2026-02-22,4,Card,0.3,Ant*****@gmail.com,75******87,successful,259999.7,2026-02
1139,543,William Estrada,108,,Mixer Grinder,Home Appliances,offline,Hyderabad,2025-12-25,4,Cash,0.35,Wil*****@gmail.com,90******03,successful,,2025-12
1140,240,Traci Farmer,102,70000.0,Phone,Elec,offline,Bangalore,2026-03-26,5,Cash,0.25,Tra*****@gmail.com,86******25,successful,349999.75,2026-03
1141,968,Keith Davis,102,70000.0,Phone,Electronics,offline,Hyderabad,2026-02-14,2,UPI,0.15,Kei*****@yahoo.com,63******12,successful,139999.85,2026-02
1142,197,Gabriel Mills,105,45000.0,Tv,Electronics,offline,Mumbai,2025-08-23,1,Card,0.3,Gab*****@gmail.com,84******37,successful,44999.7,2025-08
1143,759,Lisa Butler,108,15000.0,Mixer Grinder,Home,online,Hyderabad,2026-12-03,2,NetBanking,0.4,Lis*****@gmail.com,88******71,successful,29999.6,2026-12
1144,805,Latoya Baker,109,65000.0,Refrigerator,Home,offline,Delhi,2025-05-08,5,Card,0.4,Lat*****@gmail.com,73******40,successful,324999.6,2025-05
1145,996,Barbara Morris,102,,Phone,Electronics,offline,Hyderabad,2025-10-03,5,UPI,0.1,Bar*****@gmail.com,87******56,successful,,2025-10
1146,575,Willie Holloway,109,65000.0,Refrigerator,Home Appliances,online,Chennai,2025-10-28,2,NetBanking,0.1,Wil*****@gmail.com,74******39,successful,129999.9,2025-10
1147,12,Dylan Martinez,104,8000.0,Shoes,Clothing,online,Chennai,2025-02-08,1,UPI,0.25,Dyl*****@gmail.com,75******78,successful,7999.75,2025-02
1148,907,Jeffrey Mccall,105,45000.0,Tv,Electronics,online,Hyderabad,2025-07-06,1,NetBanking,0.25,Jef*****@gmail.com,67******50,successful,44999.75,2025-07
1149,167,Madison Gentry,107,50000.0,Dining Table,Furniture,offline,Delhi,2025-07-25,1,NetBanking,0.35,Mad*****@yahoo.com,63******28,successful,49999.65,2025-07
1151,886,Ashley Gamble,105,45000.0,Tv,Electronics,offline,Bangalore,2025-09-06,5,Cash,0.05,Ash*****@gmail.com,72******16,successful,224999.95,2025-09
1152,199,Marissa Cortez,110,45000.0,Microwave,Home Appliances,online,Chennai,2025-09-23,2,UPI,0.1,Mar*****@gmail.com,65******00,successful,89999.9,2025-09
1153,759,Lisa Butler,104,8000.0,Shoes,Cloth,offline,Hyderabad,2025-08-04,1,NetBanking,0.1,Lis*****@gmail.com,88******71,successful,7999.9,2025-08
1154,975,Jacqueline Doyle,103,,Shirt,Cloth,offline,Hyderabad,2026-02-27,5,Cash,0.4,Jac*****@outlook.com,81******90,successful,,2026-02
1155,530,Mark Fowler,109,,Refrigerator,Home Appliances,offline,Delhi,2025-07-26,2,NetBanking,0.25,Mar*****@outlook.com,68******63,successful,,2025-07
1157,739,Brian Fuller,102,70000.0,Phone,Elec,online,Delhi,2026-02-11,4,Cash,0.1,Bri*****@yahoo.com,77******38,successful,279999.9,2026-02
1158,572,Holly Russell,103,1300.0,Shirt,Clothing,online,Hyderabad,2025-10-11,1,UPI,0.2,Hol*****@outlook.com,81******37,successful,1299.8,2025-10
1159,865,Jessica Patterson,106,80000.0,Sofa,Furn,online,Hyderabad,2025-05-28,4,Card,0.2,Jes*****@outlook.com,93******60,successful,319999.8,2025-05
1160,872,David Miller,103,1300.0,Shirt,Clothing,online,Mumbai,2025-08-04,4,UPI,0.25,Dav*****@yahoo.com,87******05,successful,5199.75,2025-08
1161,251,Matthew Clarke,108,15000.0,Mixer Grinder,Home,online,Chennai,2026-03-21,3,NetBanking,0.1,Mat*****@gmail.com,72******08,successful,44999.9,2026-03
1162,380,Matthew Douglas,101,250000.0,Laptop,Electronics,online,Hyderabad,2026-06-03,4,NetBanking,0.35,Mat*****@gmail.com,83******93,successful,999999.65,2026-06
1163,209,Aaron Mclaughlin,104,8000.0,Shoes,Cloth,online,Chennai,2025-11-06,4,Cash,0.4,Aar*****@outlook.com,87******47,successful,31999.6,2025-11
1164,192,Nina Robinson,101,250000.0,Laptop,Elec,online,Bangalore,2026-01-31,4,UPI,0.2,Nin*****@gmail.com,62******16,successful,999999.8,2026-01
1165,889,Robert Carlson,110,45000.0,Microwave,Home Appliances,offline,Delhi,2026-02-08,2,NetBanking,0.4,Rob*****@gmail.com,95******01,successful,89999.6,2026-02
1171,26,Brittany Schmidt,106,80000.0,Sofa,Furniture,offline,Hyderabad,2025-09-28,2,NetBanking,0.25,Bri*****@yahoo.com,81******03,successful,159999.75,2025-09
1172,84,Paul Pacheco,110,,Microwave,Home Appliances,offline,Bangalore,2025-10-30,3,UPI,0.25,Pau*****@outlook.com,67******57,successful,,2025-10
1173,710,April Moore,104,8000.0,Shoes,Clothing,online,Mumbai,2025-07-02,3,Cash,0.4,Apr*****@gmail.com,97******76,successful,23999.6,2025-07
1174,448,Eileen Moore,106,80000.0,Sofa,Furniture,offline,Bangalore,2026-02-07,2,Cash,0.4,Eil*****@gmail.com,60******51,successful,159999.6,2026-02
1175,215,Crystal Aguilar,105,,Tv,Electronics,offline,Mumbai,2025-11-20,4,Card,0.25,Cry*****@gmail.com,61******10,successful,,2025-11
1176,674,Haley Alvarez,106,,Sofa,Furn,offline,Bangalore,2025-10-21,2,Cash,0.1,Hal*****@outlook.com,99******72,successful,,2025-10
1177,294,Jared Moreno,105,45000.0,Tv,Electronics,online,Hyderabad,2025-10-16,4,UPI,0.2,Jar*****@gmail.com,66******09,successful,179999.8,2025-10
1179,682,Crystal Mccarthy,108,15000.0,Mixer Grinder,Home,online,Delhi,2025-10-29,1,NetBanking,0.05,Cry*****@gmail.com,75******26,successful,14999.95,2025-10
1181,930,Jason Hubbard,105,45000.0,Tv,Electronics,offline,Chennai,2025-06-07,1,NetBanking,0.2,Jas*****@gmail.com,70******28,successful,44999.8,2025-06
1183,216,Patricia Myers,101,250000.0,Laptop,Elec,online,Chennai,2025-06-06,5,Card,0.4,Pat*****@gmail.com,88******11,successful,1249999.6,2025-06
1184,563,Robert Baird,108,15000.0,Mixer Grinder,Home Appliances,offline,Hyderabad,2026-01-12,2,NetBanking,0.25,Rob*****@gmail.com,64******00,successful,29999.75,2026-01
1187,120,Michael Horton,109,65000.0,Refrigerator,Home Appliances,offline,Delhi,2025-09-25,3,Card,0.35,Mic*****@gmail.com,74******29,successful,194999.65,2025-09
1188,614,Gregory Hernandez,101,250000.0,Laptop,Elec,offline,Delhi,2025-09-20,1,NetBanking,0.3,Gre*****@outlook.com,69******95,successful,249999.7,2025-09
1189,489,Jennifer Bell,106,80000.0,Sofa,Furniture,online,Hyderabad,2025-05-22,5,Cash,0.1,Jen*****@gmail.com,60******18,successful,399999.9,2025-05
1190,457,Cathy Harris,104,8000.0,Shoes,Clothing,offline,Hyderabad,2025-06-27,3,Card,0.35,Cat*****@gmail.com,83******76,successful,23999.65,2025-06
1191,697,Kimberly Hodges,110,45000.0,Microwave,Home Appliances,online,Bangalore,2026-03-14,4,NetBanking,0.15,Kim*****@gmail.com,91******19,successful,179999.85,2026-03
1192,841,Diane Gomez,101,250000.0,Laptop,Electronics,online,Delhi,2025-06-19,2,Card,0.2,Dia*****@yahoo.com,65******22,successful,499999.8,2025-06
1193,140,Aaron Black,108,,Mixer Grinder,Home Appliances,online,Chennai,2026-03-16,2,Cash,0.3,Aar*****@gmail.com,66******59,successful,,2026-03
1194,464,Gail Wilson,108,15000.0,Mixer Grinder,Home Appliances,online,Mumbai,2025-06-05,5,NetBanking,0.1,Gai*****@outlook.com,77******38,successful,74999.9,2025-06
1195,548,Jesse King,105,45000.0,Tv,Elec,offline,Mumbai,2025-12-21,5,Cash,0.2,Jes*****@outlook.com,81******75,successful,224999.8,2025-12
1196,604,Craig Miller,103,,Shirt,Cloth,offline,Chennai,2025-05-05,1,NetBanking,0.25,Cra*****@outlook.com,68******47,successful,,2025-05
1197,599,David Johnson,106,80000.0,Sofa,Furniture,online,Mumbai,2025-04-16,1,Card,0.3,Dav*****@gmail.com,74******74,successful,79999.7,2025-04
1198,614,Gregory Hernandez,101,250000.0,Laptop,Elec,online,Delhi,2025-12-07,1,Cash,0.4,Gre*****@outlook.com,69******95,successful,249999.6,2025-12
1199,992,William Rose,101,250000.0,Laptop,Electronics,online,Hyderabad,2026-01-20,3,NetBanking,0.3,Wil*****@gmail.com,69******06,successful,749999.7,2026-01
1201,901,Robert Mccoy,103,1300.0,Shirt,Clothing,offline,Mumbai,2025-08-16,5,UPI,0.4,Rob*****@gmail.com,61******32,successful,6499.6,2025-08
1202,187,Timothy Salazar,103,1300.0,Shirt,Clothing,online,Bangalore,2025-05-11,5,UPI,0.1,Tim*****@yahoo.com,99******10,successful,6499.9,2025-05
1205,663,Haley Todd,109,65000.0,Refrigerator,Home Appliances,offline,Hyderabad,2025-09-22,3,Card,0.25,Hal*****@outlook.com,86******35,successful,194999.75,2025-09
1206,945,Misty Parker,105,45000.0,Tv,Electronics,online,Hyderabad,2026-02-01,4,UPI,0.1,Mis*****@gmail.com,60******45,successful,179999.9,2026-02
1208,749,Linda Lara,106,80000.0,Sofa,Furniture,offline,Mumbai,2025-04-17,1,UPI,0.15,Lin*****@outlook.com,74******01,successful,79999.85,2025-04
1209,501,Tammy Gomez,108,15000.0,Mixer Grinder,Home,offline,Bangalore,2025-09-01,5,NetBanking,0.3,Tam*****@yahoo.com,66******01,successful,74999.7,2025-09
1210,19,Jessica Osborne,108,15000.0,Mixer Grinder,Home Appliances,online,Mumbai,2026-12-02,1,UPI,0.15,Jes*****@outlook.com,86******00,successful,14999.85,2026-12
1211,774,Antonio Evans,107,50000.0,Dining Table,Furniture,online,Hyderabad,2025-12-30,4,NetBanking,0.15,Ant*****@gmail.com,71******42,successful,199999.85,2025-12
1212,699,Kristin Hawkins,106,,Sofa,Furn,offline,Mumbai,2025-06-10,2,Card,0.3,Kri*****@yahoo.com,62******16,successful,,2025-06
1213,547,Melinda Brown,105,45000.0,Tv,Elec,online,Bangalore,2025-03-08,3,Card,0.4,Mel*****@gmail.com,70******47,successful,134999.6,2025-03
1214,59,Mathew Jackson,101,250000.0,Laptop,Electronics,offline,Hyderabad,2025-09-27,5,Card,0.05,Mat*****@gmail.com,74******08,successful,1249999.95,2025-09
1215,723,Christopher Walter,101,250000.0,Laptop,Electronics,online,Hyderabad,2025-12-11,1,Card,0.2,Chr*****@gmail.com,90******07,successful,249999.8,2025-12
1216,886,Ashley Gamble,110,45000.0,Microwave,Home Appliances,offline,Bangalore,2025-12-11,3,UPI,0.3,Ash*****@gmail.com,72******16,successful,134999.7,2025-12
1217,872,David Miller,103,1300.0,Shirt,Cloth,offline,Mumbai,2025-12-13,5,NetBanking,0.25,Dav*****@yahoo.com,87******05,successful,6499.75,2025-12
1218,979,Amy Cherry,107,50000.0,Dining Table,Furniture,offline,Hyderabad,2025-05-19,2,Card,0.3,Amy*****@yahoo.com,72******68,successful,99999.7,2025-05
1221,963,Laura Stevenson,103,,Shirt,Clothing,offline,Chennai,2025-09-15,4,Card,0.1,Lau*****@outlook.com,75******05,successful,,2025-09
1222,271,Jake Arnold,106,80000.0,Sofa,Furniture,online,Bangalore,2026-02-28,5,NetBanking,0.1,Jak*****@gmail.com,92******82,successful,399999.9,2026-02
1224,391,Catherine Beard,105,45000.0,Tv,Elec,offline,Mumbai,2025-07-07,5,NetBanking,0.3,Cat*****@gmail.com,92******05,successful,224999.7,2025-07
1225,898,Joseph Tyler,110,45000.0,Microwave,Home Appliances,offline,Hyderabad,2026-02-27,5,Card,0.2,Jos*****@gmail.com,61******97,successful,224999.8,2026-02
1226,541,Melissa Perez,109,65000.0,Refrigerator,Home Appliances,online,Delhi,2025-11-10,4,NetBanking,0.1,Mel*****@gmail.com,83******72,successful,259999.9,2025-11
1227,514,Joshua Cummings,110,45000.0,Microwave,Home Appliances,offline,Chennai,2025-07-17,3,Card,0.4,Jos*****@gmail.com,90******41,successful,134999.6,2025-07
1228,868,Timothy Henderson,103,1300.0,Shirt,Clothing,online,Hyderabad,2025-07-09,2,UPI,0.05,Tim*****@gmail.com,65******86,successful,2599.95,2025-07
1229,746,James Meyer,103,1300.0,Shirt,Clothing,online,Bangalore,2026-04-09,5,UPI,0.4,Jam*****@outlook.com,77******57,successful,6499.6,2026-04
1230,119,Dana Castro,101,250000.0,Laptop,Electronics,offline,Delhi,2026-11-03,1,UPI,0.1,Dan*****@yahoo.com,97******72,successful,249999.9,2026-11
1232,475,Natalie Andrews,105,45000.0,Tv,Electronics,offline,Mumbai,2026-02-16,4,NetBanking,0.1,Nat*****@outlook.com,74******48,successful,179999.9,2026-02
1233,68,Stephanie Scott,101,250000.0,Laptop,Electronics,online,Chennai,2025-05-22,4,Card,0.05,Ste*****@gmail.com,95******89,successful,999999.95,2025-05
1234,402,Patricia Herring,104,8000.0,Shoes,Clothing,online,Bangalore,2025-12-16,5,NetBanking,0.2,Pat*****@gmail.com,83******34,successful,39999.8,2025-12
1236,563,Robert Baird,105,45000.0,Tv,Electronics,online,Hyderabad,2025-09-07,2,NetBanking,0.15,Rob*****@gmail.com,64******00,successful,89999.85,2025-09
1237,798,Amber Murphy,110,45000.0,Microwave,Home Appliances,online,Hyderabad,2025-06-30,1,NetBanking,0.35,Amb*****@gmail.com,70******07,successful,44999.65,2025-06
1238,700,Thomas Navarro,103,,Shirt,Clothing,online,Hyderabad,2025-06-30,3,Card,0.1,Tho*****@yahoo.com,76******14,successful,,2025-06
1240,56,Joshua Li,107,50000.0,Dining Table,Furniture,online,Bangalore,2026-01-30,5,UPI,0.1,Jos*****@gmail.com,70******90,successful,249999.9,2026-01
1241,100,Thomas Walker,106,80000.0,Sofa,Furn,online,Delhi,2026-03-12,2,Card,0.1,Tho*****@yahoo.com,64******24,successful,159999.9,2026-03
1242,945,Misty Parker,109,65000.0,Refrigerator,Home Appliances,offline,Hyderabad,2025-08-12,4,NetBanking,0.05,Mis*****@gmail.com,60******45,successful,259999.95,2025-08
1243,992,William Rose,106,,Sofa,Furn,online,Hyderabad,2025-11-29,3,UPI,0.05,Wil*****@gmail.com,69******06,successful,,2025-11
1244,291,Jerry Freeman,108,15000.0,Mixer Grinder,Home,online,Mumbai,2025-04-30,4,UPI,0.25,Jer*****@gmail.com,81******01,successful,59999.75,2025-04
1246,633,Julie Jackson,103,1300.0,Shirt,Clothing,offline,Delhi,2025-07-05,5,Cash,0.25,Jul*****@gmail.com,71******01,successful,6499.75,2025-07
1247,603,Shawn Roberson,110,45000.0,Microwave,Home,online,Chennai,2025-07-11,1,UPI,0.15,Sha*****@gmail.com,64******75,successful,44999.85,2025-07
1248,338,Lisa Garrison,101,250000.0,Laptop,Elec,offline,Delhi,2025-04-25,2,NetBanking,0.25,Lis*****@outlook.com,67******37,successful,499999.75,2025-04
1251,101,Craig Ray,101,250000.0,Laptop,Electronics,online,Delhi,2025-09-07,3,Card,0.05,Cra*****@gmail.com,83******16,successful,749999.95,2025-09
1252,353,Rachel Velasquez,104,8000.0,Shoes,Cloth,offline,Bangalore,2025-04-12,3,UPI,0.4,Rac*****@outlook.com,67******96,successful,23999.6,2025-04
1253,84,Paul Pacheco,110,45000.0,Microwave,Home Appliances,online,Bangalore,2025-12-30,4,Cash,0.05,Pau*****@outlook.com,67******57,successful,179999.95,2025-12
1254,619,Angelica Wood,108,15000.0,Mixer Grinder,Home,offline,Mumbai,2026-02-22,3,NetBanking,0.2,Ang*****@outlook.com,92******69,successful,44999.8,2026-02
1255,537,Ernest Meyers,108,15000.0,Mixer Grinder,Home Appliances,offline,Delhi,2025-06-28,3,UPI,0.2,Ern*****@gmail.com,80******88,successful,44999.8,2025-06
1256,458,Jared Lane,102,70000.0,Phone,Electronics,online,Hyderabad,2025-05-06,1,UPI,0.15,Jar*****@gmail.com,74******58,successful,69999.85,2025-05
1257,582,Kristin Bradley,104,8000.0,Shoes,Clothing,offline,Hyderabad,2025-10-22,2,Cash,0.05,Kri*****@gmail.com,74******44,successful,15999.95,2025-10
1258,969,Keith Woods,102,70000.0,Phone,Elec,online,Chennai,2025-10-22,2,UPI,0.4,Kei*****@yahoo.com,77******57,successful,139999.6,2025-10
1259,458,Jared Lane,105,45000.0,Tv,Elec,online,Hyderabad,2025-09-26,1,Cash,0.25,Jar*****@gmail.com,74******58,successful,44999.75,2025-09
1260,7,John Edwards,110,45000.0,Microwave,Home Appliances,online,Delhi,2026-02-04,4,NetBanking,0.15,Joh*****@outlook.com,97******76,successful,179999.85,2026-02
1261,980,Alexis Andrews,105,45000.0,Tv,Electronics,offline,Delhi,2026-10-02,4,Card,0.05,Ale*****@gmail.com,96******41,successful,179999.95,2026-10
1262,590,Christine Brown,108,15000.0,Mixer Grinder,Home Appliances,offline,Bangalore,2025-07-03,1,UPI,0.25,Chr*****@gmail.com,99******53,successful,14999.75,2025-07
1263,412,Nicole Ray,104,8000.0,Shoes,Clothing,offline,Hyderabad,2025-04-16,4,Cash,0.4,Nic*****@yahoo.com,92******20,successful,31999.6,2025-04
1265,500,Katelyn Garza,110,45000.0,Microwave,Home,online,Bangalore,2025-11-16,1,Card,0.35,Kat*****@yahoo.com,62******83,successful,44999.65,2025-11
1267,313,Mary Lowe,108,15000.0,Mixer Grinder,Home,online,Delhi,2026-01-20,3,Card,0.35,Mar*****@outlook.com,66******40,successful,44999.65,2026-01
1269,984,Janet Long,102,70000.0,Phone,Electronics,online,Bangalore,2026-04-11,4,Cash,0.25,Jan*****@yahoo.com,95******95,successful,279999.75,2026-04
1270,719,Michelle Bates,101,250000.0,Laptop,Electronics,online,Chennai,2026-03-08,4,UPI,0.05,Mic*****@gmail.com,74******12,successful,999999.95,2026-03
1271,283,Anna Bernard,110,45000.0,Microwave,Home Appliances,offline,Chennai,2026-01-19,2,NetBanking,0.3,Ann*****@gmail.com,77******42,successful,89999.7,2026-01
1272,685,David Mcgee,108,15000.0,Mixer Grinder,Home Appliances,offline,Chennai,2025-05-12,3,Card,0.3,Dav*****@gmail.com,97******21,successful,44999.7,2025-05
1274,468,Sonya Watts,109,65000.0,Refrigerator,Home,offline,Mumbai,2025-09-18,1,UPI,0.35,Son*****@yahoo.com,90******64,successful,64999.65,2025-09
1275,801,Brandi Bryan,104,8000.0,Shoes,Clothing,online,Delhi,2026-02-06,5,NetBanking,0.15,Bra*****@gmail.com,74******83,successful,39999.85,2026-02
1277,419,William Taylor,104,8000.0,Shoes,Clothing,offline,Bangalore,2025-09-25,4,Cash,0.35,Wil*****@yahoo.com,85******68,successful,31999.65,2025-09
1278,103,Mathew Perkins,110,45000.0,Microwave,Home Appliances,offline,Delhi,2026-08-01,2,Card,0.15,Mat*****@outlook.com,82******66,successful,89999.85,2026-08
1279,462,Steven Perry,104,8000.0,Shoes,Cloth,offline,Bangalore,2025-06-09,1,Cash,0.25,Ste*****@yahoo.com,69******79,successful,7999.75,2025-06
1281,346,Erin Frye,108,15000.0,Mixer Grinder,Home,online,Bangalore,2025-09-23,2,Cash,0.35,Eri*****@yahoo.com,62******11,successful,29999.65,2025-09
1282,837,Peter Maxwell,110,,Microwave,Home Appliances,online,Mumbai,2025-09-11,4,Cash,0.3,Pet*****@yahoo.com,87******08,successful,,2025-09
1283,797,Anthony Martinez,103,1300.0,Shirt,Clothing,online,Bangalore,2025-12-28,1,UPI,0.15,Ant*****@gmail.com,70******34,successful,1299.85,2025-12
1284,65,Sarah Jackson,109,65000.0,Refrigerator,Home,offline,Mumbai,2026-02-20,1,NetBanking,0.2,Sar*****@gmail.com,75******07,successful,64999.8,2026-02
1285,546,Angel Gibson,103,,Shirt,Clothing,offline,Mumbai,2025-08-10,1,Card,0.25,Ang*****@outlook.com,88******27,successful,,2025-08
1286,518,Alexander Davenport,105,45000.0,Tv,Electronics,online,Bangalore,2025-04-16,3,Card,0.2,Ale*****@yahoo.com,92******76,successful,134999.8,2025-04
1288,509,Valerie Brooks,109,65000.0,Refrigerator,Home Appliances,offline,Chennai,2025-07-27,3,Card,0.1,Val*****@gmail.com,77******47,successful,194999.9,2025-07
1289,902,Logan Reyes,103,1300.0,Shirt,Clothing,offline,Mumbai,2025-06-30,5,UPI,0.1,Log*****@outlook.com,92******31,successful,6499.9,2025-06
1292,762,Linda Webb,108,,Mixer Grinder,Home,offline,Mumbai,2025-12-05,1,UPI,0.2,Lin*****@yahoo.com,70******08,successful,,2025-12
1293,981,Christine Harper,109,65000.0,Refrigerator,Home Appliances,offline,Mumbai,2025-08-14,3,NetBanking,0.3,Chr*****@gmail.com,68******39,successful,194999.7,2025-08
1294,636,Christopher Clark,103,1300.0,Shirt,Clothing,online,Mumbai,2025-11-11,3,Card,0.4,Chr*****@gmail.com,76******66,successful,3899.6,2025-11
1295,820,Mary Goodwin,109,65000.0,Refrigerator,Home Appliances,online,Delhi,2026-12-01,5,Card,0.15,Mar*****@yahoo.com,85******01,successful,324999.85,2026-12
1296,791,April Anderson,110,,Microwave,Home,online,Hyderabad,2026-02-04,2,Card,0.35,Apr*****@gmail.com,86******29,successful,,2026-02
1297,393,Shannon Alvarez,102,70000.0,Phone,Electronics,offline,Mumbai,2026-04-06,2,UPI,0.4,Sha*****@gmail.com,95******30,successful,139999.6,2026-04
1298,640,Carrie Jacobson,108,15000.0,Mixer Grinder,Home Appliances,online,Bangalore,2025-12-24,1,NetBanking,0.2,Car*****@outlook.com,72******07,successful,14999.8,2025-12
1299,628,Kelly Turner,110,,Microwave,Home Appliances,online,Chennai,2025-04-23,5,Card,0.4,Kel*****@gmail.com,81******26,successful,,2025-04
1300,291,Jerry Freeman,107,50000.0,Dining Table,Furniture,online,Mumbai,2025-09-03,4,Card,0.3,Jer*****@gmail.com,81******01,successful,199999.7,2025-09
1301,59,Mathew Jackson,106,80000.0,Sofa,Furniture,online,Hyderabad,2025-07-11,1,UPI,0.15,Mat*****@gmail.com,74******08,successful,79999.85,2025-07
1302,865,Jessica Patterson,108,15000.0,Mixer Grinder,Home Appliances,offline,Hyderabad,2025-07-01,3,Cash,0.25,Jes*****@outlook.com,93******60,successful,44999.75,2025-07
1303,640,Carrie Jacobson,108,15000.0,Mixer Grinder,Home,online,Bangalore,2025-12-30,5,Card,0.1,Car*****@outlook.com,72******07,successful,74999.9,2025-12
1304,219,Alexander Phillips,108,15000.0,Mixer Grinder,Home Appliances,online,Mumbai,2025-11-25,1,NetBanking,0.3,Ale*****@gmail.com,72******92,successful,14999.7,2025-11
1305,326,Deborah Reyes,110,45000.0,Microwave,Home Appliances,offline,Delhi,2025-09-14,4,Card,0.35,Deb*****@outlook.com,73******57,successful,179999.65,2025-09
1306,984,Janet Long,110,45000.0,Microwave,Home,offline,Bangalore,2026-02-08,3,NetBanking,0.35,Jan*****@yahoo.com,95******95,successful,134999.65,2026-02
1307,667,Kelsey Mendoza,101,250000.0,Laptop,Electronics,offline,Bangalore,2025-06-06,3,Card,0.25,Kel*****@outlook.com,75******12,successful,749999.75,2025-06
1308,581,Lindsey Tran,107,50000.0,Dining Table,Furn,online,Delhi,2025-08-29,4,NetBanking,0.2,Lin*****@gmail.com,62******24,successful,199999.8,2025-08
1309,139,Melissa Peterson,101,250000.0,Laptop,Elec,online,Mumbai,2025-07-23,3,Card,0.2,Mel*****@outlook.com,87******33,successful,749999.8,2025-07
1312,221,David Hart,102,70000.0,Phone,Electronics,offline,Hyderabad,2025-11-30,2,UPI,0.1,Dav*****@gmail.com,97******12,successful,139999.9,2025-11
1314,412,Nicole Ray,108,15000.0,Mixer Grinder,Home Appliances,online,Hyderabad,2026-03-27,1,UPI,0.2,Nic*****@yahoo.com,92******20,successful,14999.8,2026-03
1317,103,Mathew Perkins,102,70000.0,Phone,Electronics,online,Delhi,2025-12-03,5,Card,0.15,Mat*****@outlook.com,82******66,successful,349999.85,2025-12
1318,300,Tiffany Miller,104,8000.0,Shoes,Cloth,offline,Hyderabad,2026-07-04,1,Card,0.05,Tif*****@outlook.com,68******97,successful,7999.95,2026-07
1319,873,Tracy Bass,107,50000.0,Dining Table,Furniture,offline,Hyderabad,2025-12-23,3,Cash,0.05,Tra*****@outlook.com,68******34,successful,149999.95,2025-12
1320,773,Gerald Cox,107,50000.0,Dining Table,Furn,offline,Mumbai,2026-03-01,2,NetBanking,0.15,Ger*****@gmail.com,71******12,successful,99999.85,2026-03
1322,145,Michael Hendrix,103,1300.0,Shirt,Cloth,offline,Delhi,2026-04-02,4,Card,0.2,Mic*****@outlook.com,69******96,successful,5199.8,2026-04
1323,244,Frederick Gonzalez,110,45000.0,Microwave,Home Appliances,offline,Chennai,2026-10-04,5,NetBanking,0.25,Fre*****@outlook.com,78******50,successful,224999.75,2026-10
1324,22,James Walters,110,45000.0,Microwave,Home Appliances,online,Chennai,2026-02-07,3,UPI,0.25,Jam*****@gmail.com,65******42,successful,134999.75,2026-02
1326,628,Kelly Turner,109,65000.0,Refrigerator,Home Appliances,online,Chennai,2025-12-08,1,Card,0.25,Kel*****@gmail.com,81******26,successful,64999.75,2025-12
1327,185,Sarah Cohen,103,1300.0,Shirt,Clothing,online,Mumbai,2025-06-02,1,NetBanking,0.2,Sar*****@outlook.com,88******28,successful,1299.8,2025-06
1328,327,Chris Parsons,109,65000.0,Refrigerator,Home,offline,Delhi,2025-10-29,5,UPI,0.05,Chr*****@gmail.com,63******61,successful,324999.95,2025-10
1329,103,Mathew Perkins,105,,Tv,Elec,offline,Delhi,2026-01-22,2,Card,0.4,Mat*****@outlook.com,82******66,successful,,2026-01
1330,644,John Parrish,101,250000.0,Laptop,Electronics,offline,Delhi,2025-06-10,2,Card,0.05,Joh*****@gmail.com,70******81,successful,499999.95,2025-06
1331,432,Charles Nelson,110,45000.0,Microwave,Home Appliances,offline,Mumbai,2025-08-12,2,Cash,0.05,Cha*****@yahoo.com,90******74,successful,89999.95,2025-08
1332,319,Kristen Richards,104,8000.0,Shoes,Clothing,offline,Delhi,2025-08-26,4,NetBanking,0.25,Kri*****@gmail.com,63******11,successful,31999.75,2025-08
1334,521,Christopher Colon,105,45000.0,Tv,Elec,offline,Hyderabad,2025-02-09,4,Card,0.1,Chr*****@gmail.com,90******28,successful,179999.9,2025-02
1337,188,Allison Oliver,105,,Tv,Electronics,online,Hyderabad,2026-01-22,4,Card,0.2,All*****@gmail.com,98******24,successful,,2026-01
1339,70,David Parker,102,70000.0,Phone,Electronics,online,Delhi,2025-12-07,4,Card,0.4,Dav*****@gmail.com,80******07,successful,279999.6,2025-12
1340,936,Brian Larson,106,,Sofa,Furniture,offline,Hyderabad,2025-08-03,1,NetBanking,0.35,Bri*****@yahoo.com,90******14,successful,,2025-08
1341,683,Lauren Diaz,108,15000.0,Mixer Grinder,Home,online,Mumbai,2025-07-23,5,NetBanking,0.3,Lau*****@outlook.com,81******00,successful,74999.7,2025-07
1342,558,Bryan Phelps,104,8000.0,Shoes,Cloth,online,Chennai,2025-06-23,1,Cash,0.4,Bry*****@gmail.com,88******62,successful,7999.6,2025-06
1343,124,Sarah Rios,109,65000.0,Refrigerator,Home Appliances,offline,Mumbai,2025-07-10,5,NetBanking,0.15,Sar*****@outlook.com,79******48,successful,324999.85,2025-07
1344,8,Francisco Suarez,109,,Refrigerator,Home Appliances,offline,Hyderabad,2026-02-04,5,Card,0.15,Fra*****@gmail.com,97******30,successful,,2026-02
1345,971,Larry Ramos,101,250000.0,Laptop,Electronics,offline,Chennai,2025-06-10,4,UPI,0.05,Lar*****@gmail.com,89******14,successful,999999.95,2025-06
1346,224,Benjamin Reyes,109,,Refrigerator,Home Appliances,online,Mumbai,2025-10-05,4,NetBanking,0.1,Ben*****@gmail.com,77******09,successful,,2025-10
1347,454,Larry Perkins,101,250000.0,Laptop,Electronics,offline,Mumbai,2025-08-04,4,Card,0.3,Lar*****@yahoo.com,79******36,successful,999999.7,2025-08
1348,307,Evelyn Bridges,109,65000.0,Refrigerator,Home,online,Chennai,2026-02-02,1,Cash,0.4,Eve*****@gmail.com,91******28,successful,64999.6,2026-02
1349,136,Jasmine Miller,102,70000.0,Phone,Electronics,online,Chennai,2026-01-24,2,Cash,0.4,Jas*****@yahoo.com,87******13,successful,139999.6,2026-01
1350,949,Madison Goodwin,110,45000.0,Microwave,Home Appliances,online,Bangalore,2025-07-18,1,Card,0.2,Mad*****@yahoo.com,85******93,successful,44999.8,2025-07
1352,320,Stephen Tyler,101,250000.0,Laptop,Electronics,offline,Hyderabad,2025-05-16,4,UPI,0.15,Ste*****@yahoo.com,80******67,successful,999999.85,2025-05
1353,660,Jessica Stephenson,106,80000.0,Sofa,Furn,online,Hyderabad,2025-11-19,1,Card,0.3,Jes*****@gmail.com,86******90,successful,79999.7,2025-11
1354,634,Melissa Marshall,103,1300.0,Shirt,Cloth,online,Mumbai,2026-01-01,1,UPI,0.1,Mel*****@outlook.com,74******39,successful,1299.9,2026-01
1356,156,Sara Romero,105,45000.0,Tv,Electronics,offline,Chennai,2025-11-26,3,Cash,0.2,Sar*****@gmail.com,91******62,successful,134999.8,2025-11
1357,290,Megan Carter,108,15000.0,Mixer Grinder,Home Appliances,online,Chennai,2025-10-06,5,NetBanking,0.1,Meg*****@yahoo.com,62******23,successful,74999.9,2025-10
1358,129,Thomas Wells,106,,Sofa,Furn,offline,Bangalore,2026-03-02,2,NetBanking,0.2,Tho*****@outlook.com,94******86,successful,,2026-03
1359,82,Brittney Watkins,109,65000.0,Refrigerator,Home Appliances,offline,Hyderabad,2026-06-02,3,NetBanking,0.05,Bri*****@outlook.com,81******67,successful,194999.95,2026-06
1362,688,Peter Chavez,107,50000.0,Dining Table,Furniture,online,Mumbai,2025-05-25,3,Card,0.2,Pet*****@outlook.com,88******48,successful,149999.8,2025-05
1363,408,Hannah Russell,101,250000.0,Laptop,Electronics,offline,Hyderabad,2026-04-08,1,UPI,0.15,Han*****@yahoo.com,97******08,successful,249999.85,2026-04
1364,152,Levi Leon,101,250000.0,Laptop,Elec,offline,Chennai,2025-06-10,1,NetBanking,0.3,Lev*****@gmail.com,66******06,successful,249999.7,2025-06
1366,291,Jerry Freeman,109,,Refrigerator,Home Appliances,offline,Mumbai,2026-05-02,3,UPI,0.4,Jer*****@gmail.com,81******01,successful,,2026-05
1367,452,Cory Humphrey,105,45000.0,Tv,Electronics,online,Hyderabad,2026-03-15,4,UPI,0.2,Cor*****@gmail.com,99******38,successful,179999.8,2026-03
1368,570,Donald Carter,101,250000.0,Laptop,Electronics,online,Chennai,2025-08-04,3,Card,0.35,Don*****@gmail.com,79******19,successful,749999.65,2025-08
1369,933,Zachary Khan,108,,Mixer Grinder,Home,online,Bangalore,2025-09-06,2,UPI,0.35,Zac*****@gmail.com,93******81,successful,,2025-09
1370,295,Samuel Decker,110,45000.0,Microwave,Home Appliances,offline,Mumbai,2025-07-09,1,Card,0.05,Sam*****@yahoo.com,64******76,successful,44999.95,2025-07
1371,799,Stephanie Dunn,101,250000.0,Laptop,Electronics,offline,Delhi,2026-08-03,1,UPI,0.05,Ste*****@gmail.com,74******44,successful,249999.95,2026-08
1372,367,Joshua Tate,105,45000.0,Tv,Electronics,online,Delhi,2025-07-22,4,Cash,0.3,Jos*****@outlook.com,98******16,successful,179999.7,2025-07
1373,878,Sarah Brown,110,45000.0,Microwave,Home Appliances,online,Chennai,2025-03-06,4,NetBanking,0.1,Sar*****@yahoo.com,97******98,successful,179999.9,2025-03
1374,806,Jacqueline Cantu,101,250000.0,Laptop,Electronics,offline,Chennai,2025-12-04,4,Card,0.15,Jac*****@gmail.com,86******33,successful,999999.85,2025-12
1375,289,Kelly Powell,106,80000.0,Sofa,Furniture,offline,Bangalore,2025-05-07,5,NetBanking,0.25,Kel*****@gmail.com,90******44,successful,399999.75,2025-05
1376,383,Debra Parker,108,15000.0,Mixer Grinder,Home Appliances,offline,Mumbai,2026-03-28,3,Cash,0.2,Deb*****@outlook.com,83******09,successful,44999.8,2026-03
1377,693,Joseph Maldonado,101,,Laptop,Elec,online,Delhi,2025-05-29,3,UPI,0.05,Jos*****@yahoo.com,80******57,successful,,2025-05
1378,622,Hannah Bell,102,70000.0,Phone,Electronics,online,Chennai,2025-11-29,2,UPI,0.1,Han*****@yahoo.com,63******23,successful,139999.9,2025-11
1379,100,Thomas Walker,105,45000.0,Tv,Electronics,online,Delhi,2026-02-17,4,Card,0.4,Tho*****@yahoo.com,64******24,successful,179999.6,2026-02
1380,425,Lindsay Buchanan,110,45000.0,Microwave,Home Appliances,online,Hyderabad,2025-05-17,3,Card,0.2,Lin*****@outlook.com,83******79,successful,134999.8,2025-05
1381,228,James Hernandez,106,80000.0,Sofa,Furn,offline,Hyderabad,2025-01-05,5,Card,0.15,Jam*****@outlook.com,68******53,successful,399999.85,2025-01
1382,445,Steven Byrd,103,1300.0,Shirt,Clothing,online,Chennai,2025-08-18,5,Card,0.4,Ste*****@gmail.com,65******24,successful,6499.6,2025-08
1383,610,Melissa Jones,109,65000.0,Refrigerator,Home,offline,Chennai,2025-11-11,3,UPI,0.1,Mel*****@gmail.com,86******33,successful,194999.9,2025-11
1384,32,Shane Carlson,101,250000.0,Laptop,Electronics,offline,Mumbai,2025-09-21,4,Cash,0.2,Sha*****@gmail.com,78******10,successful,999999.8,2025-09
1385,517,Fernando Garza,106,80000.0,Sofa,Furniture,online,Mumbai,2025-05-05,1,NetBanking,0.1,Fer*****@gmail.com,70******00,successful,79999.9,2025-05
1386,389,Tyler Kim,107,50000.0,Dining Table,Furn,offline,Bangalore,2026-01-19,3,UPI,0.3,Tyl*****@yahoo.com,82******16,successful,149999.7,2026-01
1387,840,Veronica Ashley,107,50000.0,Dining Table,Furn,offline,Delhi,2025-06-13,4,Cash,0.15,Ver*****@gmail.com,82******30,successful,199999.85,2025-06
1388,638,Kaitlyn Reed,104,8000.0,Shoes,Cloth,offline,Bangalore,2025-06-16,2,Card,0.25,Kai*****@gmail.com,68******13,successful,15999.75,2025-06
1389,178,Claudia Miles,109,65000.0,Refrigerator,Home Appliances,online,Bangalore,2026-01-19,1,Cash,0.05,Cla*****@outlook.com,86******87,successful,64999.95,2026-01
1390,288,Darren Parker,108,15000.0,Mixer Grinder,Home Appliances,online,Hyderabad,2026-06-02,2,UPI,0.05,Dar*****@outlook.com,77******69,successful,29999.95,2026-06
1391,281,Ashley Anderson,104,8000.0,Shoes,Cloth,offline,Bangalore,2025-06-15,3,Cash,0.2,Ash*****@gmail.com,99******33,successful,23999.8,2025-06
1393,395,John Lee,105,45000.0,Tv,Electronics,online,Mumbai,2026-01-18,5,NetBanking,0.1,Joh*****@yahoo.com,65******21,successful,224999.9,2026-01
1394,469,Michael Garcia,103,1300.0,Shirt,Clothing,offline,Delhi,2026-03-26,4,UPI,0.4,Mic*****@gmail.com,75******16,successful,5199.6,2026-03
1395,180,Chelsea Meyer,103,1300.0,Shirt,Clothing,offline,Bangalore,2025-12-01,1,Cash,0.35,Che*****@yahoo.com,63******60,successful,1299.65,2025-12
1396,537,Ernest Meyers,106,80000.0,Sofa,Furn,online,Delhi,2026-12-03,4,NetBanking,0.05,Ern*****@gmail.com,80******88,successful,319999.95,2026-12
1398,29,Leah Dunn,102,70000.0,Phone,Electronics,offline,Hyderabad,2025-06-11,1,UPI,0.15,Lea*****@outlook.com,77******79,successful,69999.85,2025-06
1399,38,Laura Shelton,109,65000.0,Refrigerator,Home Appliances,online,Bangalore,2025-07-20,5,UPI,0.15,Lau*****@gmail.com,65******05,successful,324999.85,2025-07
1400,151,Jennifer Sims,103,1300.0,Shirt,Clothing,offline,Delhi,2025-12-12,1,Cash,0.25,Jen*****@gmail.com,85******78,successful,1299.75,2025-12
1401,52,David Hernandez,108,15000.0,Mixer Grinder,Home Appliances,offline,Mumbai,2025-12-06,2,Card,0.05,Dav*****@gmail.com,93******99,successful,29999.95,2025-12
1402,865,Jessica Patterson,103,1300.0,Shirt,Clothing,online,Hyderabad,2026-02-24,1,UPI,0.05,Jes*****@outlook.com,93******60,successful,1299.95,2026-02
1404,387,Kenneth Rocha,110,45000.0,Microwave,Home Appliances,online,Mumbai,2025-10-18,2,UPI,0.3,Ken*****@outlook.com,63******83,successful,89999.7,2025-10
1405,323,Victoria Phillips,109,65000.0,Refrigerator,Home Appliances,offline,Hyderabad,2026-04-04,5,Card,0.25,Vic*****@gmail.com,61******94,successful,324999.75,2026-04
1406,572,Holly Russell,108,,Mixer Grinder,Home,online,Hyderabad,2026-02-08,4,UPI,0.4,Hol*****@outlook.com,81******37,successful,,2026-02
1408,924,Mikayla Krause,102,70000.0,Phone,Electronics,online,Hyderabad,2025-10-24,4,Cash,0.25,Mik*****@outlook.com,69******31,successful,279999.75,2025-10
1409,230,Jose Guerrero,105,45000.0,Tv,Electronics,offline,Hyderabad,2025-08-31,5,NetBanking,0.35,Jos*****@gmail.com,72******76,successful,224999.65,2025-08
1410,790,Andrea Jimenez,110,45000.0,Microwave,Home Appliances,offline,Bangalore,2026-03-08,4,Card,0.25,And*****@yahoo.com,86******03,successful,179999.75,2026-03
1411,702,Robert Jackson,103,1300.0,Shirt,Cloth,online,Delhi,2026-01-01,5,Cash,0.25,Rob*****@gmail.com,81******38,successful,6499.75,2026-01
1412,431,Tracie Kim,102,70000.0,Phone,Elec,offline,Bangalore,2025-11-30,2,Cash,0.05,Tra*****@yahoo.com,83******30,successful,139999.95,2025-11
1414,692,Paige Brown,110,45000.0,Microwave,Home,offline,Bangalore,2026-01-20,4,Cash,0.25,Pai*****@outlook.com,66******67,successful,179999.75,2026-01
1415,660,Jessica Stephenson,105,,Tv,Electronics,offline,Hyderabad,2025-08-19,3,Card,0.3,Jes*****@gmail.com,86******90,successful,,2025-08
1417,654,Amy Ramos,102,,Phone,Electronics,online,Chennai,2025-10-26,5,Card,0.25,Amy*****@gmail.com,83******59,successful,,2025-10
1418,495,John Cummings,109,,Refrigerator,Home Appliances,online,Hyderabad,2025-09-24,4,Cash,0.05,Joh*****@yahoo.com,88******25,successful,,2025-09
1421,462,Steven Perry,104,8000.0,Shoes,Clothing,online,Bangalore,2025-12-22,2,Cash,0.1,Ste*****@yahoo.com,69******79,successful,15999.9,2025-12
1422,652,Charles Fleming,105,45000.0,Tv,Electronics,offline,Delhi,2025-06-17,2,Card,0.2,Cha*****@yahoo.com,73******99,successful,89999.8,2025-06
1424,159,Patrick Lucas,105,45000.0,Tv,Elec,offline,Delhi,2025-08-31,2,NetBanking,0.4,Pat*****@gmail.com,76******39,successful,89999.6,2025-08
1426,343,Allen Mcdowell,106,80000.0,Sofa,Furniture,online,Bangalore,2025-01-08,5,Cash,0.3,All*****@yahoo.com,75******70,successful,399999.7,2025-01
1427,571,Frederick Stevenson,104,8000.0,Shoes,Cloth,online,Chennai,2025-07-18,3,UPI,0.3,Fre*****@outlook.com,65******16,successful,23999.7,2025-07
1428,661,Jennifer Cooper,108,15000.0,Mixer Grinder,Home Appliances,offline,Chennai,2025-11-06,2,NetBanking,0.05,Jen*****@outlook.com,80******09,successful,29999.95,2025-11
1429,488,Kathy Henry,108,15000.0,Mixer Grinder,Home Appliances,offline,Chennai,2025-05-31,1,Card,0.4,Kat*****@outlook.com,73******01,successful,14999.6,2025-05
1432,946,Lisa Cochran,108,15000.0,Mixer Grinder,Home,online,Delhi,2025-08-10,1,Cash,0.3,Lis*****@gmail.com,83******19,successful,14999.7,2025-08
1433,649,Carrie Johnson,110,45000.0,Microwave,Home Appliances,offline,Bangalore,2026-03-12,2,UPI,0.2,Car*****@gmail.com,61******44,successful,89999.8,2026-03
1434,198,Carrie Houston,104,,Shoes,Clothing,offline,Chennai,2026-12-01,1,Cash,0.35,Car*****@gmail.com,93******07,successful,,2026-12
1435,247,David Cherry,105,45000.0,Tv,Electronics,online,Bangalore,2025-10-06,5,Cash,0.2,Dav*****@yahoo.com,62******39,successful,224999.8,2025-10
1437,18,Allison Adams,105,45000.0,Tv,Electronics,offline,Mumbai,2025-06-13,1,NetBanking,0.1,All*****@gmail.com,62******99,successful,44999.9,2025-06
1438,579,Christian Clay,102,70000.0,Phone,Electronics,offline,Mumbai,2025-10-01,5,Card,0.35,Chr*****@yahoo.com,65******46,successful,349999.65,2025-10
1440,464,Gail Wilson,103,,Shirt,Clothing,online,Mumbai,2025-07-08,3,UPI,0.1,Gai*****@outlook.com,77******38,successful,,2025-07
1441,634,Melissa Marshall,105,45000.0,Tv,Elec,online,Mumbai,2026-02-21,1,Cash,0.3,Mel*****@outlook.com,74******39,successful,44999.7,2026-02
1442,820,Mary Goodwin,106,80000.0,Sofa,Furn,offline,Delhi,2026-01-09,5,Cash,0.25,Mar*****@yahoo.com,85******01,successful,399999.75,2026-01
1443,702,Robert Jackson,109,65000.0,Refrigerator,Home Appliances,online,Delhi,2026-02-28,4,Card,0.05,Rob*****@gmail.com,81******38,successful,259999.95,2026-02
1444,683,Lauren Diaz,110,45000.0,Microwave,Home,offline,Mumbai,2025-07-04,4,Card,0.25,Lau*****@outlook.com,81******00,successful,179999.75,2025-07
1445,758,Nichole Jones,105,45000.0,Tv,Elec,online,Chennai,2025-11-01,1,NetBanking,0.25,Nic*****@yahoo.com,61******72,successful,44999.75,2025-11
1446,168,Joyce Robertson,108,15000.0,Mixer Grinder,Home Appliances,offline,Mumbai,2026-03-11,2,Cash,0.15,Joy*****@yahoo.com,78******17,successful,29999.85,2026-03
1447,987,Daniel Harper,104,8000.0,Shoes,Clothing,offline,Delhi,2025-12-08,5,UPI,0.05,Dan*****@outlook.com,61******59,successful,39999.95,2025-12
1448,464,Gail Wilson,110,45000.0,Microwave,Home Appliances,offline,Mumbai,2026-06-04,4,UPI,0.25,Gai*****@outlook.com,77******38,successful,179999.75,2026-06
1449,582,Kristin Bradley,101,250000.0,Laptop,Elec,offline,Hyderabad,2025-10-08,3,NetBanking,0.4,Kri*****@gmail.com,74******44,successful,749999.6,2025-10
1450,528,Kerri Rodriguez,103,1300.0,Shirt,Clothing,offline,Chennai,2025-11-09,5,NetBanking,0.25,Ker*****@gmail.com,77******93,successful,6499.75,2025-11
1451,135,Daniel Wallace,108,15000.0,Mixer Grinder,Home Appliances,offline,Bangalore,2025-07-13,3,UPI,0.15,Dan*****@yahoo.com,89******14,successful,44999.85,2025-07
1452,276,Kelly Montgomery,104,8000.0,Shoes,Clothing,offline,Delhi,2025-05-14,3,Cash,0.1,Kel*****@gmail.com,90******46,successful,23999.9,2025-05
1453,971,Larry Ramos,106,80000.0,Sofa,Furniture,offline,Chennai,2025-07-10,1,Cash,0.15,Lar*****@gmail.com,89******14,successful,79999.85,2025-07
1454,869,Krystal Hudson,108,15000.0,Mixer Grinder,Home,online,Mumbai,2025-10-30,2,UPI,0.15,Kry*****@yahoo.com,96******79,successful,29999.85,2025-10
1455,495,John Cummings,110,45000.0,Microwave,Home Appliances,offline,Hyderabad,2025-07-22,5,Cash,0.1,Joh*****@yahoo.com,88******25,successful,224999.9,2025-07
1458,863,Travis Morgan,104,8000.0,Shoes,Clothing,offline,Bangalore,2026-01-11,2,UPI,0.25,Tra*****@gmail.com,71******57,successful,15999.75,2026-01
1459,480,Denise Guerra,102,,Phone,Elec,online,Hyderabad,2026-04-03,1,UPI,0.3,Den*****@gmail.com,77******09,successful,,2026-04
1460,685,David Mcgee,108,15000.0,Mixer Grinder,Home Appliances,offline,Chennai,2025-12-24,5,Card,0.25,Dav*****@gmail.com,97******21,successful,74999.75,2025-12
1461,350,Gregory Knapp,104,,Shoes,Cloth,offline,Chennai,2025-08-07,4,NetBanking,0.4,Gre*****@yahoo.com,93******47,successful,,2025-08
1463,382,Billy Ramirez,108,15000.0,Mixer Grinder,Home Appliances,offline,Mumbai,2025-09-25,1,UPI,0.05,Bil*****@gmail.com,97******85,successful,14999.95,2025-09
1464,74,David Alvarez,108,15000.0,Mixer Grinder,Home Appliances,offline,Delhi,2025-12-12,5,UPI,0.05,Dav*****@yahoo.com,95******42,successful,74999.95,2025-12
1465,231,Jason Smith,107,50000.0,Dining Table,Furn,online,Hyderabad,2025-12-02,3,UPI,0.1,Jas*****@gmail.com,77******99,successful,149999.9,2025-12
1466,728,Lisa Miller,108,15000.0,Mixer Grinder,Home Appliances,offline,Chennai,2025-08-05,5,Card,0.1,Lis*****@gmail.com,87******95,successful,74999.9,2025-08
1471,867,Jeffrey Sanders,101,250000.0,Laptop,Electronics,offline,Chennai,2025-05-29,4,UPI,0.1,Jef*****@gmail.com,96******32,successful,999999.9,2025-05
1472,626,Tyler Martinez,101,250000.0,Laptop,Elec,offline,Hyderabad,2025-10-30,3,Card,0.1,Tyl*****@gmail.com,78******16,successful,749999.9,2025-10
1474,750,Kristi Blackwell,106,80000.0,Sofa,Furn,online,Hyderabad,2026-02-06,3,NetBanking,0.1,Kri*****@yahoo.com,77******01,successful,239999.9,2026-02
1475,743,Dorothy Davis,103,,Shirt,Clothing,offline,Delhi,2025-06-01,4,UPI,0.25,Dor*****@yahoo.com,84******00,successful,,2025-06
1476,385,Austin Love,102,70000.0,Phone,Elec,online,Hyderabad,2025-11-03,3,NetBanking,0.2,Aus*****@gmail.com,72******84,successful,209999.8,2025-11
1478,975,Jacqueline Doyle,104,8000.0,Shoes,Clothing,online,Hyderabad,2025-08-10,1,NetBanking,0.2,Jac*****@outlook.com,81******90,successful,7999.8,2025-08
1479,532,Scott Hall,103,,Shirt,Clothing,online,Hyderabad,2025-07-12,5,UPI,0.1,Sco*****@outlook.com,60******72,successful,,2025-07
1480,879,Andrew Johnston,104,,Shoes,Clothing,online,Mumbai,2025-06-30,1,UPI,0.25,And*****@yahoo.com,92******66,successful,,2025-06
1482,481,Valerie Phillips,102,70000.0,Phone,Electronics,offline,Chennai,2025-01-05,3,NetBanking,0.3,Val*****@gmail.com,84******27,successful,209999.7,2025-01
1483,951,Richard Miller,110,45000.0,Microwave,Home Appliances,online,Mumbai,2026-03-03,5,Cash,0.4,Ric*****@yahoo.com,71******79,successful,224999.6,2026-03
1485,564,Spencer Davis,108,15000.0,Mixer Grinder,Home,offline,Chennai,2025-10-19,4,Cash,0.35,Spe*****@gmail.com,97******11,successful,59999.65,2025-10
1486,963,Laura Stevenson,105,45000.0,Tv,Elec,offline,Chennai,2025-07-13,1,Cash,0.25,Lau*****@outlook.com,75******05,successful,44999.75,2025-07
1487,473,Daniel Tapia,103,1300.0,Shirt,Clothing,offline,Hyderabad,2025-06-12,5,NetBanking,0.1,Dan*****@yahoo.com,99******08,successful,6499.9,2025-06
1488,615,Carolyn Torres,108,15000.0,Mixer Grinder,Home,offline,Mumbai,2025-07-14,2,Cash,0.25,Car*****@gmail.com,66******38,successful,29999.75,2025-07
1489,890,Holly Mckay,101,250000.0,Laptop,Electronics,offline,Chennai,2025-08-04,2,Card,0.05,Hol*****@yahoo.com,66******94,successful,499999.95,2025-08
1491,636,Christopher Clark,106,80000.0,Sofa,Furniture,online,Mumbai,2025-01-07,4,Card,0.1,Chr*****@gmail.com,76******66,successful,319999.9,2025-01
1492,642,Troy Mitchell,101,250000.0,Laptop,Electronics,online,Bangalore,2025-07-17,5,NetBanking,0.4,Tro*****@gmail.com,83******68,successful,1249999.6,2025-07
1493,921,Jessica Taylor,106,80000.0,Sofa,Furn,online,Mumbai,2025-12-08,5,UPI,0.3,Jes*****@outlook.com,97******82,successful,399999.7,2025-12
1494,144,Amber Boyd,104,8000.0,Shoes,Clothing,online,Mumbai,2025-08-10,2,Card,0.05,Amb*****@gmail.com,91******81,successful,15999.95,2025-08
1495,673,Nicole Davis,104,8000.0,Shoes,Clothing,online,Mumbai,2025-07-26,1,UPI,0.1,Nic*****@gmail.com,97******01,successful,7999.9,2025-07
1496,830,Joel Charles,105,45000.0,Tv,Electronics,online,Hyderabad,2025-07-14,2,NetBanking,0.15,Joe*****@gmail.com,82******54,successful,89999.85,2025-07
1498,230,Jose Guerrero,109,65000.0,Refrigerator,Home Appliances,online,Hyderabad,2025-10-02,1,Cash,0.35,Jos*****@gmail.com,72******76,successful,64999.65,2025-10
1499,939,Megan Tran,109,,Refrigerator,Home,online,Hyderabad,2026-03-11,1,NetBanking,0.25,Meg*****@outlook.com,85******84,successful,,2026-03
1500,796,Jasmine Lopez,107,50000.0,Dining Table,Furniture,online,Bangalore,2025-07-21,4,Cash,0.15,Jas*****@outlook.com,91******17,successful,199999.85,2025-07
1501,53,John Bridges,103,1300.0,Shirt,Cloth,offline,Hyderabad,2026-02-08,1,UPI,0.05,Joh*****@outlook.com,98******17,successful,1299.95,2026-02
1502,713,Jason Griffin,104,8000.0,Shoes,Cloth,offline,Hyderabad,2026-02-01,4,UPI,0.35,Jas*****@gmail.com,89******07,successful,31999.65,2026-02
1503,139,Melissa Peterson,109,,Refrigerator,Home Appliances,offline,Mumbai,2025-04-23,3,NetBanking,0.25,Mel*****@outlook.com,87******33,successful,,2025-04
1504,407,Erika Maxwell,101,,Laptop,Elec,offline,Mumbai,2025-06-28,2,Card,0.25,Eri*****@gmail.com,85******79,successful,,2025-06
1505,820,Mary Goodwin,101,250000.0,Laptop,Electronics,offline,Delhi,2025-03-07,1,UPI,0.1,Mar*****@yahoo.com,85******01,successful,249999.9,2025-03
1506,556,Roger Guerrero,105,45000.0,Tv,Elec,online,Mumbai,2025-06-18,5,NetBanking,0.05,Rog*****@yahoo.com,88******88,successful,224999.95,2025-06
1507,200,Miguel Proctor,107,50000.0,Dining Table,Furn,online,Delhi,2025-05-30,5,Cash,0.2,Mig*****@gmail.com,81******35,successful,249999.8,2025-05
1508,405,Tina Olson,102,70000.0,Phone,Electronics,offline,Bangalore,2025-06-20,2,Card,0.15,Tin*****@gmail.com,99******92,successful,139999.85,2025-06
1509,37,Joshua Nunez,101,250000.0,Laptop,Elec,offline,Mumbai,2025-10-10,5,Cash,0.3,Jos*****@yahoo.com,85******85,successful,1249999.7,2025-10
1510,886,Ashley Gamble,106,80000.0,Sofa,Furniture,offline,Bangalore,2026-04-15,5,Cash,0.2,Ash*****@gmail.com,72******16,successful,399999.8,2026-04
1511,257,Courtney Terrell,101,250000.0,Laptop,Electronics,online,Mumbai,2025-05-26,1,NetBanking,0.15,Cou*****@gmail.com,81******54,successful,249999.85,2025-05
1512,435,Wendy Robinson,103,1300.0,Shirt,Clothing,online,Delhi,2025-09-07,4,UPI,0.35,Wen*****@gmail.com,78******54,successful,5199.65,2025-09
1513,91,Christopher Martin,109,65000.0,Refrigerator,Home,offline,Bangalore,2026-10-02,3,NetBanking,0.25,Chr*****@outlook.com,83******11,successful,194999.75,2026-10
1515,285,Amanda Anderson,110,45000.0,Microwave,Home,offline,Chennai,2026-04-04,1,NetBanking,0.3,Ama*****@outlook.com,90******74,successful,44999.7,2026-04
1516,238,Zachary Hooper,105,45000.0,Tv,Elec,online,Bangalore,2025-08-27,2,Card,0.25,Zac*****@gmail.com,79******12,successful,89999.75,2025-08
1517,889,Robert Carlson,110,,Microwave,Home,online,Delhi,2025-08-22,4,UPI,0.1,Rob*****@gmail.com,95******01,successful,,2025-08
1518,728,Lisa Miller,106,80000.0,Sofa,Furniture,online,Chennai,2025-04-19,5,Cash,0.4,Lis*****@gmail.com,87******95,successful,399999.6,2025-04
1519,544,Charles Weaver,101,250000.0,Laptop,Electronics,offline,Mumbai,2025-06-27,3,Card,0.25,Cha*****@outlook.com,89******94,successful,749999.75,2025-06
1521,229,Randy Wilkins,107,,Dining Table,Furniture,online,Hyderabad,2026-02-10,3,Card,0.1,Ran*****@gmail.com,62******27,successful,,2026-02
1522,215,Crystal Aguilar,104,8000.0,Shoes,Clothing,offline,Mumbai,2026-06-01,1,NetBanking,0.25,Cry*****@gmail.com,61******10,successful,7999.75,2026-06
1523,680,Benjamin Anderson,104,8000.0,Shoes,Cloth,online,Delhi,2025-07-20,1,UPI,0.4,Ben*****@yahoo.com,70******12,successful,7999.6,2025-07
1524,776,Erica Moore,109,65000.0,Refrigerator,Home,offline,Chennai,2025-03-09,5,UPI,0.4,Eri*****@gmail.com,77******31,successful,324999.6,2025-03
1526,400,Brenda Johnson,106,80000.0,Sofa,Furniture,online,Chennai,2025-05-12,4,Card,0.1,Bre*****@yahoo.com,79******93,successful,319999.9,2025-05
1529,570,Donald Carter,105,45000.0,Tv,Elec,online,Chennai,2025-08-03,3,UPI,0.15,Don*****@gmail.com,79******19,successful,134999.85,2025-08
1531,131,Pamela Peterson,103,1300.0,Shirt,Clothing,online,Bangalore,2025-09-07,3,UPI,0.15,Pam*****@gmail.com,65******47,successful,3899.85,2025-09
1532,546,Angel Gibson,102,70000.0,Phone,Elec,offline,Mumbai,2025-07-10,2,UPI,0.15,Ang*****@outlook.com,88******27,successful,139999.85,2025-07
1534,600,James Schaefer,101,250000.0,Laptop,Electronics,offline,Chennai,2025-11-05,2,Card,0.05,Jam*****@gmail.com,92******20,successful,499999.95,2025-11
1535,515,Amy Lee,105,45000.0,Tv,Electronics,offline,Chennai,2025-05-21,1,UPI,0.05,Amy*****@yahoo.com,66******56,successful,44999.95,2025-05
1536,498,Russell Crawford,105,45000.0,Tv,Elec,online,Hyderabad,2025-06-25,5,UPI,0.25,Rus*****@gmail.com,98******75,successful,224999.75,2025-06
1537,2,Steven Evans,107,50000.0,Dining Table,Furniture,online,Delhi,2025-07-07,2,UPI,0.25,Ste*****@gmail.com,94******87,successful,99999.75,2025-07
1538,279,Lucas Stevens,107,,Dining Table,Furniture,online,Hyderabad,2025-10-20,5,Cash,0.4,Luc*****@outlook.com,67******87,successful,,2025-10
1539,938,Mary Rogers,108,15000.0,Mixer Grinder,Home Appliances,online,Hyderabad,2026-12-02,2,NetBanking,0.1,Mar*****@gmail.com,97******23,successful,29999.9,2026-12
1540,733,Jessica Lin,102,70000.0,Phone,Electronics,online,Delhi,2025-09-05,4,Card,0.05,Jes*****@gmail.com,85******63,successful,279999.95,2025-09
1542,79,Tony Jones,103,1300.0,Shirt,Clothing,offline,Bangalore,2025-07-10,2,UPI,0.15,Ton*****@yahoo.com,71******23,successful,2599.85,2025-07
1543,938,Mary Rogers,102,70000.0,Phone,Electronics,online,Hyderabad,2025-11-12,3,Cash,0.35,Mar*****@gmail.com,97******23,successful,209999.65,2025-11
1544,501,Tammy Gomez,110,45000.0,Microwave,Home Appliances,online,Bangalore,2026-03-19,5,Cash,0.3,Tam*****@yahoo.com,66******01,successful,224999.7,2026-03
1545,133,Christy Stone,101,250000.0,Laptop,Electronics,offline,Chennai,2025-08-24,3,Card,0.25,Chr*****@outlook.com,64******00,successful,749999.75,2025-08
1546,674,Haley Alvarez,103,1300.0,Shirt,Cloth,online,Bangalore,2025-10-02,5,Card,0.2,Hal*****@outlook.com,99******72,successful,6499.8,2025-10
1547,712,Laura Rogers,104,8000.0,Shoes,Clothing,offline,Hyderabad,2026-01-10,4,UPI,0.3,Lau*****@outlook.com,65******95,successful,31999.7,2026-01
1549,46,Mallory Boyd,109,65000.0,Refrigerator,Home Appliances,offline,Delhi,2025-04-24,1,Card,0.2,Mal*****@gmail.com,69******49,successful,64999.8,2025-04
1550,337,Cameron Myers,103,1300.0,Shirt,Cloth,online,Chennai,2025-09-05,1,NetBanking,0.1,Cam*****@gmail.com,89******77,successful,1299.9,2025-09
1551,501,Tammy Gomez,103,1300.0,Shirt,Clothing,offline,Bangalore,2025-10-13,3,Cash,0.35,Tam*****@yahoo.com,66******01,successful,3899.65,2025-10
1553,495,John Cummings,108,15000.0,Mixer Grinder,Home Appliances,online,Hyderabad,2025-08-08,3,NetBanking,0.05,Joh*****@yahoo.com,88******25,successful,44999.95,2025-08
1555,86,Rachel Gonzales,104,8000.0,Shoes,Clothing,offline,Mumbai,2025-11-10,3,NetBanking,0.25,Rac*****@yahoo.com,64******51,successful,23999.75,2025-11
1556,57,Charles Henderson,109,65000.0,Refrigerator,Home Appliances,offline,Hyderabad,2025-12-01,4,NetBanking,0.35,Cha*****@outlook.com,93******72,successful,259999.65,2025-12
1557,112,Bill Maldonado,104,8000.0,Shoes,Clothing,offline,Mumbai,2025-06-18,5,UPI,0.4,Bil*****@gmail.com,97******30,successful,39999.6,2025-06
1558,302,James Robles,105,45000.0,Tv,Elec,online,Bangalore,2025-06-02,2,NetBanking,0.4,Jam*****@gmail.com,61******08,successful,89999.6,2025-06
1559,571,Frederick Stevenson,103,1300.0,Shirt,Clothing,online,Chennai,2025-07-02,2,Card,0.25,Fre*****@outlook.com,65******16,successful,2599.75,2025-07
1560,17,Duane Hall,107,50000.0,Dining Table,Furniture,online,Bangalore,2026-01-25,4,Card,0.3,Dua*****@outlook.com,74******49,successful,199999.7,2026-01
1562,786,Jeremiah Simmons,110,45000.0,Microwave,Home Appliances,online,Chennai,2026-10-01,3,NetBanking,0.05,Jer*****@outlook.com,71******16,successful,134999.95,2026-10
1564,194,Leonard Taylor,103,1300.0,Shirt,Cloth,offline,Chennai,2026-01-07,2,NetBanking,0.4,Leo*****@gmail.com,88******98,successful,2599.6,2026-01
1565,250,Steven Baker,110,45000.0,Microwave,Home Appliances,offline,Mumbai,2025-11-10,5,NetBanking,0.25,Ste*****@gmail.com,62******24,successful,224999.75,2025-11
1566,36,Brian Martinez,106,80000.0,Sofa,Furn,offline,Chennai,2026-02-20,2,UPI,0.35,Bri*****@gmail.com,71******04,successful,159999.65,2026-02
1568,563,Robert Baird,106,80000.0,Sofa,Furniture,offline,Hyderabad,2025-10-18,4,Card,0.05,Rob*****@gmail.com,64******00,successful,319999.95,2025-10
1569,158,Tiffany Mitchell,107,50000.0,Dining Table,Furniture,offline,Delhi,2025-06-09,3,NetBanking,0.3,Tif*****@gmail.com,79******16,successful,149999.7,2025-06
1573,758,Nichole Jones,101,250000.0,Laptop,Electronics,offline,Chennai,2026-04-13,2,UPI,0.05,Nic*****@yahoo.com,61******72,successful,499999.95,2026-04
1574,24,Donald Blevins,107,50000.0,Dining Table,Furniture,offline,Chennai,2025-08-20,4,Card,0.2,Don*****@gmail.com,81******56,successful,199999.8,2025-08
1576,785,Michael Russell,110,45000.0,Microwave,Home Appliances,offline,Chennai,2025-09-23,1,UPI,0.4,Mic*****@outlook.com,76******07,successful,44999.6,2025-09
1577,339,Stacy Hernandez,104,8000.0,Shoes,Clothing,offline,Delhi,2025-03-11,1,NetBanking,0.15,Sta*****@yahoo.com,76******84,successful,7999.85,2025-03
1578,98,Cindy Mueller,104,8000.0,Shoes,Clothing,offline,Chennai,2026-02-03,2,Cash,0.15,Cin*****@outlook.com,72******89,successful,15999.85,2026-02
1579,66,Jonathan Lewis,108,15000.0,Mixer Grinder,Home,offline,Bangalore,2025-05-30,5,Card,0.2,Jon*****@gmail.com,60******80,successful,74999.8,2025-05
1580,698,Jennifer Mendoza,104,8000.0,Shoes,Clothing,offline,Chennai,2026-01-23,2,Cash,0.2,Jen*****@outlook.com,85******94,successful,15999.8,2026-01
1581,260,Cynthia Fields,107,50000.0,Dining Table,Furniture,offline,Chennai,2025-10-11,3,UPI,0.15,Cyn*****@gmail.com,68******11,successful,149999.85,2025-10
1582,287,Cory Howell,110,,Microwave,Home Appliances,offline,Delhi,2025-10-16,1,Card,0.4,Cor*****@gmail.com,68******87,successful,,2025-10
1583,479,Tracy Underwood,102,,Phone,Electronics,offline,Chennai,2025-10-12,4,Cash,0.4,Tra*****@outlook.com,96******08,successful,,2025-10
1584,815,Kimberly Taylor,109,65000.0,Refrigerator,Home,offline,Mumbai,2025-08-29,1,Card,0.05,Kim*****@gmail.com,93******28,successful,64999.95,2025-08
1585,123,Trevor Sharp,107,,Dining Table,Furniture,online,Mumbai,2025-07-07,3,Cash,0.1,Tre*****@yahoo.com,61******57,successful,,2025-07
1586,742,Wesley Davis,103,1300.0,Shirt,Cloth,online,Delhi,2025-10-02,4,Card,0.25,Wes*****@outlook.com,69******46,successful,5199.75,2025-10
1587,96,Traci Cole,110,45000.0,Microwave,Home Appliances,offline,Chennai,2025-05-03,3,Card,0.2,Tra*****@outlook.com,62******03,successful,134999.8,2025-05
1588,988,John Thomas,101,250000.0,Laptop,Electronics,offline,Delhi,2025-12-21,4,UPI,0.35,Joh*****@gmail.com,91******39,successful,999999.65,2025-12
1589,805,Latoya Baker,102,,Phone,Electronics,online,Delhi,2026-02-14,5,UPI,0.2,Lat*****@gmail.com,73******40,successful,,2026-02
1590,342,Jessica Fowler,110,,Microwave,Home Appliances,offline,Hyderabad,2025-11-08,2,NetBanking,0.2,Jes*****@gmail.com,99******18,successful,,2025-11
1592,829,Jeffery Perez,105,45000.0,Tv,Electronics,online,Mumbai,2025-10-31,5,NetBanking,0.35,Jef*****@yahoo.com,93******48,successful,224999.65,2025-10
1594,806,Jacqueline Cantu,108,15000.0,Mixer Grinder,Home Appliances,online,Chennai,2025-06-18,5,Card,0.2,Jac*****@gmail.com,86******33,successful,74999.8,2025-06
1595,771,Matthew Greer,106,80000.0,Sofa,Furn,online,Bangalore,2025-06-17,3,Cash,0.15,Mat*****@yahoo.com,82******12,successful,239999.85,2025-06
1596,440,Tracy Sheppard,105,45000.0,Tv,Electronics,online,Hyderabad,2025-05-08,1,Card,0.05,Tra*****@gmail.com,65******96,successful,44999.95,2025-05
1597,698,Jennifer Mendoza,109,,Refrigerator,Home,online,Chennai,2025-07-25,2,UPI,0.1,Jen*****@outlook.com,85******94,successful,,2025-07
1598,570,Donald Carter,105,45000.0,Tv,Electronics,online,Chennai,2025-08-02,5,Card,0.25,Don*****@gmail.com,79******19,successful,224999.75,2025-08
1599,254,Daniel Santos,101,250000.0,Laptop,Elec,online,Hyderabad,2025-07-02,1,NetBanking,0.4,Dan*****@yahoo.com,89******63,successful,249999.6,2025-07
1601,473,Daniel Tapia,101,250000.0,Laptop,Elec,offline,Hyderabad,2025-11-08,3,NetBanking,0.2,Dan*****@yahoo.com,99******08,successful,749999.8,2025-11
1602,705,Amy Brewer,101,250000.0,Laptop,Electronics,offline,Hyderabad,2025-03-10,1,Card,0.4,Amy*****@yahoo.com,97******18,successful,249999.6,2025-03
1603,630,Charles Thompson,105,45000.0,Tv,Electronics,online,Hyderabad,2026-06-04,5,Cash,0.05,Cha*****@gmail.com,94******82,successful,224999.95,2026-06
1604,633,Julie Jackson,102,,Phone,Elec,online,Delhi,2025-07-23,1,NetBanking,0.2,Jul*****@gmail.com,71******01,successful,,2025-07
1606,892,Logan Hayes,103,1300.0,Shirt,Clothing,offline,Mumbai,2025-10-02,3,Cash,0.1,Log*****@yahoo.com,64******03,successful,3899.9,2025-10
1607,293,Luke Cummings,108,15000.0,Mixer Grinder,Home Appliances,offline,Hyderabad,2025-11-13,5,Card,0.1,Luk*****@gmail.com,88******61,successful,74999.9,2025-11
1608,681,Heather Williams,110,45000.0,Microwave,Home Appliances,online,Mumbai,2025-10-19,5,Cash,0.3,Hea*****@outlook.com,75******67,successful,224999.7,2025-10
1610,41,Brandon Robinson,109,65000.0,Refrigerator,Home Appliances,offline,Delhi,2025-08-06,4,NetBanking,0.4,Bra*****@outlook.com,60******06,successful,259999.6,2025-08
1612,844,Philip Cervantes,106,80000.0,Sofa,Furniture,online,Delhi,2026-04-11,5,NetBanking,0.3,Phi*****@gmail.com,98******42,successful,399999.7,2026-04
1613,340,Paul Smith,105,45000.0,Tv,Elec,offline,Chennai,2026-03-01,4,Cash,0.25,Pau*****@yahoo.com,72******50,successful,179999.75,2026-03
1614,53,John Bridges,103,1300.0,Shirt,Clothing,online,Hyderabad,2025-12-10,3,UPI,0.1,Joh*****@outlook.com,98******17,successful,3899.9,2025-12
1615,121,Deborah Vang,101,250000.0,Laptop,Elec,online,Delhi,2025-12-05,2,NetBanking,0.4,Deb*****@gmail.com,82******07,successful,499999.6,2025-12
1617,568,Joshua Collins,107,,Dining Table,Furniture,online,Mumbai,2025-05-11,2,UPI,0.3,Jos*****@gmail.com,81******49,successful,,2025-05
1618,897,Johnathan Fox,108,15000.0,Mixer Grinder,Home Appliances,offline,Mumbai,2026-03-01,1,NetBanking,0.3,Joh*****@gmail.com,67******77,successful,14999.7,2026-03
1619,298,Ryan Massey,106,80000.0,Sofa,Furn,online,Delhi,2026-02-15,2,UPI,0.35,Rya*****@gmail.com,64******86,successful,159999.65,2026-02
1620,432,Charles Nelson,109,65000.0,Refrigerator,Home Appliances,offline,Mumbai,2025-04-05,3,UPI,0.05,Cha*****@yahoo.com,90******74,successful,194999.95,2025-04
1621,497,Walter Peterson,102,,Phone,Elec,online,Mumbai,2025-12-30,5,NetBanking,0.15,Wal*****@yahoo.com,73******60,successful,,2025-12
1622,686,Brandon Jenkins,103,1300.0,Shirt,Clothing,offline,Bangalore,2025-08-22,2,Cash,0.3,Bra*****@yahoo.com,68******57,successful,2599.7,2025-08
1623,582,Kristin Bradley,105,45000.0,Tv,Elec,online,Hyderabad,2025-04-23,3,NetBanking,0.3,Kri*****@gmail.com,74******44,successful,134999.7,2025-04
1625,759,Lisa Butler,101,250000.0,Laptop,Electronics,online,Hyderabad,2025-05-24,4,Cash,0.3,Lis*****@gmail.com,88******71,successful,999999.7,2025-05
1627,771,Matthew Greer,106,80000.0,Sofa,Furniture,online,Bangalore,2026-01-30,5,NetBanking,0.4,Mat*****@yahoo.com,82******12,successful,399999.6,2026-01
1628,873,Tracy Bass,108,,Mixer Grinder,Home,online,Hyderabad,2025-08-25,3,UPI,0.2,Tra*****@outlook.com,68******34,successful,,2025-08
1629,431,Tracie Kim,102,70000.0,Phone,Electronics,online,Bangalore,2025-10-31,1,UPI,0.25,Tra*****@yahoo.com,83******30,successful,69999.75,2025-10
1630,209,Aaron Mclaughlin,103,1300.0,Shirt,Clothing,online,Chennai,2025-09-14,4,Card,0.05,Aar*****@outlook.com,87******47,successful,5199.95,2025-09
1631,36,Brian Martinez,106,80000.0,Sofa,Furn,offline,Chennai,2025-07-20,4,Card,0.15,Bri*****@gmail.com,71******04,successful,319999.85,2025-07
1632,106,James Pham,107,50000.0,Dining Table,Furniture,offline,Chennai,2025-09-03,2,UPI,0.4,Jam*****@gmail.com,89******47,successful,99999.6,2025-09
1633,93,Judith Sanchez,105,45000.0,Tv,Elec,offline,Mumbai,2026-01-25,2,UPI,0.3,Jud*****@yahoo.com,84******76,successful,89999.7,2026-01
1634,799,Stephanie Dunn,104,8000.0,Shoes,Clothing,offline,Delhi,2026-03-07,5,UPI,0.25,Ste*****@gmail.com,74******44,successful,39999.75,2026-03
1635,544,Charles Weaver,102,70000.0,Phone,Electronics,online,Mumbai,2025-06-09,4,UPI,0.4,Cha*****@outlook.com,89******94,successful,279999.6,2025-06
1636,181,Maria Robinson,110,45000.0,Microwave,Home Appliances,online,Delhi,2025-06-04,3,UPI,0.35,Mar*****@gmail.com,87******17,successful,134999.65,2025-06
1637,260,Cynthia Fields,101,250000.0,Laptop,Electronics,offline,Chennai,2025-06-26,4,UPI,0.25,Cyn*****@gmail.com,68******11,successful,999999.75,2025-06
1638,937,Nicole Woods,107,50000.0,Dining Table,Furn,online,Mumbai,2026-03-31,1,Card,0.15,Nic*****@yahoo.com,93******75,successful,49999.85,2026-03
1639,231,Jason Smith,101,250000.0,Laptop,Electronics,online,Hyderabad,2026-02-15,2,NetBanking,0.1,Jas*****@gmail.com,77******99,successful,499999.9,2026-02
1640,201,Lisa Tran,110,45000.0,Microwave,Home,offline,Bangalore,2025-07-12,2,Cash,0.25,Lis*****@yahoo.com,87******74,successful,89999.75,2025-07
1641,130,Bailey Smith,108,15000.0,Mixer Grinder,Home Appliances,offline,Hyderabad,2025-11-03,1,Card,0.2,Bai*****@outlook.com,95******53,successful,14999.8,2025-11
1642,307,Evelyn Bridges,106,80000.0,Sofa,Furn,offline,Chennai,2026-03-06,3,NetBanking,0.4,Eve*****@gmail.com,91******28,successful,239999.6,2026-03
1643,773,Gerald Cox,110,45000.0,Microwave,Home Appliances,online,Mumbai,2026-04-15,4,NetBanking,0.4,Ger*****@gmail.com,71******12,successful,179999.6,2026-04
1645,519,Kylie Ferguson,106,,Sofa,Furniture,online,Bangalore,2025-11-01,5,Cash,0.3,Kyl*****@yahoo.com,92******78,successful,,2025-11
1646,739,Brian Fuller,110,45000.0,Microwave,Home Appliances,offline,Delhi,2026-01-02,3,Card,0.25,Bri*****@yahoo.com,77******38,successful,134999.75,2026-01
1648,767,John Farmer,110,45000.0,Microwave,Home Appliances,online,Mumbai,2025-11-20,3,UPI,0.3,Joh*****@outlook.com,62******80,successful,134999.7,2025-11
1649,886,Ashley Gamble,106,80000.0,Sofa,Furniture,online,Bangalore,2026-02-27,1,UPI,0.15,Ash*****@gmail.com,72******16,successful,79999.85,2026-02
1651,528,Kerri Rodriguez,102,70000.0,Phone,Electronics,online,Chennai,2025-08-24,3,Card,0.35,Ker*****@gmail.com,77******93,successful,209999.65,2025-08
1653,150,Donald Bradley,106,,Sofa,Furn,offline,Mumbai,2025-01-05,5,UPI,0.4,Don*****@gmail.com,63******20,successful,,2025-01
1654,449,Erin Summers,102,70000.0,Phone,Elec,online,Delhi,2025-07-09,4,UPI,0.4,Eri*****@yahoo.com,96******05,successful,279999.6,2025-07
1656,376,Traci Floyd,105,,Tv,Electronics,online,Chennai,2026-04-01,4,Card,0.1,Tra*****@outlook.com,78******16,successful,,2026-04
1658,716,John Mitchell,101,250000.0,Laptop,Electronics,offline,Delhi,2025-09-30,4,NetBanking,0.25,Joh*****@outlook.com,75******27,successful,999999.75,2025-09
1659,955,Jake Davis,101,250000.0,Laptop,Electronics,online,Bangalore,2025-12-08,5,Cash,0.4,Jak*****@yahoo.com,70******20,successful,1249999.6,2025-12
1662,222,Emily Hernandez,110,,Microwave,Home Appliances,offline,Delhi,2025-09-06,5,NetBanking,0.2,Emi*****@gmail.com,89******56,successful,,2025-09
1663,855,Linda Shelton,104,8000.0,Shoes,Clothing,offline,Delhi,2025-09-21,1,Cash,0.2,Lin*****@outlook.com,90******53,successful,7999.8,2025-09
1664,977,Gloria Navarro,104,8000.0,Shoes,Cloth,offline,Chennai,2025-11-01,2,Card,0.1,Glo*****@yahoo.com,72******62,successful,15999.9,2025-11
1665,383,Debra Parker,103,1300.0,Shirt,Clothing,offline,Mumbai,2025-07-10,2,Card,0.35,Deb*****@outlook.com,83******09,successful,2599.65,2025-07
1666,407,Erika Maxwell,108,15000.0,Mixer Grinder,Home,offline,Mumbai,2025-06-06,5,NetBanking,0.05,Eri*****@gmail.com,85******79,successful,74999.95,2025-06
1668,871,Joel Hall,107,50000.0,Dining Table,Furn,online,Chennai,2025-04-21,2,Card,0.35,Joe*****@gmail.com,89******29,successful,99999.65,2025-04
1669,649,Carrie Johnson,108,,Mixer Grinder,Home Appliances,offline,Bangalore,2025-07-15,1,NetBanking,0.3,Car*****@gmail.com,61******44,successful,,2025-07
1670,307,Evelyn Bridges,103,1300.0,Shirt,Cloth,offline,Chennai,2025-10-14,1,Cash,0.25,Eve*****@gmail.com,91******28,successful,1299.75,2025-10
1672,308,Lori Bowen,103,1300.0,Shirt,Clothing,offline,Mumbai,2026-03-11,2,UPI,0.3,Lor*****@gmail.com,64******14,successful,2599.7,2026-03
1674,876,David Whitaker,104,8000.0,Shoes,Clothing,online,Chennai,2025-10-28,3,NetBanking,0.35,Dav*****@gmail.com,90******57,successful,23999.65,2025-10
1675,537,Ernest Meyers,107,50000.0,Dining Table,Furniture,online,Delhi,2026-11-03,2,Card,0.4,Ern*****@gmail.com,80******88,successful,99999.6,2026-11
1676,407,Erika Maxwell,105,45000.0,Tv,Elec,online,Mumbai,2025-12-23,5,Cash,0.15,Eri*****@gmail.com,85******79,successful,224999.85,2025-12
1677,881,Sarah Guerrero,104,8000.0,Shoes,Cloth,online,Bangalore,2026-04-05,4,Card,0.2,Sar*****@yahoo.com,71******11,successful,31999.8,2026-04
1678,163,Robert Carlson,106,,Sofa,Furniture,offline,Mumbai,2025-10-03,2,NetBanking,0.1,Rob*****@gmail.com,86******58,successful,,2025-10
1679,173,Joshua Smith,108,15000.0,Mixer Grinder,Home Appliances,offline,Delhi,2025-09-09,5,UPI,0.1,Jos*****@outlook.com,93******78,successful,74999.9,2025-09
1680,156,Sara Romero,107,,Dining Table,Furniture,offline,Chennai,2025-04-12,1,Cash,0.15,Sar*****@gmail.com,91******62,successful,,2025-04
1681,876,David Whitaker,108,15000.0,Mixer Grinder,Home,online,Chennai,2026-02-10,4,Cash,0.15,Dav*****@gmail.com,90******57,successful,59999.85,2026-02
1684,109,Michael Walker,109,65000.0,Refrigerator,Home,offline,Mumbai,2025-12-20,2,Cash,0.3,Mic*****@yahoo.com,99******71,successful,129999.7,2025-12
1687,150,Donald Bradley,108,15000.0,Mixer Grinder,Home Appliances,online,Mumbai,2026-07-02,4,Cash,0.35,Don*****@gmail.com,63******20,successful,59999.65,2026-07
1688,622,Hannah Bell,102,70000.0,Phone,Electronics,online,Chennai,2025-07-23,2,UPI,0.2,Han*****@yahoo.com,63******23,successful,139999.8,2025-07
1689,370,Jessica Moreno,103,1300.0,Shirt,Clothing,offline,Delhi,2025-05-07,3,UPI,0.2,Jes*****@gmail.com,89******38,successful,3899.8,2025-05
1690,891,Natalie Hammond,101,250000.0,Laptop,Elec,offline,Hyderabad,2026-01-06,4,Card,0.1,Nat*****@yahoo.com,70******43,successful,999999.9,2026-01
1691,296,Katherine Frazier,108,15000.0,Mixer Grinder,Home Appliances,online,Bangalore,2025-07-29,5,NetBanking,0.35,Kat*****@yahoo.com,72******97,successful,74999.65,2025-07
1693,845,Sara Smith,109,65000.0,Refrigerator,Home Appliances,online,Chennai,2025-06-07,2,UPI,0.15,Sar*****@outlook.com,61******26,successful,129999.85,2025-06
1695,343,Allen Mcdowell,103,1300.0,Shirt,Clothing,online,Bangalore,2025-09-05,5,NetBanking,0.4,All*****@yahoo.com,75******70,successful,6499.6,2025-09
1698,87,Peter Silva,104,8000.0,Shoes,Clothing,online,Chennai,2025-04-22,4,NetBanking,0.4,Pet*****@outlook.com,72******54,successful,31999.6,2025-04
1699,419,William Taylor,110,45000.0,Microwave,Home,offline,Bangalore,2025-05-08,2,UPI,0.3,Wil*****@yahoo.com,85******68,successful,89999.7,2025-05
1700,392,Jeffery Wallace,103,1300.0,Shirt,Clothing,offline,Hyderabad,2025-05-08,4,NetBanking,0.15,Jef*****@gmail.com,83******77,successful,5199.85,2025-05
1701,773,Gerald Cox,105,45000.0,Tv,Electronics,online,Mumbai,2025-12-31,2,Cash,0.35,Ger*****@gmail.com,71******12,successful,89999.65,2025-12
1702,269,Christina Conrad,107,50000.0,Dining Table,Furniture,online,Chennai,2025-06-15,3,UPI,0.35,Chr*****@yahoo.com,83******47,successful,149999.65,2025-06
1704,594,Matthew Miranda,110,45000.0,Microwave,Home Appliances,online,Mumbai,2025-08-13,2,Card,0.05,Mat*****@gmail.com,74******83,successful,89999.95,2025-08
1705,165,Rebecca Hays,103,1300.0,Shirt,Cloth,offline,Hyderabad,2026-02-21,4,UPI,0.4,Reb*****@outlook.com,93******79,successful,5199.6,2026-02
1706,946,Lisa Cochran,103,1300.0,Shirt,Cloth,offline,Delhi,2025-12-22,1,UPI,0.1,Lis*****@gmail.com,83******19,successful,1299.9,2025-12
1708,338,Lisa Garrison,108,15000.0,Mixer Grinder,Home Appliances,offline,Delhi,2026-03-03,3,Cash,0.3,Lis*****@outlook.com,67******37,successful,44999.7,2026-03
1709,356,Larry Mercado,103,1300.0,Shirt,Cloth,offline,Hyderabad,2025-09-22,3,UPI,0.4,Lar*****@gmail.com,69******20,successful,3899.6,2025-09
1710,433,Gary Graham,101,250000.0,Laptop,Electronics,online,Bangalore,2025-08-10,3,Cash,0.2,Gar*****@gmail.com,67******55,successful,749999.8,2025-08
1712,371,Janice Morris,109,65000.0,Refrigerator,Home Appliances,online,Mumbai,2025-08-05,2,NetBanking,0.2,Jan*****@gmail.com,98******60,successful,129999.8,2025-08
1714,217,Eric Cross,103,1300.0,Shirt,Clothing,online,Bangalore,2026-04-10,1,Cash,0.3,Eri*****@gmail.com,65******96,successful,1299.7,2026-04
1715,364,Kelly Graves,102,70000.0,Phone,Elec,offline,Bangalore,2025-08-11,5,Cash,0.25,Kel*****@gmail.com,62******43,successful,349999.75,2025-08
1716,605,Michelle Cooper,104,,Shoes,Clothing,online,Delhi,2026-01-30,2,Card,0.3,Mic*****@gmail.com,90******87,successful,,2026-01
1717,231,Jason Smith,106,80000.0,Sofa,Furniture,online,Hyderabad,2025-08-29,4,Cash,0.2,Jas*****@gmail.com,77******99,successful,319999.8,2025-08
1718,968,Keith Davis,101,250000.0,Laptop,Electronics,offline,Hyderabad,2026-07-01,2,UPI,0.3,Kei*****@yahoo.com,63******12,successful,499999.7,2026-07
1721,516,Brittany Roberts,108,15000.0,Mixer Grinder,Home Appliances,offline,Hyderabad,2025-05-22,1,Cash,0.3,Bri*****@outlook.com,84******57,successful,14999.7,2025-05
1722,105,Melanie Valencia,104,8000.0,Shoes,Cloth,offline,Chennai,2025-09-11,4,Card,0.15,Mel*****@yahoo.com,77******73,successful,31999.85,2025-09
1723,771,Matthew Greer,110,45000.0,Microwave,Home Appliances,online,Bangalore,2025-04-29,5,Card,0.35,Mat*****@yahoo.com,82******12,successful,224999.65,2025-04
1724,95,John Jacobs,105,45000.0,Tv,Elec,offline,Bangalore,2025-08-10,2,Cash,0.1,Joh*****@gmail.com,64******60,successful,89999.9,2025-08
1725,531,Frances Hines,108,15000.0,Mixer Grinder,Home,offline,Bangalore,2025-08-24,3,NetBanking,0.35,Fra*****@gmail.com,71******78,successful,44999.65,2025-08
1727,586,Michael Mason,109,,Refrigerator,Home,offline,Delhi,2025-07-08,4,Cash,0.3,Mic*****@outlook.com,70******72,successful,,2025-07
1729,445,Steven Byrd,103,1300.0,Shirt,Clothing,offline,Chennai,2025-10-16,1,UPI,0.25,Ste*****@gmail.com,65******24,successful,1299.75,2025-10
1730,866,Jasmine Guerrero,108,15000.0,Mixer Grinder,Home,offline,Hyderabad,2025-04-21,3,UPI,0.4,Jas*****@gmail.com,85******66,successful,44999.6,2025-04
1731,112,Bill Maldonado,103,1300.0,Shirt,Cloth,offline,Mumbai,2025-11-18,1,Cash,0.4,Bil*****@gmail.com,97******30,successful,1299.6,2025-11
1732,619,Angelica Wood,110,45000.0,Microwave,Home Appliances,offline,Mumbai,2026-02-09,5,Card,0.05,Ang*****@outlook.com,92******69,successful,224999.95,2026-02
1734,202,Amanda Reed,110,45000.0,Microwave,Home,online,Delhi,2026-02-09,5,Cash,0.05,Ama*****@yahoo.com,65******99,successful,224999.95,2026-02
1735,151,Jennifer Sims,110,45000.0,Microwave,Home Appliances,offline,Delhi,2025-11-10,3,Cash,0.05,Jen*****@gmail.com,85******78,successful,134999.95,2025-11
1736,2,Steven Evans,105,45000.0,Tv,Electronics,online,Delhi,2025-09-27,4,Card,0.15,Ste*****@gmail.com,94******87,successful,179999.85,2025-09
1737,735,Elizabeth Kemp,108,15000.0,Mixer Grinder,Home,online,Bangalore,2026-11-01,2,Cash,0.25,Eli*****@yahoo.com,65******68,successful,29999.75,2026-11
1739,618,Alan Torres,104,8000.0,Shoes,Clothing,offline,Chennai,2026-04-09,4,Card,0.35,Ala*****@yahoo.com,73******05,successful,31999.65,2026-04
1740,959,Andrea Bailey,101,250000.0,Laptop,Electronics,offline,Chennai,2025-12-06,4,NetBanking,0.25,And*****@gmail.com,67******07,successful,999999.75,2025-12
1741,989,Jason Huerta,110,45000.0,Microwave,Home Appliances,offline,Chennai,2025-09-16,3,Card,0.35,Jas*****@yahoo.com,95******62,successful,134999.65,2025-09
1742,240,Traci Farmer,106,80000.0,Sofa,Furniture,offline,Bangalore,2025-10-08,3,NetBanking,0.35,Tra*****@gmail.com,86******25,successful,239999.65,2025-10
1743,628,Kelly Turner,101,250000.0,Laptop,Electronics,online,Chennai,2025-10-05,5,UPI,0.3,Kel*****@gmail.com,81******26,successful,1249999.7,2025-10
1748,229,Randy Wilkins,105,45000.0,Tv,Elec,online,Hyderabad,2025-11-09,4,Cash,0.4,Ran*****@gmail.com,62******27,successful,179999.6,2025-11
1749,469,Michael Garcia,103,1300.0,Shirt,Cloth,online,Delhi,2025-07-03,2,UPI,0.05,Mic*****@gmail.com,75******16,successful,2599.95,2025-07
1750,257,Courtney Terrell,106,,Sofa,Furniture,online,Mumbai,2025-10-26,5,NetBanking,0.25,Cou*****@gmail.com,81******54,successful,,2025-10
1751,648,Samantha Barrett,104,8000.0,Shoes,Clothing,online,Hyderabad,2025-12-21,5,NetBanking,0.2,Sam*****@outlook.com,92******96,successful,39999.8,2025-12
1752,164,Shawn Stewart,102,70000.0,Phone,Elec,online,Chennai,2025-09-24,1,Cash,0.3,Sha*****@gmail.com,71******54,successful,69999.7,2025-09
1753,753,Kelly Ball,102,,Phone,Elec,online,Delhi,2025-09-02,3,Cash,0.3,Kel*****@gmail.com,65******69,successful,,2025-09
1755,933,Zachary Khan,106,80000.0,Sofa,Furn,offline,Bangalore,2025-03-12,5,Card,0.15,Zac*****@gmail.com,93******81,successful,399999.85,2025-03
1756,711,Jennifer Carlson,105,45000.0,Tv,Electronics,offline,Hyderabad,2025-10-06,2,NetBanking,0.4,Jen*****@gmail.com,96******68,successful,89999.6,2025-10
1757,819,Daniel Vang,104,,Shoes,Clothing,offline,Chennai,2025-07-17,2,Card,0.05,Dan*****@outlook.com,86******71,successful,,2025-07
1758,562,Breanna Fletcher,102,70000.0,Phone,Electronics,online,Chennai,2026-03-04,5,Card,0.35,Bre*****@outlook.com,75******07,successful,349999.65,2026-03
1759,861,Tim Brock,101,250000.0,Laptop,Electronics,online,Bangalore,2026-10-04,3,Card,0.35,Tim*****@outlook.com,88******91,successful,749999.65,2026-10
1760,675,Marissa Wilson,106,80000.0,Sofa,Furn,online,Bangalore,2025-05-20,5,NetBanking,0.25,Mar*****@outlook.com,76******56,successful,399999.75,2025-05
1762,839,Erik Watson,102,70000.0,Phone,Electronics,offline,Chennai,2025-10-28,3,Cash,0.25,Eri*****@outlook.com,78******46,successful,209999.75,2025-10
1763,410,Briana Greene,107,50000.0,Dining Table,Furniture,offline,Mumbai,2025-06-01,4,Cash,0.3,Bri*****@yahoo.com,73******15,successful,199999.7,2025-06
1764,921,Jessica Taylor,105,45000.0,Tv,Elec,online,Mumbai,2025-06-05,1,NetBanking,0.3,Jes*****@outlook.com,97******82,successful,44999.7,2025-06
1765,951,Richard Miller,108,15000.0,Mixer Grinder,Home Appliances,online,Mumbai,2025-09-03,2,UPI,0.15,Ric*****@yahoo.com,71******79,successful,29999.85,2025-09
1766,675,Marissa Wilson,103,1300.0,Shirt,Clothing,online,Bangalore,2025-09-18,3,Cash,0.3,Mar*****@outlook.com,76******56,successful,3899.7,2025-09
1767,560,Anthony Lawrence,108,15000.0,Mixer Grinder,Home Appliances,online,Hyderabad,2025-06-21,1,NetBanking,0.3,Ant*****@gmail.com,75******87,successful,14999.7,2025-06
1768,152,Levi Leon,105,45000.0,Tv,Electronics,online,Chennai,2025-10-18,2,UPI,0.15,Lev*****@gmail.com,66******06,successful,89999.85,2025-10
1769,409,Elizabeth Watson,105,45000.0,Tv,Elec,online,Bangalore,2025-04-17,3,UPI,0.15,Eli*****@outlook.com,61******29,successful,134999.85,2025-04
1772,320,Stephen Tyler,110,45000.0,Microwave,Home,online,Hyderabad,2026-01-08,5,UPI,0.3,Ste*****@yahoo.com,80******67,successful,224999.7,2026-01
1774,171,Michael Church,109,65000.0,Refrigerator,Home Appliances,offline,Hyderabad,2026-02-01,2,Card,0.4,Mic*****@gmail.com,86******81,successful,129999.6,2026-02
1775,176,Robin Scott,104,8000.0,Shoes,Cloth,online,Chennai,2026-02-04,4,NetBanking,0.4,Rob*****@outlook.com,61******05,successful,31999.6,2026-02
1776,965,Donald Poole,109,65000.0,Refrigerator,Home Appliances,online,Mumbai,2025-12-14,4,Cash,0.3,Don*****@yahoo.com,71******35,successful,259999.7,2025-12
1777,565,Craig Moore,110,45000.0,Microwave,Home,offline,Mumbai,2025-11-27,3,Card,0.2,Cra*****@gmail.com,99******11,successful,134999.8,2025-11
1780,220,Maria Walker,104,8000.0,Shoes,Cloth,offline,Bangalore,2025-06-17,2,Card,0.1,Mar*****@gmail.com,73******10,successful,15999.9,2025-06
1781,282,Tasha Roberson,106,80000.0,Sofa,Furn,online,Hyderabad,2025-08-11,3,Card,0.4,Tas*****@outlook.com,92******95,successful,239999.6,2025-08
1782,352,Daniel Gonzales,104,8000.0,Shoes,Clothing,online,Delhi,2025-11-29,1,NetBanking,0.05,Dan*****@gmail.com,75******41,successful,7999.95,2025-11
1783,526,Paul Fields,101,250000.0,Laptop,Electronics,online,Chennai,2025-11-21,1,Cash,0.3,Pau*****@gmail.com,90******06,successful,249999.7,2025-11
1784,82,Brittney Watkins,110,45000.0,Microwave,Home Appliances,offline,Hyderabad,2025-11-18,1,UPI,0.3,Bri*****@outlook.com,81******67,successful,44999.7,2025-11
1786,997,Destiny Fields,101,250000.0,Laptop,Electronics,online,Mumbai,2026-01-25,1,NetBanking,0.1,Des*****@yahoo.com,98******16,successful,249999.9,2026-01
1787,338,Lisa Garrison,110,45000.0,Microwave,Home Appliances,online,Delhi,2025-12-07,1,UPI,0.35,Lis*****@outlook.com,67******37,successful,44999.65,2025-12
1788,474,Jennifer Garner,105,45000.0,Tv,Electronics,online,Bangalore,2025-05-10,1,UPI,0.3,Jen*****@gmail.com,62******72,successful,44999.7,2025-05
1791,779,Daniel Nielsen,101,250000.0,Laptop,Elec,offline,Chennai,2026-02-18,3,Cash,0.3,Dan*****@gmail.com,62******07,successful,749999.7,2026-02
1793,783,Breanna Gill,104,8000.0,Shoes,Cloth,online,Hyderabad,2026-02-26,5,Cash,0.25,Bre*****@outlook.com,79******64,successful,39999.75,2026-02
1794,455,Morgan Wright,110,,Microwave,Home Appliances,online,Bangalore,2026-02-11,4,NetBanking,0.35,Mor*****@yahoo.com,98******87,successful,,2026-02
1796,903,Susan Nicholson,105,45000.0,Tv,Electronics,online,Mumbai,2025-12-12,1,Cash,0.15,Sus*****@yahoo.com,96******59,successful,44999.85,2025-12
1798,908,Michelle Shaw,102,70000.0,Phone,Electronics,offline,Hyderabad,2025-07-11,1,Card,0.2,Mic*****@gmail.com,76******12,successful,69999.8,2025-07
1800,33,John Sullivan,110,45000.0,Microwave,Home Appliances,online,Hyderabad,2026-02-15,4,Card,0.25,Joh*****@outlook.com,73******63,successful,179999.75,2026-02
1803,17,Duane Hall,104,8000.0,Shoes,Clothing,online,Bangalore,2026-03-18,4,Cash,0.2,Dua*****@outlook.com,74******49,successful,31999.8,2026-03
1804,474,Jennifer Garner,107,50000.0,Dining Table,Furniture,online,Bangalore,2025-11-07,3,NetBanking,0.3,Jen*****@gmail.com,62******72,successful,149999.7,2025-11
1805,325,Theresa Villarreal,108,15000.0,Mixer Grinder,Home Appliances,offline,Bangalore,2026-02-19,4,UPI,0.25,The*****@yahoo.com,70******24,successful,59999.75,2026-02
1808,930,Jason Hubbard,110,45000.0,Microwave,Home,online,Chennai,2026-04-08,4,UPI,0.1,Jas*****@gmail.com,70******28,successful,179999.9,2026-04
1811,888,Jade Garza,107,50000.0,Dining Table,Furniture,online,Hyderabad,2026-03-26,4,UPI,0.2,Jad*****@outlook.com,67******23,successful,199999.8,2026-03
1812,102,Jennifer Rodriguez,110,45000.0,Microwave,Home Appliances,offline,Mumbai,2025-11-06,2,Cash,0.05,Jen*****@yahoo.com,74******88,successful,89999.95,2025-11
1813,50,Stacey Henderson,106,80000.0,Sofa,Furniture,offline,Mumbai,2025-06-18,2,NetBanking,0.2,Sta*****@gmail.com,60******85,successful,159999.8,2025-06
1814,343,Allen Mcdowell,104,8000.0,Shoes,Cloth,offline,Bangalore,2025-06-22,1,Cash,0.05,All*****@yahoo.com,75******70,successful,7999.95,2025-06
1815,850,Zachary Abbott,108,15000.0,Mixer Grinder,Home Appliances,offline,Chennai,2025-10-11,2,UPI,0.25,Zac*****@gmail.com,85******17,successful,29999.75,2025-10
1816,119,Dana Castro,110,45000.0,Microwave,Home Appliances,online,Delhi,2025-08-03,4,Cash,0.3,Dan*****@yahoo.com,97******72,successful,179999.7,2025-08
1818,90,Joe Gillespie,110,,Microwave,Home Appliances,online,Chennai,2025-04-25,2,UPI,0.05,Joe*****@gmail.com,63******92,successful,,2025-04
1819,672,Austin Perez,110,45000.0,Microwave,Home,offline,Delhi,2025-11-19,2,Cash,0.4,Aus*****@gmail.com,60******18,successful,89999.6,2025-11
1820,262,Michael Elliott,108,15000.0,Mixer Grinder,Home Appliances,offline,Mumbai,2025-12-21,1,UPI,0.05,Mic*****@yahoo.com,66******22,successful,14999.95,2025-12
1821,50,Stacey Henderson,105,45000.0,Tv,Electronics,online,Mumbai,2025-06-22,5,NetBanking,0.15,Sta*****@gmail.com,60******85,successful,224999.85,2025-06
1822,847,Eric Mejia,102,70000.0,Phone,Electronics,offline,Delhi,2025-12-02,1,NetBanking,0.3,Eri*****@gmail.com,91******86,successful,69999.7,2025-12
1823,770,Paul Jarvis,106,80000.0,Sofa,Furniture,offline,Mumbai,2025-07-29,4,Card,0.4,Pau*****@gmail.com,96******27,successful,319999.6,2025-07
1824,415,Jackson Kaiser,108,15000.0,Mixer Grinder,Home Appliances,online,Delhi,2025-08-07,2,Cash,0.4,Jac*****@gmail.com,80******05,successful,29999.6,2025-08
1825,443,Judy Patton,102,70000.0,Phone,Elec,online,Chennai,2026-03-06,3,Card,0.3,Jud*****@yahoo.com,62******29,successful,209999.7,2026-03
1826,300,Tiffany Miller,106,80000.0,Sofa,Furn,online,Hyderabad,2025-09-21,4,Cash,0.15,Tif*****@outlook.com,68******97,successful,319999.85,2025-09
1827,830,Joel Charles,109,65000.0,Refrigerator,Home,offline,Hyderabad,2026-03-26,4,UPI,0.25,Joe*****@gmail.com,82******54,successful,259999.75,2026-03
1828,627,Nicole Allen,107,50000.0,Dining Table,Furniture,offline,Bangalore,2026-04-04,1,UPI,0.15,Nic*****@gmail.com,64******56,successful,49999.85,2026-04
1829,745,Jennifer Weeks,106,80000.0,Sofa,Furniture,online,Hyderabad,2025-08-30,2,Cash,0.25,Jen*****@gmail.com,92******95,successful,159999.75,2025-08
1830,309,Gary Allen,101,250000.0,Laptop,Electronics,offline,Delhi,2025-05-05,5,Cash,0.25,Gar*****@gmail.com,85******77,successful,1249999.75,2025-05
1831,762,Linda Webb,103,,Shirt,Clothing,offline,Mumbai,2026-04-01,1,Card,0.05,Lin*****@yahoo.com,70******08,successful,,2026-04
1832,352,Daniel Gonzales,102,70000.0,Phone,Electronics,online,Delhi,2025-07-03,2,Cash,0.05,Dan*****@gmail.com,75******41,successful,139999.95,2025-07
1833,809,Kayla Hart,110,45000.0,Microwave,Home Appliances,online,Bangalore,2025-08-06,5,UPI,0.35,Kay*****@yahoo.com,64******58,successful,224999.65,2025-08
1834,999,Elizabeth Brooks,107,50000.0,Dining Table,Furn,online,Hyderabad,2025-08-05,2,Cash,0.3,Eli*****@yahoo.com,88******06,successful,99999.7,2025-08
1835,935,Samantha Brewer,107,50000.0,Dining Table,Furn,offline,Mumbai,2025-10-10,3,Cash,0.15,Sam*****@outlook.com,92******24,successful,149999.85,2025-10
1836,208,Matthew Berry,106,80000.0,Sofa,Furniture,online,Hyderabad,2026-08-04,3,UPI,0.05,Mat*****@gmail.com,88******27,successful,239999.95,2026-08
1837,362,David Wells,106,80000.0,Sofa,Furniture,offline,Bangalore,2026-01-23,5,NetBanking,0.2,Dav*****@yahoo.com,76******22,successful,399999.8,2026-01
1838,762,Linda Webb,102,70000.0,Phone,Electronics,offline,Mumbai,2026-01-24,2,Card,0.15,Lin*****@yahoo.com,70******08,successful,139999.85,2026-01
1841,651,Ashley Odonnell,110,45000.0,Microwave,Home,offline,Hyderabad,2026-02-25,5,Card,0.15,Ash*****@gmail.com,97******38,successful,224999.85,2026-02
1843,308,Lori Bowen,104,8000.0,Shoes,Clothing,offline,Mumbai,2026-04-03,3,Cash,0.25,Lor*****@gmail.com,64******14,successful,23999.75,2026-04
1844,752,Mark Hill,110,45000.0,Microwave,Home Appliances,offline,Chennai,2025-10-03,5,Cash,0.05,Mar*****@gmail.com,85******46,successful,224999.95,2025-10
1845,557,Joseph Cowan,102,70000.0,Phone,Electronics,online,Hyderabad,2025-07-11,2,Card,0.25,Jos*****@gmail.com,64******09,successful,139999.75,2025-07
1846,987,Daniel Harper,101,250000.0,Laptop,Electronics,offline,Delhi,2025-01-08,3,NetBanking,0.4,Dan*****@outlook.com,61******59,successful,749999.6,2025-01
1847,127,Carlos Hickman,105,45000.0,Tv,Electronics,online,Bangalore,2025-02-12,2,UPI,0.3,Car*****@gmail.com,60******86,successful,89999.7,2025-02
1848,977,Gloria Navarro,110,45000.0,Microwave,Home Appliances,offline,Chennai,2025-07-17,2,Card,0.4,Glo*****@yahoo.com,72******62,successful,89999.6,2025-07
1849,720,Ariel Salinas,103,1300.0,Shirt,Clothing,online,Bangalore,2025-09-06,3,NetBanking,0.15,Ari*****@outlook.com,67******07,successful,3899.85,2025-09
1850,167,Madison Gentry,110,45000.0,Microwave,Home,offline,Delhi,2025-12-14,3,UPI,0.35,Mad*****@yahoo.com,63******28,successful,134999.65,2025-12
1852,510,Gregory Montgomery,109,65000.0,Refrigerator,Home Appliances,online,Bangalore,2025-11-30,2,NetBanking,0.35,Gre*****@gmail.com,82******34,successful,129999.65,2025-11
1853,185,Sarah Cohen,103,1300.0,Shirt,Clothing,offline,Mumbai,2025-11-29,4,UPI,0.25,Sar*****@outlook.com,88******28,successful,5199.75,2025-11
1854,853,James Guerrero,105,45000.0,Tv,Electronics,online,Mumbai,2026-03-11,1,NetBanking,0.15,Jam*****@gmail.com,68******49,successful,44999.85,2026-03
1855,561,Allison Lee,103,1300.0,Shirt,Cloth,online,Mumbai,2025-09-24,5,Cash,0.1,All*****@gmail.com,83******75,successful,6499.9,2025-09
1856,258,Larry Taylor,103,1300.0,Shirt,Cloth,offline,Chennai,2026-03-26,3,NetBanking,0.3,Lar*****@yahoo.com,98******95,successful,3899.7,2026-03
1858,264,Kelli Johnson,109,65000.0,Refrigerator,Home,offline,Bangalore,2025-12-13,3,UPI,0.25,Kel*****@gmail.com,98******31,successful,194999.75,2025-12
1859,274,Joseph Parker,110,45000.0,Microwave,Home Appliances,online,Bangalore,2025-08-24,5,NetBanking,0.15,Jos*****@gmail.com,79******06,successful,224999.85,2025-08
1860,719,Michelle Bates,110,45000.0,Microwave,Home Appliances,online,Chennai,2025-08-06,2,NetBanking,0.2,Mic*****@gmail.com,74******12,successful,89999.8,2025-08
1862,359,Ryan Williams,109,65000.0,Refrigerator,Home Appliances,online,Delhi,2025-06-14,1,Cash,0.35,Rya*****@gmail.com,63******99,successful,64999.65,2025-06
1863,110,Dale Hughes,108,15000.0,Mixer Grinder,Home Appliances,online,Delhi,2025-06-02,5,Cash,0.15,Dal*****@gmail.com,97******73,successful,74999.85,2025-06
1865,904,Audrey Skinner,102,,Phone,Electronics,online,Bangalore,2025-10-17,4,NetBanking,0.15,Aud*****@yahoo.com,65******73,successful,,2025-10
1866,301,Alexandra Nguyen,108,15000.0,Mixer Grinder,Home Appliances,online,Delhi,2025-11-01,1,NetBanking,0.15,Ale*****@gmail.com,68******66,successful,14999.85,2025-11
1867,703,David Austin,106,80000.0,Sofa,Furniture,offline,Delhi,2026-08-04,1,Cash,0.1,Dav*****@yahoo.com,68******95,successful,79999.9,2026-08
1868,40,Kristina Harrell,104,8000.0,Shoes,Cloth,offline,Hyderabad,2026-02-01,4,Cash,0.35,Kri*****@outlook.com,74******74,successful,31999.65,2026-02
1869,540,Amy Cruz,110,45000.0,Microwave,Home Appliances,online,Delhi,2025-10-12,1,Cash,0.4,Amy*****@gmail.com,70******67,successful,44999.6,2025-10
1871,563,Robert Baird,103,1300.0,Shirt,Cloth,offline,Hyderabad,2025-05-30,3,UPI,0.1,Rob*****@gmail.com,64******00,successful,3899.9,2025-05
1872,473,Daniel Tapia,103,1300.0,Shirt,Cloth,online,Hyderabad,2026-03-04,4,Cash,0.05,Dan*****@yahoo.com,99******08,successful,5199.95,2026-03
1873,254,Daniel Santos,109,65000.0,Refrigerator,Home Appliances,offline,Hyderabad,2025-06-13,3,NetBanking,0.25,Dan*****@yahoo.com,89******63,successful,194999.75,2025-06
1874,887,Robert Brown,104,8000.0,Shoes,Cloth,offline,Bangalore,2025-04-20,5,NetBanking,0.1,Rob*****@gmail.com,92******26,successful,39999.9,2025-04
1875,417,Kristina Lewis,108,15000.0,Mixer Grinder,Home,offline,Delhi,2026-03-25,5,Card,0.3,Kri*****@gmail.com,78******32,successful,74999.7,2026-03
1876,976,Paula Rogers,101,250000.0,Laptop,Elec,offline,Chennai,2025-10-08,5,UPI,0.4,Pau*****@gmail.com,87******25,successful,1249999.6,2025-10
1877,135,Daniel Wallace,109,65000.0,Refrigerator,Home Appliances,offline,Bangalore,2025-05-01,3,Cash,0.25,Dan*****@yahoo.com,89******14,successful,194999.75,2025-05
1878,808,Brandon Hicks,103,1300.0,Shirt,Clothing,online,Mumbai,2025-08-15,4,Cash,0.4,Bra*****@yahoo.com,66******49,successful,5199.6,2025-08
1879,69,Pamela Williamson,109,65000.0,Refrigerator,Home,offline,Chennai,2025-08-21,2,NetBanking,0.4,Pam*****@outlook.com,70******33,successful,129999.6,2025-08
1880,735,Elizabeth Kemp,105,45000.0,Tv,Electronics,online,Bangalore,2025-08-10,1,Card,0.1,Eli*****@yahoo.com,65******68,successful,44999.9,2025-08
1881,979,Amy Cherry,101,250000.0,Laptop,Electronics,online,Hyderabad,2025-05-06,3,Cash,0.15,Amy*****@yahoo.com,72******68,successful,749999.85,2025-05
1882,538,Haley Henderson,103,1300.0,Shirt,Cloth,online,Bangalore,2025-12-13,4,UPI,0.3,Hal*****@outlook.com,71******76,successful,5199.7,2025-12
1886,338,Lisa Garrison,102,,Phone,Electronics,offline,Delhi,2025-07-06,1,UPI,0.3,Lis*****@outlook.com,67******37,successful,,2025-07
1887,473,Daniel Tapia,109,65000.0,Refrigerator,Home Appliances,online,Hyderabad,2025-06-12,2,NetBanking,0.3,Dan*****@yahoo.com,99******08,successful,129999.7,2025-06
1888,901,Robert Mccoy,103,1300.0,Shirt,Clothing,online,Mumbai,2026-03-31,4,UPI,0.05,Rob*****@gmail.com,61******32,successful,5199.95,2026-03
1889,191,Megan Nguyen,101,250000.0,Laptop,Electronics,offline,Bangalore,2026-01-01,4,NetBanking,0.35,Meg*****@gmail.com,67******88,successful,999999.65,2026-01
1890,38,Laura Shelton,108,15000.0,Mixer Grinder,Home,online,Bangalore,2025-09-27,3,Card,0.3,Lau*****@gmail.com,65******05,successful,44999.7,2025-09
1891,884,Isaac Byrd,110,45000.0,Microwave,Home Appliances,offline,Delhi,2025-05-05,5,UPI,0.3,Isa*****@gmail.com,63******08,successful,224999.7,2025-05
1892,637,Kevin King,102,70000.0,Phone,Electronics,offline,Bangalore,2026-02-16,1,Card,0.3,Kev*****@yahoo.com,89******30,successful,69999.7,2026-02
1894,639,James Blankenship,108,15000.0,Mixer Grinder,Home,offline,Bangalore,2025-06-20,1,Cash,0.15,Jam*****@gmail.com,88******94,successful,14999.85,2025-06
1896,394,Jeffrey Johnson,104,8000.0,Shoes,Clothing,offline,Mumbai,2025-03-10,4,Cash,0.3,Jef*****@yahoo.com,68******41,successful,31999.7,2025-03
1898,213,Nancy Lee,103,1300.0,Shirt,Clothing,online,Hyderabad,2025-11-14,3,UPI,0.2,Nan*****@yahoo.com,88******42,successful,3899.8,2025-11
1899,104,Amanda Castillo,106,80000.0,Sofa,Furn,offline,Hyderabad,2025-02-12,3,UPI,0.1,Ama*****@yahoo.com,92******48,successful,239999.9,2025-02
1900,182,Kathleen Castro,102,70000.0,Phone,Electronics,offline,Hyderabad,2025-05-17,5,Card,0.1,Kat*****@outlook.com,88******67,successful,349999.9,2025-05
1901,984,Janet Long,110,45000.0,Microwave,Home Appliances,offline,Bangalore,2026-02-09,3,Card,0.2,Jan*****@yahoo.com,95******95,successful,134999.8,2026-02
1902,642,Troy Mitchell,101,250000.0,Laptop,Electronics,online,Bangalore,2025-07-26,1,NetBanking,0.25,Tro*****@gmail.com,83******68,successful,249999.75,2025-07
1903,970,William Freeman,108,15000.0,Mixer Grinder,Home Appliances,offline,Delhi,2025-10-07,1,UPI,0.15,Wil*****@gmail.com,71******42,successful,14999.85,2025-10
1904,67,Jamie Harvey,102,70000.0,Phone,Electronics,offline,Chennai,2026-02-02,1,Cash,0.15,Jam*****@gmail.com,74******28,successful,69999.85,2026-02
1905,382,Billy Ramirez,103,1300.0,Shirt,Clothing,online,Mumbai,2025-04-09,5,UPI,0.3,Bil*****@gmail.com,97******85,successful,6499.7,2025-04
1906,940,Nicole Briggs,107,50000.0,Dining Table,Furniture,online,Chennai,2025-10-23,5,UPI,0.1,Nic*****@gmail.com,66******93,successful,249999.9,2025-10
1907,936,Brian Larson,110,45000.0,Microwave,Home,online,Hyderabad,2025-01-10,1,Card,0.25,Bri*****@yahoo.com,90******14,successful,44999.75,2025-01
1909,742,Wesley Davis,101,250000.0,Laptop,Electronics,offline,Delhi,2026-04-04,1,NetBanking,0.2,Wes*****@outlook.com,69******46,successful,249999.8,2026-04
1912,933,Zachary Khan,106,80000.0,Sofa,Furniture,offline,Bangalore,2026-08-03,4,Cash,0.1,Zac*****@gmail.com,93******81,successful,319999.9,2026-08
1913,681,Heather Williams,110,45000.0,Microwave,Home Appliances,online,Mumbai,2025-05-07,2,Cash,0.25,Hea*****@outlook.com,75******67,successful,89999.75,2025-05
1914,379,Andres Stokes,107,50000.0,Dining Table,Furniture,offline,Mumbai,2025-04-25,5,Cash,0.3,And*****@yahoo.com,81******61,successful,249999.7,2025-04
1916,53,John Bridges,109,65000.0,Refrigerator,Home,online,Hyderabad,2025-04-16,5,UPI,0.05,Joh*****@outlook.com,98******17,successful,324999.95,2025-04
1918,565,Craig Moore,101,250000.0,Laptop,Elec,online,Mumbai,2025-12-02,2,Card,0.15,Cra*****@gmail.com,99******11,successful,499999.85,2025-12
1919,888,Jade Garza,106,80000.0,Sofa,Furniture,offline,Hyderabad,2025-05-29,1,NetBanking,0.35,Jad*****@outlook.com,67******23,successful,79999.65,2025-05
1920,842,Amy Quinn,109,65000.0,Refrigerator,Home,offline,Hyderabad,2025-07-15,5,Card,0.05,Amy*****@outlook.com,72******95,successful,324999.95,2025-07
1921,728,Lisa Miller,109,65000.0,Refrigerator,Home Appliances,offline,Chennai,2026-04-12,1,UPI,0.05,Lis*****@gmail.com,87******95,successful,64999.95,2026-04
1922,943,Sharon Smith,101,250000.0,Laptop,Electronics,online,Chennai,2025-08-09,1,UPI,0.25,Sha*****@gmail.com,76******61,successful,249999.75,2025-08
1924,497,Walter Peterson,106,80000.0,Sofa,Furniture,offline,Mumbai,2025-01-09,4,NetBanking,0.1,Wal*****@yahoo.com,73******60,successful,319999.9,2025-01
1925,298,Ryan Massey,108,15000.0,Mixer Grinder,Home,online,Delhi,2025-12-14,5,Card,0.15,Rya*****@gmail.com,64******86,successful,74999.85,2025-12
1926,305,Zachary Cabrera,106,80000.0,Sofa,Furniture,offline,Delhi,2025-05-11,3,NetBanking,0.15,Zac*****@outlook.com,80******96,successful,239999.85,2025-05
1927,122,Sara Chen,103,,Shirt,Clothing,offline,Delhi,2025-07-23,5,NetBanking,0.35,Sar*****@yahoo.com,69******25,successful,,2025-07
1928,202,Amanda Reed,106,80000.0,Sofa,Furniture,offline,Delhi,2025-05-12,5,NetBanking,0.05,Ama*****@yahoo.com,65******99,successful,399999.95,2025-05
1929,197,Gabriel Mills,106,80000.0,Sofa,Furniture,online,Mumbai,2025-11-09,1,UPI,0.2,Gab*****@gmail.com,84******37,successful,79999.8,2025-11
1930,120,Michael Horton,103,1300.0,Shirt,Clothing,online,Delhi,2026-02-27,5,Card,0.25,Mic*****@gmail.com,74******29,successful,6499.75,2026-02
1931,553,Veronica Davis,108,15000.0,Mixer Grinder,Home,offline,Mumbai,2025-12-04,3,UPI,0.3,Ver*****@gmail.com,96******72,successful,44999.7,2025-12
1932,429,Michael Welch,106,80000.0,Sofa,Furn,online,Delhi,2025-08-10,2,Card,0.05,Mic*****@gmail.com,96******50,successful,159999.95,2025-08
1935,780,Elizabeth Miller,110,45000.0,Microwave,Home Appliances,offline,Delhi,2025-09-05,4,Card,0.35,Eli*****@yahoo.com,82******98,successful,179999.65,2025-09
1936,776,Erica Moore,108,,Mixer Grinder,Home Appliances,online,Chennai,2026-04-01,2,Cash,0.15,Eri*****@gmail.com,77******31,successful,,2026-04
1937,446,Scott Smith,107,50000.0,Dining Table,Furn,online,Bangalore,2025-02-05,1,Card,0.1,Sco*****@gmail.com,85******83,successful,49999.9,2025-02
1938,450,Matthew Martinez,107,50000.0,Dining Table,Furniture,online,Bangalore,2025-07-28,2,Card,0.25,Mat*****@outlook.com,61******44,successful,99999.75,2025-07
1939,18,Allison Adams,105,45000.0,Tv,Electronics,offline,Mumbai,2025-09-09,3,UPI,0.4,All*****@gmail.com,62******99,successful,134999.6,2025-09
1940,979,Amy Cherry,102,70000.0,Phone,Elec,online,Hyderabad,2025-12-29,1,Cash,0.15,Amy*****@yahoo.com,72******68,successful,69999.85,2025-12
1941,32,Shane Carlson,110,45000.0,Microwave,Home,online,Mumbai,2026-02-27,2,UPI,0.25,Sha*****@gmail.com,78******10,successful,89999.75,2026-02
1943,969,Keith Woods,101,250000.0,Laptop,Electronics,offline,Chennai,2025-09-23,4,UPI,0.3,Kei*****@yahoo.com,77******57,successful,999999.7,2025-09
1944,120,Michael Horton,110,45000.0,Microwave,Home Appliances,online,Delhi,2026-02-04,5,UPI,0.15,Mic*****@gmail.com,74******29,successful,224999.85,2026-02
1946,27,Ashley Simpson,109,65000.0,Refrigerator,Home,offline,Chennai,2025-12-19,3,UPI,0.1,Ash*****@outlook.com,85******05,successful,194999.9,2025-12
1947,44,John Saunders,104,8000.0,Shoes,Cloth,offline,Mumbai,2025-03-06,3,Cash,0.4,Joh*****@outlook.com,98******26,successful,23999.6,2025-03
1948,232,Joel Reid,105,45000.0,Tv,Elec,offline,Chennai,2025-08-18,5,UPI,0.15,Joe*****@gmail.com,81******20,successful,224999.85,2025-08
1949,771,Matthew Greer,102,70000.0,Phone,Electronics,offline,Bangalore,2025-02-09,4,Card,0.35,Mat*****@yahoo.com,82******12,successful,279999.65,2025-02
1950,298,Ryan Massey,107,50000.0,Dining Table,Furniture,offline,Delhi,2025-07-06,1,UPI,0.25,Rya*****@gmail.com,64******86,successful,49999.75,2025-07
1951,126,Matthew Park,110,45000.0,Microwave,Home Appliances,online,Hyderabad,2025-08-23,2,Cash,0.3,Mat*****@gmail.com,83******76,successful,89999.7,2025-08
1952,799,Stephanie Dunn,108,15000.0,Mixer Grinder,Home Appliances,offline,Delhi,2025-12-31,5,Card,0.4,Ste*****@gmail.com,74******44,successful,74999.6,2025-12
1953,445,Steven Byrd,109,65000.0,Refrigerator,Home Appliances,offline,Chennai,2025-05-18,5,Cash,0.3,Ste*****@gmail.com,65******24,successful,324999.7,2025-05
1954,710,April Moore,101,,Laptop,Elec,online,Mumbai,2025-11-13,2,NetBanking,0.25,Apr*****@gmail.com,97******76,successful,,2025-11
1955,468,Sonya Watts,107,50000.0,Dining Table,Furn,online,Mumbai,2025-09-12,1,Card,0.35,Son*****@yahoo.com,90******64,successful,49999.65,2025-09
1957,482,Nathaniel Montes,110,,Microwave,Home Appliances,online,Chennai,2025-08-06,4,Card,0.1,Nat*****@gmail.com,77******12,successful,,2025-08
1959,219,Alexander Phillips,102,70000.0,Phone,Elec,offline,Mumbai,2026-03-11,3,Cash,0.15,Ale*****@gmail.com,72******92,successful,209999.85,2026-03
1960,580,Meredith Walker,109,,Refrigerator,Home Appliances,online,Chennai,2025-08-02,2,NetBanking,0.3,Mer*****@yahoo.com,78******46,successful,,2025-08
1961,925,Steve Ayala,104,8000.0,Shoes,Clothing,offline,Hyderabad,2025-10-12,2,NetBanking,0.3,Ste*****@gmail.com,95******18,successful,15999.7,2025-10
1962,115,Linda Graham,101,250000.0,Laptop,Electronics,offline,Chennai,2025-09-28,1,Card,0.4,Lin*****@gmail.com,86******68,successful,249999.6,2025-09
1963,158,Tiffany Mitchell,108,15000.0,Mixer Grinder,Home Appliances,online,Delhi,2026-03-31,1,Cash,0.1,Tif*****@gmail.com,79******16,successful,14999.9,2026-03
1964,663,Haley Todd,109,65000.0,Refrigerator,Home Appliances,online,Hyderabad,2026-02-19,3,NetBanking,0.15,Hal*****@outlook.com,86******35,successful,194999.85,2026-02
1965,643,Stacy Hughes,107,50000.0,Dining Table,Furniture,offline,Mumbai,2025-09-22,5,NetBanking,0.1,Sta*****@gmail.com,91******24,successful,249999.9,2025-09
1966,789,Bryan Walker,102,70000.0,Phone,Electronics,online,Chennai,2025-09-07,1,Card,0.35,Bry*****@gmail.com,75******67,successful,69999.65,2025-09
1968,372,Brandon Gordon,108,,Mixer Grinder,Home Appliances,online,Mumbai,2026-01-27,1,NetBanking,0.35,Bra*****@gmail.com,78******02,successful,,2026-01
1969,332,James Morris,105,45000.0,Tv,Electronics,offline,Mumbai,2025-11-02,4,Cash,0.4,Jam*****@yahoo.com,79******96,successful,179999.6,2025-11
1970,361,Daniel Williams,104,8000.0,Shoes,Clothing,offline,Delhi,2026-04-09,5,UPI,0.35,Dan*****@yahoo.com,98******66,successful,39999.65,2026-04
1971,974,Phillip Rodriguez,109,65000.0,Refrigerator,Home Appliances,online,Bangalore,2025-10-04,5,UPI,0.35,Phi*****@yahoo.com,87******16,successful,324999.65,2025-10
1972,733,Jessica Lin,101,250000.0,Laptop,Elec,offline,Delhi,2025-11-12,1,Cash,0.1,Jes*****@gmail.com,85******63,successful,249999.9,2025-11
1974,1,Karen Pollard,105,45000.0,Tv,Elec,online,Hyderabad,2026-02-21,1,UPI,0.35,Kar*****@yahoo.com,71******63,successful,44999.65,2026-02
1976,848,Eric Phillips,104,8000.0,Shoes,Cloth,offline,Hyderabad,2026-02-11,2,Card,0.1,Eri*****@gmail.com,76******13,successful,15999.9,2026-02
1977,22,James Walters,104,8000.0,Shoes,Clothing,offline,Chennai,2025-10-09,4,UPI,0.05,Jam*****@gmail.com,65******42,successful,31999.95,2025-10
1978,316,James Jordan,107,50000.0,Dining Table,Furniture,online,Delhi,2025-07-09,4,Card,0.25,Jam*****@gmail.com,85******13,successful,199999.75,2025-07
1979,470,Jasmine Harris,101,250000.0,Laptop,Elec,offline,Mumbai,2026-03-17,5,Cash,0.1,Jas*****@gmail.com,76******55,successful,1249999.9,2026-03
1980,627,Nicole Allen,108,15000.0,Mixer Grinder,Home Appliances,offline,Bangalore,2025-06-13,1,Card,0.1,Nic*****@gmail.com,64******56,successful,14999.9,2025-06
1981,783,Breanna Gill,103,1300.0,Shirt,Cloth,online,Hyderabad,2025-10-05,1,UPI,0.3,Bre*****@outlook.com,79******64,successful,1299.7,2025-10
1982,296,Katherine Frazier,109,65000.0,Refrigerator,Home Appliances,offline,Bangalore,2026-03-18,1,UPI,0.3,Kat*****@yahoo.com,72******97,successful,64999.7,2026-03
1983,53,John Bridges,106,80000.0,Sofa,Furn,online,Hyderabad,2025-09-09,2,UPI,0.25,Joh*****@outlook.com,98******17,successful,159999.75,2025-09
1984,776,Erica Moore,107,,Dining Table,Furniture,offline,Chennai,2026-02-01,5,Card,0.35,Eri*****@gmail.com,77******31,successful,,2026-02
1987,530,Mark Fowler,109,65000.0,Refrigerator,Home Appliances,offline,Delhi,2025-11-09,3,UPI,0.25,Mar*****@outlook.com,68******63,successful,194999.75,2025-11
1988,414,Chase Johnson,106,80000.0,Sofa,Furn,offline,Delhi,2025-08-20,3,Cash,0.05,Cha*****@yahoo.com,62******15,successful,239999.95,2025-08
1989,674,Haley Alvarez,108,,Mixer Grinder,Home,offline,Bangalore,2026-01-26,2,Card,0.35,Hal*****@outlook.com,99******72,successful,,2026-01
1990,972,Allen Wright,104,8000.0,Shoes,Cloth,offline,Bangalore,2026-01-11,3,Card,0.4,All*****@gmail.com,92******92,successful,23999.6,2026-01
1992,14,Joseph Jones,101,250000.0,Laptop,Elec,online,Hyderabad,2025-06-12,4,NetBanking,0.15,Jos*****@gmail.com,89******82,successful,999999.85,2025-06
1993,914,Nicholas Mays,102,70000.0,Phone,Electronics,online,Chennai,2025-06-04,4,NetBanking,0.3,Nic*****@yahoo.com,65******16,successful,279999.7,2025-06
1994,579,Christian Clay,110,45000.0,Microwave,Home Appliances,online,Mumbai,2025-03-05,1,NetBanking,0.15,Chr*****@yahoo.com,65******46,successful,44999.85,2025-03
1995,982,James Munoz,109,65000.0,Refrigerator,Home,online,Mumbai,2026-02-24,3,Card,0.4,Jam*****@outlook.com,68******23,successful,194999.6,2026-02
1996,633,Julie Jackson,108,15000.0,Mixer Grinder,Home Appliances,online,Delhi,2025-04-07,1,Cash,0.35,Jul*****@gmail.com,71******01,successful,14999.65,2025-04
1997,840,Veronica Ashley,107,50000.0,Dining Table,Furniture,online,Delhi,2025-04-30,5,Card,0.05,Ver*****@gmail.com,82******30,successful,249999.95,2025-04
1998,423,Mary Cooke,108,15000.0,Mixer Grinder,Home,offline,Hyderabad,2025-10-14,3,UPI,0.25,Mar*****@gmail.com,75******55,successful,44999.75,2025-10
1999,190,Heather Martinez,105,45000.0,Tv,Electronics,offline,Chennai,2025-10-23,3,NetBanking,0.05,Hea*****@gmail.com,93******76,successful,134999.95,2025-10
2000,92,Kelly Chang,103,1300.0,Shirt,Clothing,online,Chennai,2025-03-11,3,Card,0.05,Kel*****@yahoo.com,94******79,successful,3899.95,2025-03
2001,249,Alyssa Henderson,106,80000.0,Sofa,Furn,offline,Bangalore,2026-02-16,4,UPI,0.2,Aly*****@gmail.com,99******09,successful,319999.8,2026-02
2002,854,Dennis Dorsey,105,45000.0,Tv,Electronics,offline,Hyderabad,2025-10-08,4,NetBanking,0.2,Den*****@yahoo.com,70******16,successful,179999.8,2025-10
2003,923,George Wilkinson,102,70000.0,Phone,Electronics,online,Mumbai,2026-01-31,2,UPI,0.35,Geo*****@gmail.com,65******22,successful,139999.65,2026-01
2004,518,Alexander Davenport,108,,Mixer Grinder,Home Appliances,online,Bangalore,2025-06-12,5,UPI,0.2,Ale*****@yahoo.com,92******76,successful,,2025-06
2005,724,Kimberly Winters,101,,Laptop,Electronics,online,Chennai,2026-01-26,4,UPI,0.05,Kim*****@gmail.com,84******93,successful,,2026-01
2006,120,Michael Horton,107,50000.0,Dining Table,Furniture,online,Delhi,2025-06-09,2,NetBanking,0.2,Mic*****@gmail.com,74******29,successful,99999.8,2025-06
2007,872,David Miller,102,70000.0,Phone,Elec,offline,Mumbai,2026-01-11,5,UPI,0.3,Dav*****@yahoo.com,87******05,successful,349999.7,2026-01
2008,400,Brenda Johnson,109,65000.0,Refrigerator,Home Appliances,offline,Chennai,2025-11-10,2,Card,0.1,Bre*****@yahoo.com,79******93,successful,129999.9,2025-11
2009,353,Rachel Velasquez,110,45000.0,Microwave,Home,online,Bangalore,2025-02-07,2,UPI,0.35,Rac*****@outlook.com,67******96,successful,89999.65,2025-02
2011,850,Zachary Abbott,101,250000.0,Laptop,Elec,online,Chennai,2025-10-02,4,UPI,0.3,Zac*****@gmail.com,85******17,successful,999999.7,2025-10
2013,620,Alexander Meyer,107,50000.0,Dining Table,Furn,online,Mumbai,2025-12-09,3,NetBanking,0.25,Ale*****@yahoo.com,95******57,successful,149999.75,2025-12
2014,93,Judith Sanchez,107,,Dining Table,Furniture,online,Mumbai,2025-12-09,3,Card,0.05,Jud*****@yahoo.com,84******76,successful,,2025-12
2016,391,Catherine Beard,109,,Refrigerator,Home Appliances,offline,Mumbai,2025-08-03,4,Card,0.4,Cat*****@gmail.com,92******05,successful,,2025-08
2017,201,Lisa Tran,107,50000.0,Dining Table,Furn,offline,Bangalore,2025-05-14,4,NetBanking,0.1,Lis*****@yahoo.com,87******74,successful,199999.9,2025-05
2018,775,Roy Chavez,102,70000.0,Phone,Electronics,online,Chennai,2025-07-24,2,Card,0.3,Roy*****@gmail.com,75******10,successful,139999.7,2025-07
2019,275,Edward Beck,106,80000.0,Sofa,Furn,offline,Bangalore,2026-02-04,3,UPI,0.1,Edw*****@yahoo.com,87******34,successful,239999.9,2026-02
2020,336,Gregory Mitchell,106,80000.0,Sofa,Furn,online,Chennai,2025-05-11,4,NetBanking,0.35,Gre*****@gmail.com,86******45,successful,319999.65,2025-05
2021,415,Jackson Kaiser,102,70000.0,Phone,Elec,offline,Delhi,2025-10-06,3,UPI,0.05,Jac*****@gmail.com,80******05,successful,209999.95,2025-10
2022,694,Lori Barrera,102,70000.0,Phone,Elec,online,Hyderabad,2025-11-27,1,NetBanking,0.2,Lor*****@gmail.com,95******73,successful,69999.8,2025-11
2023,976,Paula Rogers,104,8000.0,Shoes,Clothing,online,Chennai,2025-09-28,5,Cash,0.35,Pau*****@gmail.com,87******25,successful,39999.65,2025-09
2024,733,Jessica Lin,109,65000.0,Refrigerator,Home,online,Delhi,2025-06-03,4,UPI,0.4,Jes*****@gmail.com,85******63,successful,259999.6,2025-06
2025,653,Jodi Kim,109,,Refrigerator,Home Appliances,online,Mumbai,2025-04-24,3,NetBanking,0.3,Jod*****@gmail.com,90******33,successful,,2025-04
2026,641,Andre Rodriguez,106,80000.0,Sofa,Furn,offline,Bangalore,2026-01-03,5,NetBanking,0.05,And*****@outlook.com,60******70,successful,399999.95,2026-01
2027,569,Lindsay Levine,108,15000.0,Mixer Grinder,Home Appliances,offline,Mumbai,2025-05-23,3,NetBanking,0.3,Lin*****@gmail.com,61******18,successful,44999.7,2025-05
2029,978,Nicole George,101,250000.0,Laptop,Electronics,online,Delhi,2025-08-28,1,Card,0.3,Nic*****@gmail.com,83******50,successful,249999.7,2025-08
2030,174,Jeffrey Lamb,105,45000.0,Tv,Electronics,online,Hyderabad,2026-03-09,4,Cash,0.05,Jef*****@gmail.com,77******42,successful,179999.95,2026-03
2031,88,Alex Mccullough,101,250000.0,Laptop,Elec,offline,Chennai,2025-11-19,3,UPI,0.2,Ale*****@gmail.com,95******31,successful,749999.8,2025-11
2032,356,Larry Mercado,102,70000.0,Phone,Electronics,offline,Hyderabad,2026-02-11,3,Card,0.3,Lar*****@gmail.com,69******20,successful,209999.7,2026-02
2034,850,Zachary Abbott,104,8000.0,Shoes,Clothing,online,Chennai,2026-02-02,1,NetBanking,0.15,Zac*****@gmail.com,85******17,successful,7999.85,2026-02
2035,814,Donna Bennett,102,70000.0,Phone,Electronics,online,Hyderabad,2025-09-12,5,UPI,0.25,Don*****@gmail.com,81******67,successful,349999.75,2025-09
2036,884,Isaac Byrd,103,1300.0,Shirt,Clothing,online,Delhi,2025-09-22,2,UPI,0.25,Isa*****@gmail.com,63******08,successful,2599.75,2025-09
2037,45,Tasha Baker,102,70000.0,Phone,Electronics,offline,Delhi,2026-01-06,2,Card,0.3,Tas*****@gmail.com,75******43,successful,139999.7,2026-01
2038,934,Brandi Phillips,105,45000.0,Tv,Elec,offline,Hyderabad,2025-07-10,4,Card,0.25,Bra*****@gmail.com,96******09,successful,179999.75,2025-07
2039,216,Patricia Myers,104,8000.0,Shoes,Clothing,online,Chennai,2026-04-10,3,UPI,0.05,Pat*****@gmail.com,88******11,successful,23999.95,2026-04
2041,814,Donna Bennett,102,70000.0,Phone,Electronics,offline,Hyderabad,2025-04-30,2,NetBanking,0.1,Don*****@gmail.com,81******67,successful,139999.9,2025-04
2042,308,Lori Bowen,107,50000.0,Dining Table,Furniture,offline,Mumbai,2025-02-10,1,Card,0.05,Lor*****@gmail.com,64******14,successful,49999.95,2025-02
2043,176,Robin Scott,110,,Microwave,Home,offline,Chennai,2026-01-30,2,NetBanking,0.35,Rob*****@outlook.com,61******05,successful,,2026-01
2044,409,Elizabeth Watson,104,8000.0,Shoes,Clothing,offline,Bangalore,2025-06-15,3,Card,0.15,Eli*****@outlook.com,61******29,successful,23999.85,2025-06
2045,804,Tiffany Caldwell,106,80000.0,Sofa,Furniture,online,Bangalore,2026-03-23,5,Card,0.4,Tif*****@outlook.com,83******53,successful,399999.6,2026-03
2046,166,David Simmons,103,1300.0,Shirt,Clothing,offline,Bangalore,2026-02-13,4,Cash,0.4,Dav*****@gmail.com,77******94,successful,5199.6,2026-02
2047,189,Melinda Rodriguez,102,70000.0,Phone,Electronics,offline,Chennai,2025-07-29,3,Card,0.05,Mel*****@outlook.com,82******97,successful,209999.95,2025-07
2049,325,Theresa Villarreal,102,70000.0,Phone,Elec,online,Bangalore,2025-09-27,5,Cash,0.15,The*****@yahoo.com,70******24,successful,349999.85,2025-09
2050,328,Anna Chase,110,45000.0,Microwave,Home,online,Mumbai,2025-11-02,3,NetBanking,0.2,Ann*****@outlook.com,62******97,successful,134999.8,2025-11
2051,879,Andrew Johnston,107,50000.0,Dining Table,Furniture,offline,Mumbai,2025-07-17,4,UPI,0.05,And*****@yahoo.com,92******66,successful,199999.95,2025-07
2052,714,Scott Lane,106,80000.0,Sofa,Furn,online,Mumbai,2025-09-12,1,Card,0.3,Sco*****@gmail.com,99******50,successful,79999.7,2025-09
2053,86,Rachel Gonzales,107,50000.0,Dining Table,Furniture,offline,Mumbai,2026-02-01,2,NetBanking,0.25,Rac*****@yahoo.com,64******51,successful,99999.75,2026-02
2054,180,Chelsea Meyer,106,,Sofa,Furniture,offline,Bangalore,2026-04-03,2,NetBanking,0.25,Che*****@yahoo.com,63******60,successful,,2026-04
2057,541,Melissa Perez,102,,Phone,Electronics,online,Delhi,2025-10-07,2,NetBanking,0.05,Mel*****@gmail.com,83******72,successful,,2025-10
2058,825,Jose Rodriguez,101,250000.0,Laptop,Electronics,online,Bangalore,2025-07-06,5,Cash,0.05,Jos*****@outlook.com,92******68,successful,1249999.95,2025-07
2059,284,Erin Richmond,102,,Phone,Electronics,online,Chennai,2025-07-10,1,UPI,0.15,Eri*****@gmail.com,92******78,successful,,2025-07
2060,856,Suzanne Carroll,106,80000.0,Sofa,Furniture,online,Bangalore,2025-05-06,4,NetBanking,0.4,Suz*****@outlook.com,89******08,successful,319999.6,2025-05
2061,858,Kristina Stewart,106,80000.0,Sofa,Furniture,online,Hyderabad,2025-10-02,3,NetBanking,0.1,Kri*****@yahoo.com,85******97,successful,239999.9,2025-10
2062,165,Rebecca Hays,102,70000.0,Phone,Elec,online,Hyderabad,2026-01-08,5,UPI,0.2,Reb*****@outlook.com,93******79,successful,349999.8,2026-01
2063,872,David Miller,107,50000.0,Dining Table,Furniture,offline,Mumbai,2025-09-09,4,Card,0.35,Dav*****@yahoo.com,87******05,successful,199999.65,2025-09
2065,134,Marie Thomas,107,50000.0,Dining Table,Furn,online,Bangalore,2025-07-18,3,NetBanking,0.25,Mar*****@outlook.com,79******77,successful,149999.75,2025-07
2066,655,Julie Todd,104,8000.0,Shoes,Clothing,offline,Delhi,2026-04-09,4,Cash,0.4,Jul*****@yahoo.com,98******56,successful,31999.6,2026-04
2067,34,Rachel Ball,104,8000.0,Shoes,Clothing,offline,Hyderabad,2026-06-03,1,UPI,0.3,Rac*****@outlook.com,63******91,successful,7999.7,2026-06
2068,816,Erika Martin,105,45000.0,Tv,Electronics,offline,Delhi,2025-06-07,1,Card,0.1,Eri*****@yahoo.com,70******45,successful,44999.9,2025-06
2069,791,April Anderson,105,45000.0,Tv,Electronics,offline,Hyderabad,2026-01-05,1,UPI,0.4,Apr*****@gmail.com,86******29,successful,44999.6,2026-01
2070,283,Anna Bernard,107,50000.0,Dining Table,Furn,online,Chennai,2025-07-24,2,Cash,0.15,Ann*****@gmail.com,77******42,successful,99999.85,2025-07
2071,803,Michelle Lewis,101,250000.0,Laptop,Elec,online,Chennai,2025-09-14,5,UPI,0.2,Mic*****@outlook.com,85******86,successful,1249999.8,2025-09
2072,224,Benjamin Reyes,105,45000.0,Tv,Elec,offline,Mumbai,2025-12-08,2,Cash,0.2,Ben*****@gmail.com,77******09,successful,89999.8,2025-12
2074,168,Joyce Robertson,106,80000.0,Sofa,Furniture,online,Mumbai,2025-09-14,4,Card,0.15,Joy*****@yahoo.com,78******17,successful,319999.85,2025-09
2075,935,Samantha Brewer,108,15000.0,Mixer Grinder,Home Appliances,online,Mumbai,2026-04-03,2,Cash,0.2,Sam*****@outlook.com,92******24,successful,29999.8,2026-04
2076,821,Margaret Parker,107,50000.0,Dining Table,Furniture,online,Delhi,2026-03-29,3,UPI,0.25,Mar*****@gmail.com,98******68,successful,149999.75,2026-03
2077,245,Brittany Harris,109,,Refrigerator,Home,online,Delhi,2025-03-10,1,UPI,0.15,Bri*****@gmail.com,89******97,successful,,2025-03
2078,902,Logan Reyes,101,250000.0,Laptop,Elec,offline,Mumbai,2025-12-16,1,NetBanking,0.3,Log*****@outlook.com,92******31,successful,249999.7,2025-12
2079,495,John Cummings,110,45000.0,Microwave,Home Appliances,online,Hyderabad,2025-09-01,3,UPI,0.25,Joh*****@yahoo.com,88******25,successful,134999.75,2025-09
2080,109,Michael Walker,104,,Shoes,Clothing,online,Mumbai,2025-06-23,4,UPI,0.4,Mic*****@yahoo.com,99******71,successful,,2025-06
2081,495,John Cummings,103,1300.0,Shirt,Clothing,offline,Hyderabad,2025-11-04,4,NetBanking,0.25,Joh*****@yahoo.com,88******25,successful,5199.75,2025-11
2082,557,Joseph Cowan,107,50000.0,Dining Table,Furniture,online,Hyderabad,2025-08-21,1,NetBanking,0.25,Jos*****@gmail.com,64******09,successful,49999.75,2025-08
2083,379,Andres Stokes,102,70000.0,Phone,Electronics,online,Mumbai,2025-06-05,2,Cash,0.1,And*****@yahoo.com,81******61,successful,139999.9,2025-06
2084,349,Joel Baker,102,,Phone,Electronics,online,Bangalore,2025-08-28,2,Card,0.3,Joe*****@outlook.com,80******93,successful,,2025-08
2086,402,Patricia Herring,109,65000.0,Refrigerator,Home,online,Bangalore,2025-08-23,2,Card,0.2,Pat*****@gmail.com,83******34,successful,129999.8,2025-08
2087,530,Mark Fowler,101,250000.0,Laptop,Electronics,online,Delhi,2025-12-31,5,NetBanking,0.15,Mar*****@outlook.com,68******63,successful,1249999.85,2025-12
2088,508,Jesus Decker,104,8000.0,Shoes,Clothing,online,Bangalore,2026-03-27,3,NetBanking,0.05,Jes*****@gmail.com,69******92,successful,23999.95,2026-03
2089,141,Brooke Nunez,110,45000.0,Microwave,Home,online,Bangalore,2025-06-02,1,Card,0.25,Bro*****@gmail.com,80******05,successful,44999.75,2025-06
2091,934,Brandi Phillips,106,80000.0,Sofa,Furniture,offline,Hyderabad,2026-03-08,3,Card,0.05,Bra*****@gmail.com,96******09,successful,239999.95,2026-03
2092,981,Christine Harper,105,,Tv,Electronics,online,Mumbai,2025-06-21,3,Card,0.25,Chr*****@gmail.com,68******39,successful,,2025-06
2093,81,Michael Wagner,109,65000.0,Refrigerator,Home,online,Chennai,2025-10-11,4,NetBanking,0.05,Mic*****@yahoo.com,97******74,successful,259999.95,2025-10
2094,542,Angela Martin,107,50000.0,Dining Table,Furniture,online,Chennai,2025-06-15,1,Card,0.2,Ang*****@outlook.com,66******87,successful,49999.8,2025-06
2095,375,Jessica Harrell,108,15000.0,Mixer Grinder,Home Appliances,online,Chennai,2025-07-26,4,Card,0.05,Jes*****@gmail.com,61******67,successful,59999.95,2025-07
2096,141,Brooke Nunez,106,80000.0,Sofa,Furniture,offline,Bangalore,2025-07-11,1,UPI,0.1,Bro*****@gmail.com,80******05,successful,79999.9,2025-07
2099,938,Mary Rogers,102,70000.0,Phone,Elec,online,Hyderabad,2025-12-10,1,NetBanking,0.25,Mar*****@gmail.com,97******23,successful,69999.75,2025-12
2100,667,Kelsey Mendoza,110,45000.0,Microwave,Home Appliances,online,Bangalore,2025-07-23,1,UPI,0.25,Kel*****@outlook.com,75******12,successful,44999.75,2025-07
2101,119,Dana Castro,102,70000.0,Phone,Elec,online,Delhi,2025-11-16,1,Cash,0.15,Dan*****@yahoo.com,97******72,successful,69999.85,2025-11
2102,87,Peter Silva,104,8000.0,Shoes,Clothing,offline,Chennai,2025-08-27,4,NetBanking,0.25,Pet*****@outlook.com,72******54,successful,31999.75,2025-08
2103,771,Matthew Greer,108,15000.0,Mixer Grinder,Home Appliances,online,Bangalore,2025-04-26,3,Card,0.2,Mat*****@yahoo.com,82******12,successful,44999.8,2025-04
2104,950,Cheyenne Mason,105,45000.0,Tv,Electronics,offline,Delhi,2025-04-18,3,UPI,0.05,Che*****@yahoo.com,73******31,successful,134999.95,2025-04
2106,550,Raymond Martinez,101,250000.0,Laptop,Electronics,offline,Chennai,2025-11-09,2,UPI,0.35,Ray*****@gmail.com,71******50,successful,499999.65,2025-11
2107,415,Jackson Kaiser,106,80000.0,Sofa,Furn,online,Delhi,2025-06-16,5,UPI,0.1,Jac*****@gmail.com,80******05,successful,399999.9,2025-06
2108,778,Angela Park,107,50000.0,Dining Table,Furn,online,Mumbai,2026-01-22,2,Card,0.25,Ang*****@outlook.com,73******96,successful,99999.75,2026-01
2109,616,Misty Gregory,107,50000.0,Dining Table,Furn,online,Bangalore,2025-12-24,2,UPI,0.25,Mis*****@gmail.com,72******56,successful,99999.75,2025-12
2110,961,Derek Hall,105,45000.0,Tv,Electronics,online,Hyderabad,2025-09-27,5,NetBanking,0.15,Der*****@gmail.com,74******75,successful,224999.85,2025-09
2111,620,Alexander Meyer,109,65000.0,Refrigerator,Home,offline,Mumbai,2025-09-30,1,UPI,0.2,Ale*****@yahoo.com,95******57,successful,64999.8,2025-09
2112,99,Maria Mathews,104,8000.0,Shoes,Clothing,online,Mumbai,2025-08-31,5,UPI,0.4,Mar*****@gmail.com,91******64,successful,39999.6,2025-08
2113,334,Brenda Gonzales,108,15000.0,Mixer Grinder,Home Appliances,online,Chennai,2026-08-03,4,UPI,0.2,Bre*****@gmail.com,90******83,successful,59999.8,2026-08
2114,182,Kathleen Castro,102,70000.0,Phone,Elec,online,Hyderabad,2025-05-05,4,UPI,0.05,Kat*****@outlook.com,88******67,successful,279999.95,2025-05
2115,628,Kelly Turner,109,65000.0,Refrigerator,Home Appliances,online,Chennai,2026-02-24,1,UPI,0.1,Kel*****@gmail.com,81******26,successful,64999.9,2026-02
2116,687,Robert Estrada,103,1300.0,Shirt,Clothing,offline,Hyderabad,2025-10-23,3,NetBanking,0.2,Rob*****@yahoo.com,86******73,successful,3899.8,2025-10
2118,272,Gary Gilbert,109,65000.0,Refrigerator,Home Appliances,offline,Delhi,2026-03-31,1,UPI,0.3,Gar*****@gmail.com,85******25,successful,64999.7,2026-03
2119,553,Veronica Davis,107,50000.0,Dining Table,Furniture,offline,Mumbai,2025-05-02,3,Card,0.25,Ver*****@gmail.com,96******72,successful,149999.75,2025-05
2122,890,Holly Mckay,101,,Laptop,Electronics,online,Chennai,2026-07-02,4,NetBanking,0.2,Hol*****@yahoo.com,66******94,successful,,2026-07
2123,165,Rebecca Hays,104,8000.0,Shoes,Clothing,online,Hyderabad,2025-05-18,1,UPI,0.25,Reb*****@outlook.com,93******79,successful,7999.75,2025-05
2127,334,Brenda Gonzales,108,15000.0,Mixer Grinder,Home Appliances,offline,Chennai,2026-04-05,4,Cash,0.3,Bre*****@gmail.com,90******83,successful,59999.7,2026-04
2128,874,Samuel Patel,105,45000.0,Tv,Electronics,online,Mumbai,2025-06-09,2,Cash,0.3,Sam*****@gmail.com,68******67,successful,89999.7,2025-06
2129,3,Marc Carter,110,45000.0,Microwave,Home Appliances,online,Delhi,2025-08-04,2,UPI,0.1,Mar*****@yahoo.com,80******72,successful,89999.9,2025-08
2130,193,Mary White,106,80000.0,Sofa,Furn,offline,Bangalore,2026-03-20,4,UPI,0.15,Mar*****@yahoo.com,83******94,successful,319999.85,2026-03
2131,712,Laura Rogers,101,250000.0,Laptop,Electronics,offline,Hyderabad,2025-08-20,4,Card,0.2,Lau*****@outlook.com,65******95,successful,999999.8,2025-08
2132,981,Christine Harper,110,,Microwave,Home,online,Mumbai,2026-02-23,1,NetBanking,0.1,Chr*****@gmail.com,68******39,successful,,2026-02
2133,462,Steven Perry,110,,Microwave,Home Appliances,online,Bangalore,2026-12-03,2,Card,0.05,Ste*****@yahoo.com,69******79,successful,,2026-12
2134,822,Christine Rivera,104,8000.0,Shoes,Cloth,offline,Hyderabad,2025-01-11,1,UPI,0.3,Chr*****@yahoo.com,66******21,successful,7999.7,2025-01
2135,530,Mark Fowler,108,15000.0,Mixer Grinder,Home Appliances,offline,Delhi,2025-07-02,3,NetBanking,0.2,Mar*****@outlook.com,68******63,successful,44999.8,2025-07
2137,965,Donald Poole,110,45000.0,Microwave,Home Appliances,online,Mumbai,2025-12-26,1,Cash,0.25,Don*****@yahoo.com,71******35,successful,44999.75,2025-12
2138,406,Gregory Nelson,105,45000.0,Tv,Elec,offline,Delhi,2025-09-30,4,Card,0.15,Gre*****@gmail.com,64******67,successful,179999.85,2025-09
2139,68,Stephanie Scott,102,70000.0,Phone,Elec,offline,Chennai,2025-09-30,1,NetBanking,0.15,Ste*****@gmail.com,95******89,successful,69999.85,2025-09
2140,636,Christopher Clark,103,1300.0,Shirt,Cloth,offline,Mumbai,2026-03-19,5,Card,0.2,Chr*****@gmail.com,76******66,successful,6499.8,2026-03
2141,774,Antonio Evans,107,50000.0,Dining Table,Furn,offline,Hyderabad,2025-08-12,2,NetBanking,0.1,Ant*****@gmail.com,71******42,successful,99999.9,2025-08
2142,852,Morgan Lewis,105,45000.0,Tv,Elec,online,Mumbai,2025-09-20,1,Card,0.2,Mor*****@gmail.com,69******87,successful,44999.8,2025-09
2143,239,Tyler Greene,106,80000.0,Sofa,Furniture,online,Delhi,2025-12-18,4,UPI,0.15,Tyl*****@gmail.com,81******07,successful,319999.85,2025-12
2144,236,Frank Gray,104,8000.0,Shoes,Clothing,online,Bangalore,2026-07-02,3,NetBanking,0.15,Fra*****@gmail.com,98******32,successful,23999.85,2026-07
2145,6,Eric Turner,102,70000.0,Phone,Electronics,online,Hyderabad,2025-10-22,5,NetBanking,0.3,Eri*****@outlook.com,77******82,successful,349999.7,2025-10
2146,735,Elizabeth Kemp,109,65000.0,Refrigerator,Home Appliances,offline,Bangalore,2025-04-27,3,Card,0.1,Eli*****@yahoo.com,65******68,successful,194999.9,2025-04
2147,283,Anna Bernard,109,65000.0,Refrigerator,Home,offline,Chennai,2025-09-16,5,UPI,0.3,Ann*****@gmail.com,77******42,successful,324999.7,2025-09
2148,963,Laura Stevenson,103,1300.0,Shirt,Clothing,online,Chennai,2026-02-07,3,Cash,0.3,Lau*****@outlook.com,75******05,successful,3899.7,2026-02
2150,976,Paula Rogers,101,250000.0,Laptop,Electronics,offline,Chennai,2025-10-15,5,Card,0.15,Pau*****@gmail.com,87******25,successful,1249999.85,2025-10
2151,79,Tony Jones,104,8000.0,Shoes,Clothing,online,Bangalore,2025-05-21,4,Card,0.1,Ton*****@yahoo.com,71******23,successful,31999.9,2025-05
2152,600,James Schaefer,106,80000.0,Sofa,Furn,online,Chennai,2025-12-30,2,UPI,0.35,Jam*****@gmail.com,92******20,successful,159999.65,2025-12
2154,216,Patricia Myers,104,8000.0,Shoes,Cloth,offline,Chennai,2025-05-29,4,NetBanking,0.35,Pat*****@gmail.com,88******11,successful,31999.65,2025-05
2155,504,Victor Hendricks,103,1300.0,Shirt,Cloth,online,Mumbai,2025-12-19,5,UPI,0.05,Vic*****@gmail.com,65******07,successful,6499.95,2025-12
2156,391,Catherine Beard,101,250000.0,Laptop,Elec,online,Mumbai,2026-03-31,3,NetBanking,0.25,Cat*****@gmail.com,92******05,successful,749999.75,2026-03
2157,902,Logan Reyes,104,8000.0,Shoes,Cloth,offline,Mumbai,2025-07-07,5,NetBanking,0.35,Log*****@outlook.com,92******31,successful,39999.65,2025-07
2159,948,Deborah Payne,108,15000.0,Mixer Grinder,Home Appliances,online,Mumbai,2025-11-25,4,UPI,0.35,Deb*****@yahoo.com,63******28,successful,59999.65,2025-11
2160,440,Tracy Sheppard,106,80000.0,Sofa,Furniture,online,Hyderabad,2025-08-20,1,UPI,0.4,Tra*****@gmail.com,65******96,successful,79999.6,2025-08
2162,868,Timothy Henderson,106,80000.0,Sofa,Furniture,online,Hyderabad,2025-11-11,1,Cash,0.35,Tim*****@gmail.com,65******86,successful,79999.65,2025-11
2163,61,John Cruz,103,,Shirt,Clothing,online,Chennai,2026-02-02,1,NetBanking,0.3,Joh*****@yahoo.com,61******22,successful,,2026-02
2165,217,Eric Cross,108,15000.0,Mixer Grinder,Home Appliances,online,Bangalore,2025-09-09,4,NetBanking,0.1,Eri*****@gmail.com,65******96,successful,59999.9,2025-09
2166,191,Megan Nguyen,109,65000.0,Refrigerator,Home Appliances,offline,Bangalore,2025-04-17,2,NetBanking,0.4,Meg*****@gmail.com,67******88,successful,129999.6,2025-04
2167,560,Anthony Lawrence,103,1300.0,Shirt,Clothing,offline,Hyderabad,2026-04-02,3,UPI,0.15,Ant*****@gmail.com,75******87,successful,3899.85,2026-04
2168,250,Steven Baker,101,,Laptop,Electronics,online,Mumbai,2025-07-05,3,Card,0.35,Ste*****@gmail.com,62******24,successful,,2025-07
2169,699,Kristin Hawkins,108,15000.0,Mixer Grinder,Home Appliances,online,Mumbai,2025-09-09,3,Card,0.05,Kri*****@yahoo.com,62******16,successful,44999.95,2025-09
2170,172,Daniel Smith,105,45000.0,Tv,Electronics,offline,Delhi,2025-07-18,3,Cash,0.3,Dan*****@gmail.com,65******79,successful,134999.7,2025-07
2171,442,Gregory Vazquez,109,65000.0,Refrigerator,Home Appliances,offline,Chennai,2026-07-02,5,Card,0.35,Gre*****@gmail.com,73******02,successful,324999.65,2026-07
2172,264,Kelli Johnson,104,8000.0,Shoes,Clothing,offline,Bangalore,2025-09-10,1,NetBanking,0.35,Kel*****@gmail.com,98******31,successful,7999.65,2025-09
2173,599,David Johnson,102,70000.0,Phone,Elec,online,Mumbai,2025-04-21,2,UPI,0.15,Dav*****@gmail.com,74******74,successful,139999.85,2025-04
2174,104,Amanda Castillo,110,45000.0,Microwave,Home Appliances,online,Hyderabad,2025-09-12,3,NetBanking,0.4,Ama*****@yahoo.com,92******48,successful,134999.6,2025-09
2175,633,Julie Jackson,102,70000.0,Phone,Electronics,offline,Delhi,2025-10-07,4,NetBanking,0.05,Jul*****@gmail.com,71******01,successful,279999.95,2025-10
2177,962,Sharon Wood,102,70000.0,Phone,Electronics,online,Mumbai,2025-07-23,3,UPI,0.25,Sha*****@gmail.com,67******84,successful,209999.75,2025-07
2178,71,Tina Bowers,109,65000.0,Refrigerator,Home Appliances,online,Bangalore,2025-12-11,4,NetBanking,0.05,Tin*****@yahoo.com,74******05,successful,259999.95,2025-12
2179,312,James Morales,109,65000.0,Refrigerator,Home Appliances,offline,Bangalore,2025-08-27,5,NetBanking,0.15,Jam*****@yahoo.com,81******00,successful,324999.85,2025-08
2180,301,Alexandra Nguyen,109,65000.0,Refrigerator,Home Appliances,online,Delhi,2025-12-06,2,Card,0.05,Ale*****@gmail.com,68******66,successful,129999.95,2025-12
2181,198,Carrie Houston,101,250000.0,Laptop,Electronics,online,Chennai,2025-12-28,3,Card,0.05,Car*****@gmail.com,93******07,successful,749999.95,2025-12
2182,748,Sabrina Hopkins,101,250000.0,Laptop,Electronics,online,Chennai,2025-12-08,1,Cash,0.1,Sab*****@yahoo.com,71******90,successful,249999.9,2025-12
2184,519,Kylie Ferguson,109,65000.0,Refrigerator,Home Appliances,offline,Bangalore,2026-03-07,5,Card,0.2,Kyl*****@yahoo.com,92******78,successful,324999.8,2026-03
2185,71,Tina Bowers,108,15000.0,Mixer Grinder,Home Appliances,online,Bangalore,2026-02-19,2,Card,0.3,Tin*****@yahoo.com,74******05,successful,29999.7,2026-02
2186,409,Elizabeth Watson,110,45000.0,Microwave,Home Appliances,offline,Bangalore,2025-11-09,3,Cash,0.2,Eli*****@outlook.com,61******29,successful,134999.8,2025-11
2187,232,Joel Reid,108,15000.0,Mixer Grinder,Home Appliances,online,Chennai,2026-02-03,4,UPI,0.25,Joe*****@gmail.com,81******20,successful,59999.75,2026-02
2189,534,Deborah Lopez,101,250000.0,Laptop,Electronics,online,Delhi,2025-11-06,3,Card,0.2,Deb*****@yahoo.com,91******18,successful,749999.8,2025-11
2190,324,Diana King,102,,Phone,Electronics,offline,Chennai,2026-01-13,5,Card,0.05,Dia*****@gmail.com,90******16,successful,,2026-01
2191,917,Alexandria Marks,107,50000.0,Dining Table,Furniture,online,Hyderabad,2025-09-04,1,Card,0.2,Ale*****@gmail.com,88******19,successful,49999.8,2025-09
2192,221,David Hart,105,45000.0,Tv,Electronics,online,Hyderabad,2025-07-17,1,Card,0.25,Dav*****@gmail.com,97******12,successful,44999.75,2025-07
2193,567,Benjamin Peters,109,65000.0,Refrigerator,Home Appliances,offline,Bangalore,2025-04-17,3,Card,0.15,Ben*****@gmail.com,78******38,successful,194999.85,2025-04
2194,22,James Walters,109,,Refrigerator,Home Appliances,offline,Chennai,2025-03-11,1,Cash,0.35,Jam*****@gmail.com,65******42,successful,,2025-03
2195,852,Morgan Lewis,105,45000.0,Tv,Electronics,offline,Mumbai,2026-01-07,4,Cash,0.1,Mor*****@gmail.com,69******87,successful,179999.9,2026-01
2196,222,Emily Hernandez,108,15000.0,Mixer Grinder,Home,offline,Delhi,2025-01-09,2,Card,0.35,Emi*****@gmail.com,89******56,successful,29999.65,2025-01
2197,176,Robin Scott,103,1300.0,Shirt,Cloth,online,Chennai,2025-05-22,4,Cash,0.15,Rob*****@outlook.com,61******05,successful,5199.85,2025-05
2198,687,Robert Estrada,101,250000.0,Laptop,Electronics,offline,Hyderabad,2026-01-16,4,NetBanking,0.2,Rob*****@yahoo.com,86******73,successful,999999.8,2026-01
2199,16,Cesar Dean,105,45000.0,Tv,Elec,offline,Bangalore,2026-08-02,3,Card,0.15,Ces*****@gmail.com,92******03,successful,134999.85,2026-08
2200,384,Jeffrey Williams,101,250000.0,Laptop,Electronics,offline,Mumbai,2025-08-09,5,UPI,0.05,Jef*****@outlook.com,66******49,successful,1249999.95,2025-08
2201,479,Tracy Underwood,109,65000.0,Refrigerator,Home Appliances,online,Chennai,2025-06-10,4,Cash,0.2,Tra*****@outlook.com,96******08,successful,259999.8,2025-06
2202,17,Duane Hall,102,70000.0,Phone,Electronics,online,Bangalore,2025-07-08,4,NetBanking,0.35,Dua*****@outlook.com,74******49,successful,279999.65,2025-07
2203,142,Charles Brown,108,15000.0,Mixer Grinder,Home Appliances,online,Hyderabad,2025-05-04,2,Card,0.35,Cha*****@gmail.com,99******22,successful,29999.65,2025-05
2204,865,Jessica Patterson,104,8000.0,Shoes,Clothing,offline,Hyderabad,2026-10-02,2,UPI,0.35,Jes*****@outlook.com,93******60,successful,15999.65,2026-10
2205,656,Adam White,109,65000.0,Refrigerator,Home Appliances,offline,Hyderabad,2026-06-03,1,NetBanking,0.25,Ada*****@yahoo.com,90******07,successful,64999.75,2026-06
2207,345,Kathy Smith,107,50000.0,Dining Table,Furniture,offline,Chennai,2025-05-01,2,Cash,0.05,Kat*****@yahoo.com,91******71,successful,99999.95,2025-05
2208,845,Sara Smith,110,45000.0,Microwave,Home Appliances,online,Chennai,2025-10-28,2,NetBanking,0.25,Sar*****@outlook.com,61******26,successful,89999.75,2025-10
2209,277,Robert Baker,108,15000.0,Mixer Grinder,Home,offline,Hyderabad,2025-12-21,2,UPI,0.2,Rob*****@gmail.com,91******51,successful,29999.8,2025-12
2211,548,Jesse King,110,45000.0,Microwave,Home,offline,Mumbai,2025-04-28,5,Card,0.4,Jes*****@outlook.com,81******75,successful,224999.6,2025-04
2212,247,David Cherry,102,70000.0,Phone,Electronics,online,Bangalore,2025-04-17,4,UPI,0.2,Dav*****@yahoo.com,62******39,successful,279999.8,2025-04
2213,363,Leonard Travis,103,1300.0,Shirt,Clothing,offline,Delhi,2025-05-16,1,Card,0.3,Leo*****@gmail.com,90******72,successful,1299.7,2025-05
2214,947,Gabriel Golden,102,70000.0,Phone,Electronics,offline,Mumbai,2025-08-05,2,Card,0.1,Gab*****@gmail.com,75******30,successful,139999.9,2025-08
2215,626,Tyler Martinez,107,50000.0,Dining Table,Furn,online,Hyderabad,2025-08-26,1,Card,0.05,Tyl*****@gmail.com,78******16,successful,49999.95,2025-08
2216,608,Amanda Wade,106,80000.0,Sofa,Furn,offline,Delhi,2025-07-26,4,NetBanking,0.2,Ama*****@gmail.com,69******38,successful,319999.8,2025-07
2217,263,Joshua Anderson,101,250000.0,Laptop,Electronics,online,Hyderabad,2026-02-28,2,Card,0.15,Jos*****@outlook.com,79******42,successful,499999.85,2026-02
2218,657,Carly Lucas,110,,Microwave,Home Appliances,online,Hyderabad,2025-09-30,1,Card,0.25,Car*****@yahoo.com,74******85,successful,,2025-09
2219,917,Alexandria Marks,105,45000.0,Tv,Elec,online,Hyderabad,2025-12-06,2,Card,0.15,Ale*****@gmail.com,88******19,successful,89999.85,2025-12
2222,987,Daniel Harper,102,70000.0,Phone,Elec,online,Delhi,2025-08-01,3,Cash,0.35,Dan*****@outlook.com,61******59,successful,209999.65,2025-08
2223,131,Pamela Peterson,103,1300.0,Shirt,Cloth,online,Bangalore,2025-07-29,2,Cash,0.2,Pam*****@gmail.com,65******47,successful,2599.8,2025-07
2224,860,Christine Maddox,104,,Shoes,Cloth,offline,Mumbai,2025-07-13,5,Cash,0.35,Chr*****@outlook.com,65******75,successful,,2025-07
2226,622,Hannah Bell,110,45000.0,Microwave,Home,offline,Chennai,2025-11-07,2,UPI,0.2,Han*****@yahoo.com,63******23,successful,89999.8,2025-11
2227,37,Joshua Nunez,105,45000.0,Tv,Elec,online,Mumbai,2025-07-12,2,Cash,0.35,Jos*****@yahoo.com,85******85,successful,89999.65,2025-07
2229,310,Lee Brown,109,65000.0,Refrigerator,Home,online,Mumbai,2025-04-16,2,NetBanking,0.1,Lee*****@yahoo.com,95******16,successful,129999.9,2025-04
2230,585,Clifford Hayes,103,1300.0,Shirt,Cloth,online,Delhi,2025-06-23,4,Card,0.4,Cli*****@gmail.com,65******42,successful,5199.6,2025-06
2231,886,Ashley Gamble,102,70000.0,Phone,Elec,offline,Bangalore,2025-11-05,3,UPI,0.4,Ash*****@gmail.com,72******16,successful,209999.6,2025-11
2232,592,Timothy Medina,102,70000.0,Phone,Electronics,online,Delhi,2025-10-07,2,Cash,0.2,Tim*****@gmail.com,70******01,successful,139999.8,2025-10
2233,453,Sarah Brown,103,1300.0,Shirt,Cloth,offline,Delhi,2025-10-16,4,Card,0.3,Sar*****@gmail.com,99******41,successful,5199.7,2025-10
2235,408,Hannah Russell,107,50000.0,Dining Table,Furn,online,Hyderabad,2025-07-28,3,Card,0.1,Han*****@yahoo.com,97******08,successful,149999.9,2025-07
2236,865,Jessica Patterson,110,45000.0,Microwave,Home,online,Hyderabad,2025-08-18,5,UPI,0.05,Jes*****@outlook.com,93******60,successful,224999.95,2025-08
2237,100,Thomas Walker,110,45000.0,Microwave,Home Appliances,online,Delhi,2025-08-26,2,Cash,0.35,Tho*****@yahoo.com,64******24,successful,89999.65,2025-08
2238,767,John Farmer,101,250000.0,Laptop,Electronics,online,Mumbai,2025-04-27,1,UPI,0.4,Joh*****@outlook.com,62******80,successful,249999.6,2025-04
2239,647,Michelle Conway,110,45000.0,Microwave,Home Appliances,online,Chennai,2025-06-11,1,Card,0.1,Mic*****@yahoo.com,90******05,successful,44999.9,2025-06
2240,11,James Leblanc,108,15000.0,Mixer Grinder,Home,online,Delhi,2025-06-03,1,UPI,0.4,Jam*****@gmail.com,82******60,successful,14999.6,2025-06
2241,883,Charles David,101,250000.0,Laptop,Electronics,online,Delhi,2026-01-11,5,UPI,0.2,Cha*****@yahoo.com,60******22,successful,1249999.8,2026-01
2242,488,Kathy Henry,109,65000.0,Refrigerator,Home Appliances,offline,Chennai,2025-07-13,3,NetBanking,0.05,Kat*****@outlook.com,73******01,successful,194999.95,2025-07
2243,888,Jade Garza,102,70000.0,Phone,Electronics,offline,Hyderabad,2025-10-04,2,Card,0.1,Jad*****@outlook.com,67******23,successful,139999.9,2025-10
2246,932,Jessica Harrell,105,45000.0,Tv,Electronics,offline,Hyderabad,2025-07-08,4,NetBanking,0.1,Jes*****@outlook.com,69******25,successful,179999.9,2025-07
2247,161,Christopher Davis,102,70000.0,Phone,Electronics,offline,Mumbai,2025-06-03,3,NetBanking,0.1,Chr*****@gmail.com,82******33,successful,209999.9,2025-06
2249,634,Melissa Marshall,109,,Refrigerator,Home Appliances,online,Mumbai,2026-04-08,2,Cash,0.3,Mel*****@outlook.com,74******39,successful,,2026-04
2250,701,Dylan Stanley,103,1300.0,Shirt,Clothing,online,Mumbai,2025-07-05,5,Card,0.2,Dyl*****@gmail.com,80******62,successful,6499.8,2025-07
2251,314,Paul Gonzales,109,65000.0,Refrigerator,Home,offline,Hyderabad,2025-08-12,5,Card,0.15,Pau*****@gmail.com,64******83,successful,324999.85,2025-08
2253,467,Tommy Brown,108,15000.0,Mixer Grinder,Home Appliances,offline,Chennai,2025-05-16,2,Cash,0.05,Tom*****@outlook.com,67******92,successful,29999.95,2025-05
2254,873,Tracy Bass,105,45000.0,Tv,Elec,online,Hyderabad,2025-05-09,4,Card,0.1,Tra*****@outlook.com,68******34,successful,179999.9,2025-05
2256,485,James Harris,109,65000.0,Refrigerator,Home Appliances,offline,Delhi,2025-04-24,4,Cash,0.15,Jam*****@yahoo.com,84******57,successful,259999.85,2025-04
2257,819,Daniel Vang,109,65000.0,Refrigerator,Home Appliances,offline,Chennai,2025-05-29,3,NetBanking,0.15,Dan*****@outlook.com,86******71,successful,194999.85,2025-05
2258,730,Adam Maldonado,109,,Refrigerator,Home,online,Mumbai,2025-08-26,2,UPI,0.4,Ada*****@gmail.com,97******45,successful,,2025-08
2260,444,Diamond King,108,15000.0,Mixer Grinder,Home Appliances,offline,Bangalore,2025-10-20,1,Card,0.25,Dia*****@gmail.com,62******87,successful,14999.75,2025-10
2261,77,Robert Diaz,104,8000.0,Shoes,Clothing,offline,Hyderabad,2026-03-10,4,NetBanking,0.35,Rob*****@yahoo.com,69******45,successful,31999.65,2026-03
2262,325,Theresa Villarreal,105,45000.0,Tv,Elec,online,Bangalore,2025-09-04,2,NetBanking,0.35,The*****@yahoo.com,70******24,successful,89999.65,2025-09
2265,939,Megan Tran,105,45000.0,Tv,Electronics,online,Hyderabad,2025-10-12,2,Cash,0.3,Meg*****@outlook.com,85******84,successful,89999.7,2025-10
2266,937,Nicole Woods,107,50000.0,Dining Table,Furn,online,Mumbai,2025-09-08,4,UPI,0.15,Nic*****@yahoo.com,93******75,successful,199999.85,2025-09
2267,802,John Mills,110,45000.0,Microwave,Home,online,Bangalore,2025-07-27,2,Card,0.3,Joh*****@outlook.com,92******15,successful,89999.7,2025-07
2268,280,David Morales,102,70000.0,Phone,Electronics,offline,Delhi,2025-08-06,5,Cash,0.35,Dav*****@yahoo.com,92******30,successful,349999.65,2025-08
2269,833,Shawn Cooper,107,,Dining Table,Furniture,offline,Chennai,2026-03-23,2,NetBanking,0.05,Sha*****@gmail.com,68******09,successful,,2026-03
2270,348,James Nash,104,8000.0,Shoes,Cloth,online,Chennai,2026-11-04,1,UPI,0.4,Jam*****@gmail.com,77******37,successful,7999.6,2026-11
2271,30,Todd Harding,108,15000.0,Mixer Grinder,Home Appliances,offline,Hyderabad,2025-07-25,1,NetBanking,0.15,Tod*****@yahoo.com,78******21,successful,14999.85,2025-07
2272,942,Melissa Wilkerson,101,250000.0,Laptop,Electronics,offline,Chennai,2025-08-15,1,Cash,0.4,Mel*****@yahoo.com,93******20,successful,249999.6,2025-08
2273,746,James Meyer,103,1300.0,Shirt,Cloth,online,Bangalore,2025-06-19,5,Card,0.2,Jam*****@outlook.com,77******57,successful,6499.8,2025-06
2274,100,Thomas Walker,110,,Microwave,Home Appliances,online,Delhi,2026-03-27,1,NetBanking,0.15,Tho*****@yahoo.com,64******24,successful,,2026-03
2276,241,James Gonzales,109,65000.0,Refrigerator,Home,offline,Chennai,2025-07-19,5,Cash,0.3,Jam*****@gmail.com,60******28,successful,324999.7,2025-07
2277,311,Juan Murphy,107,50000.0,Dining Table,Furn,online,Bangalore,2025-07-05,5,Cash,0.2,Jua*****@yahoo.com,74******60,successful,249999.8,2025-07
2278,35,Guy Walker,107,50000.0,Dining Table,Furniture,offline,Chennai,2026-02-26,4,UPI,0.15,Guy*****@gmail.com,95******11,successful,199999.85,2026-02
2279,788,William Wright,102,70000.0,Phone,Electronics,offline,Bangalore,2025-05-26,5,Card,0.3,Wil*****@gmail.com,85******93,successful,349999.7,2025-05
2280,692,Paige Brown,106,80000.0,Sofa,Furniture,online,Bangalore,2026-03-07,5,Cash,0.15,Pai*****@outlook.com,66******67,successful,399999.85,2026-03
2281,745,Jennifer Weeks,108,15000.0,Mixer Grinder,Home Appliances,offline,Hyderabad,2025-12-04,2,NetBanking,0.4,Jen*****@gmail.com,92******95,successful,29999.6,2025-12
2282,692,Paige Brown,105,45000.0,Tv,Electronics,offline,Bangalore,2025-09-17,3,UPI,0.05,Pai*****@outlook.com,66******67,successful,134999.95,2025-09
2284,772,Katelyn Gregory,102,,Phone,Elec,offline,Hyderabad,2026-02-01,4,UPI,0.35,Kat*****@outlook.com,84******58,successful,,2026-02
2286,599,David Johnson,108,,Mixer Grinder,Home,offline,Mumbai,2026-02-08,4,NetBanking,0.2,Dav*****@gmail.com,74******74,successful,,2026-02
2287,829,Jeffery Perez,108,15000.0,Mixer Grinder,Home Appliances,offline,Mumbai,2025-11-07,2,Card,0.25,Jef*****@yahoo.com,93******48,successful,29999.75,2025-11
2288,419,William Taylor,102,70000.0,Phone,Electronics,offline,Bangalore,2025-05-02,4,Cash,0.3,Wil*****@yahoo.com,85******68,successful,279999.7,2025-05
2290,119,Dana Castro,106,80000.0,Sofa,Furniture,online,Delhi,2025-09-19,3,Cash,0.15,Dan*****@yahoo.com,97******72,successful,239999.85,2025-09
2291,435,Wendy Robinson,107,50000.0,Dining Table,Furniture,online,Delhi,2026-01-05,1,Card,0.3,Wen*****@gmail.com,78******54,successful,49999.7,2026-01
2292,364,Kelly Graves,109,65000.0,Refrigerator,Home,online,Bangalore,2025-07-24,3,UPI,0.4,Kel*****@gmail.com,62******43,successful,194999.6,2025-07
2293,909,Jacqueline Frye,109,65000.0,Refrigerator,Home,offline,Chennai,2025-07-07,2,NetBanking,0.2,Jac*****@gmail.com,60******95,successful,129999.8,2025-07
2294,27,Ashley Simpson,102,70000.0,Phone,Electronics,online,Chennai,2025-07-28,3,UPI,0.1,Ash*****@outlook.com,85******05,successful,209999.9,2025-07
2295,798,Amber Murphy,110,45000.0,Microwave,Home Appliances,offline,Hyderabad,2026-03-12,2,Cash,0.3,Amb*****@gmail.com,70******07,successful,89999.7,2026-03
2296,131,Pamela Peterson,103,1300.0,Shirt,Clothing,offline,Bangalore,2026-03-04,4,Cash,0.25,Pam*****@gmail.com,65******47,successful,5199.75,2026-03
2298,22,James Walters,109,65000.0,Refrigerator,Home Appliances,online,Chennai,2025-10-19,5,Cash,0.1,Jam*****@gmail.com,65******42,successful,324999.9,2025-10
2299,340,Paul Smith,103,1300.0,Shirt,Clothing,offline,Chennai,2026-06-04,2,UPI,0.35,Pau*****@yahoo.com,72******50,successful,2599.65,2026-06
2301,533,Andrew Riggs,109,,Refrigerator,Home,online,Chennai,2025-05-26,3,Cash,0.2,And*****@gmail.com,94******77,successful,,2025-05
2303,42,Michael Swanson,105,45000.0,Tv,Electronics,offline,Hyderabad,2025-08-14,2,Cash,0.4,Mic*****@outlook.com,89******66,successful,89999.6,2025-08
2304,423,Mary Cooke,105,45000.0,Tv,Elec,online,Hyderabad,2026-03-07,5,Cash,0.1,Mar*****@gmail.com,75******55,successful,224999.9,2026-03
2306,488,Kathy Henry,101,250000.0,Laptop,Electronics,online,Chennai,2025-11-25,5,NetBanking,0.2,Kat*****@outlook.com,73******01,successful,1249999.8,2025-11
2307,100,Thomas Walker,102,,Phone,Electronics,online,Delhi,2025-04-24,4,Cash,0.1,Tho*****@yahoo.com,64******24,successful,,2025-04
2308,975,Jacqueline Doyle,108,15000.0,Mixer Grinder,Home Appliances,offline,Hyderabad,2025-06-21,3,UPI,0.35,Jac*****@outlook.com,81******90,successful,44999.65,2025-06
2309,990,Carmen Bradford,107,50000.0,Dining Table,Furniture,online,Hyderabad,2025-08-12,5,Card,0.2,Car*****@gmail.com,73******62,successful,249999.8,2025-08
2310,488,Kathy Henry,107,50000.0,Dining Table,Furniture,offline,Chennai,2025-05-18,2,Cash,0.35,Kat*****@outlook.com,73******01,successful,99999.65,2025-05
2311,37,Joshua Nunez,107,50000.0,Dining Table,Furniture,offline,Mumbai,2025-06-01,2,Cash,0.1,Jos*****@yahoo.com,85******85,successful,99999.9,2025-06
2312,691,Clayton Miles,109,65000.0,Refrigerator,Home Appliances,online,Mumbai,2025-05-03,4,Card,0.4,Cla*****@gmail.com,68******37,successful,259999.6,2025-05
2313,116,Doris Banks,102,70000.0,Phone,Electronics,offline,Delhi,2025-12-25,4,Card,0.05,Dor*****@yahoo.com,93******06,successful,279999.95,2025-12
2314,144,Amber Boyd,107,,Dining Table,Furniture,online,Mumbai,2025-12-26,5,NetBanking,0.35,Amb*****@gmail.com,91******81,successful,,2025-12
2315,235,Robyn Rodriguez,103,1300.0,Shirt,Clothing,offline,Mumbai,2026-01-09,2,Card,0.15,Rob*****@outlook.com,60******97,successful,2599.85,2026-01
2317,227,Tracey Garcia,110,45000.0,Microwave,Home Appliances,offline,Bangalore,2025-07-26,5,NetBanking,0.3,Tra*****@gmail.com,82******20,successful,224999.7,2025-07
2319,192,Nina Robinson,106,80000.0,Sofa,Furniture,online,Bangalore,2026-01-22,2,Card,0.1,Nin*****@gmail.com,62******16,successful,159999.9,2026-01
2320,618,Alan Torres,103,1300.0,Shirt,Cloth,online,Chennai,2026-01-29,1,NetBanking,0.3,Ala*****@yahoo.com,73******05,successful,1299.7,2026-01
2321,824,Michael Vaughn,102,70000.0,Phone,Elec,online,Chennai,2026-01-12,2,UPI,0.15,Mic*****@outlook.com,80******45,successful,139999.85,2026-01
2322,763,David Howard,104,8000.0,Shoes,Clothing,online,Delhi,2025-10-06,1,UPI,0.35,Dav*****@gmail.com,86******89,successful,7999.65,2025-10
2323,172,Daniel Smith,101,250000.0,Laptop,Elec,online,Delhi,2025-04-22,4,Card,0.3,Dan*****@gmail.com,65******79,successful,999999.7,2025-04
2324,558,Bryan Phelps,101,250000.0,Laptop,Electronics,online,Chennai,2026-03-12,3,UPI,0.2,Bry*****@gmail.com,88******62,successful,749999.8,2026-03
2327,187,Timothy Salazar,107,50000.0,Dining Table,Furniture,online,Bangalore,2026-01-19,1,Card,0.2,Tim*****@yahoo.com,99******10,successful,49999.8,2026-01
2328,150,Donald Bradley,105,45000.0,Tv,Elec,offline,Mumbai,2025-10-16,5,Cash,0.4,Don*****@gmail.com,63******20,successful,224999.6,2025-10
2329,271,Jake Arnold,106,,Sofa,Furn,online,Bangalore,2025-12-20,4,Cash,0.05,Jak*****@gmail.com,92******82,successful,,2025-12
2330,927,Bradley Sparks,109,65000.0,Refrigerator,Home,online,Chennai,2025-11-21,1,Card,0.4,Bra*****@gmail.com,82******14,successful,64999.6,2025-11
2332,672,Austin Perez,108,15000.0,Mixer Grinder,Home Appliances,offline,Delhi,2025-02-06,5,UPI,0.3,Aus*****@gmail.com,60******18,successful,74999.7,2025-02
2334,340,Paul Smith,109,65000.0,Refrigerator,Home,offline,Chennai,2025-12-18,5,Card,0.15,Pau*****@yahoo.com,72******50,successful,324999.85,2025-12
2335,348,James Nash,104,8000.0,Shoes,Cloth,online,Chennai,2025-08-21,4,Card,0.25,Jam*****@gmail.com,77******37,successful,31999.75,2025-08
2336,428,Michelle Rogers,107,50000.0,Dining Table,Furn,offline,Bangalore,2026-01-29,1,Cash,0.25,Mic*****@gmail.com,92******99,successful,49999.75,2026-01
2337,709,Mike Roberts,108,15000.0,Mixer Grinder,Home Appliances,offline,Hyderabad,2026-10-04,4,UPI,0.3,Mik*****@yahoo.com,77******92,successful,59999.7,2026-10
2338,103,Mathew Perkins,101,250000.0,Laptop,Electronics,online,Delhi,2026-01-20,2,UPI,0.25,Mat*****@outlook.com,82******66,successful,499999.75,2026-01
2339,100,Thomas Walker,109,65000.0,Refrigerator,Home Appliances,offline,Delhi,2026-04-16,4,NetBanking,0.4,Tho*****@yahoo.com,64******24,successful,259999.6,2026-04
2340,521,Christopher Colon,110,45000.0,Microwave,Home Appliances,offline,Hyderabad,2026-12-04,5,NetBanking,0.3,Chr*****@gmail.com,90******28,successful,224999.7,2026-12
2341,457,Cathy Harris,104,8000.0,Shoes,Cloth,offline,Hyderabad,2026-03-31,4,UPI,0.3,Cat*****@gmail.com,83******76,successful,31999.7,2026-03
2343,441,Austin Bowman,104,8000.0,Shoes,Clothing,online,Bangalore,2025-01-11,2,UPI,0.05,Aus*****@gmail.com,95******27,successful,15999.95,2025-01
2345,890,Holly Mckay,103,1300.0,Shirt,Clothing,offline,Chennai,2026-01-28,5,Cash,0.3,Hol*****@yahoo.com,66******94,successful,6499.7,2026-01
2346,533,Andrew Riggs,108,,Mixer Grinder,Home Appliances,online,Chennai,2025-10-08,4,NetBanking,0.3,And*****@gmail.com,94******77,successful,,2025-10
2347,297,Susan Hill,103,1300.0,Shirt,Clothing,offline,Delhi,2025-07-26,2,NetBanking,0.05,Sus*****@outlook.com,69******63,successful,2599.95,2025-07
2348,911,Kelly Le,103,1300.0,Shirt,Cloth,offline,Delhi,2026-01-20,5,Card,0.35,Kel*****@outlook.com,68******69,successful,6499.65,2026-01
2350,864,Cameron Black,110,45000.0,Microwave,Home Appliances,offline,Chennai,2025-05-10,1,Cash,0.05,Cam*****@yahoo.com,99******77,successful,44999.95,2025-05
2351,135,Daniel Wallace,103,1300.0,Shirt,Clothing,online,Bangalore,2025-08-25,3,Card,0.15,Dan*****@yahoo.com,89******14,successful,3899.85,2025-08
2352,160,Eric Richardson,104,8000.0,Shoes,Clothing,offline,Bangalore,2025-08-09,4,Card,0.3,Eri*****@gmail.com,97******26,successful,31999.7,2025-08
2354,8,Francisco Suarez,104,8000.0,Shoes,Clothing,online,Hyderabad,2025-08-31,2,NetBanking,0.2,Fra*****@gmail.com,97******30,successful,15999.8,2025-08
2355,238,Zachary Hooper,103,1300.0,Shirt,Cloth,offline,Bangalore,2025-05-05,3,Card,0.25,Zac*****@gmail.com,79******12,successful,3899.75,2025-05
2356,432,Charles Nelson,102,70000.0,Phone,Elec,offline,Mumbai,2026-09-03,1,Card,0.3,Cha*****@yahoo.com,90******74,successful,69999.7,2026-09
2358,657,Carly Lucas,110,45000.0,Microwave,Home Appliances,offline,Hyderabad,2025-10-09,3,Card,0.2,Car*****@yahoo.com,74******85,successful,134999.8,2025-10
2359,329,William Jackson,108,,Mixer Grinder,Home Appliances,offline,Mumbai,2026-01-28,3,Card,0.3,Wil*****@outlook.com,78******06,successful,,2026-01
2360,661,Jennifer Cooper,102,70000.0,Phone,Elec,online,Chennai,2025-07-28,3,Cash,0.2,Jen*****@outlook.com,80******09,successful,209999.8,2025-07
2362,502,Amy Stewart,103,1300.0,Shirt,Clothing,offline,Delhi,2025-08-14,3,Cash,0.05,Amy*****@gmail.com,99******62,successful,3899.95,2025-08
2363,586,Michael Mason,105,,Tv,Elec,offline,Delhi,2026-01-15,2,NetBanking,0.2,Mic*****@outlook.com,70******72,successful,,2026-01
2364,167,Madison Gentry,109,65000.0,Refrigerator,Home Appliances,offline,Delhi,2025-07-14,4,Cash,0.2,Mad*****@yahoo.com,63******28,successful,259999.8,2025-07
2366,894,Felicia Rollins,110,45000.0,Microwave,Home,offline,Bangalore,2026-02-02,4,NetBanking,0.2,Fel*****@yahoo.com,88******95,successful,179999.8,2026-02
2367,347,David Medina,110,45000.0,Microwave,Home Appliances,offline,Delhi,2025-11-03,4,NetBanking,0.2,Dav*****@outlook.com,91******89,successful,179999.8,2025-11
2368,576,Angela Weiss,108,,Mixer Grinder,Home,offline,Delhi,2025-08-11,4,NetBanking,0.15,Ang*****@yahoo.com,64******39,successful,,2025-08
2369,424,Tiffany Williams,110,45000.0,Microwave,Home,offline,Chennai,2025-08-22,3,Cash,0.35,Tif*****@gmail.com,88******93,successful,134999.65,2025-08
2370,886,Ashley Gamble,108,15000.0,Mixer Grinder,Home Appliances,online,Bangalore,2025-09-24,1,NetBanking,0.1,Ash*****@gmail.com,72******16,successful,14999.9,2025-09
2372,446,Scott Smith,107,50000.0,Dining Table,Furniture,online,Bangalore,2025-10-31,5,NetBanking,0.3,Sco*****@gmail.com,85******83,successful,249999.7,2025-10
2373,549,Jacob Hopkins,110,,Microwave,Home Appliances,online,Bangalore,2026-04-05,4,Card,0.3,Jac*****@gmail.com,68******90,successful,,2026-04
2374,657,Carly Lucas,108,15000.0,Mixer Grinder,Home Appliances,offline,Hyderabad,2025-11-23,1,Card,0.4,Car*****@yahoo.com,74******85,successful,14999.6,2025-11
2377,727,Rodney Simmons,102,70000.0,Phone,Elec,offline,Bangalore,2025-08-07,2,Cash,0.4,Rod*****@outlook.com,77******82,successful,139999.6,2025-08
2378,184,Katherine Jones,104,8000.0,Shoes,Cloth,offline,Hyderabad,2025-06-28,4,Card,0.4,Kat*****@yahoo.com,89******38,successful,31999.6,2025-06
2379,748,Sabrina Hopkins,105,45000.0,Tv,Elec,offline,Chennai,2025-12-07,4,UPI,0.25,Sab*****@yahoo.com,71******90,successful,179999.75,2025-12
2380,74,David Alvarez,107,50000.0,Dining Table,Furniture,online,Delhi,2025-11-10,4,UPI,0.35,Dav*****@yahoo.com,95******42,successful,199999.65,2025-11
2381,72,Michael Wood,107,50000.0,Dining Table,Furniture,offline,Chennai,2025-08-29,4,NetBanking,0.4,Mic*****@gmail.com,83******77,successful,199999.6,2025-08
2382,624,Hannah Munoz,106,80000.0,Sofa,Furn,online,Chennai,2025-06-09,3,NetBanking,0.35,Han*****@yahoo.com,76******38,successful,239999.65,2025-06
2383,259,Kevin Ramirez,105,45000.0,Tv,Elec,online,Hyderabad,2025-12-27,2,NetBanking,0.2,Kev*****@outlook.com,86******85,successful,89999.8,2025-12
2384,162,Kirsten Thomas,109,65000.0,Refrigerator,Home,online,Hyderabad,2025-05-09,3,NetBanking,0.05,Kir*****@yahoo.com,97******18,successful,194999.95,2025-05
2385,398,Michele Sanchez,109,65000.0,Refrigerator,Home Appliances,online,Bangalore,2025-08-06,5,Cash,0.4,Mic*****@outlook.com,60******61,successful,324999.6,2025-08
2386,903,Susan Nicholson,108,,Mixer Grinder,Home Appliances,online,Mumbai,2025-07-17,1,Card,0.4,Sus*****@yahoo.com,96******59,successful,,2025-07
2387,476,Jill Bryant,109,65000.0,Refrigerator,Home,online,Hyderabad,2025-08-11,2,Card,0.15,Jil*****@gmail.com,68******21,successful,129999.85,2025-08
2390,400,Brenda Johnson,103,1300.0,Shirt,Cloth,offline,Chennai,2025-08-11,4,UPI,0.25,Bre*****@yahoo.com,79******93,successful,5199.75,2025-08
2391,9,Dillon Harris,109,65000.0,Refrigerator,Home,online,Mumbai,2025-05-18,4,Cash,0.2,Dil*****@gmail.com,84******06,successful,259999.8,2025-05
2392,825,Jose Rodriguez,105,45000.0,Tv,Elec,offline,Bangalore,2025-05-18,2,UPI,0.1,Jos*****@outlook.com,92******68,successful,89999.9,2025-05
2393,581,Lindsey Tran,108,15000.0,Mixer Grinder,Home Appliances,offline,Delhi,2025-11-21,4,Card,0.15,Lin*****@gmail.com,62******24,successful,59999.85,2025-11
2394,564,Spencer Davis,105,45000.0,Tv,Electronics,offline,Chennai,2025-06-27,4,UPI,0.15,Spe*****@gmail.com,97******11,successful,179999.85,2025-06
2395,564,Spencer Davis,106,80000.0,Sofa,Furniture,offline,Chennai,2026-03-14,5,Cash,0.2,Spe*****@gmail.com,97******11,successful,399999.8,2026-03
2396,135,Daniel Wallace,110,45000.0,Microwave,Home Appliances,offline,Bangalore,2025-10-31,3,UPI,0.15,Dan*****@yahoo.com,89******14,successful,134999.85,2025-10
2398,208,Matthew Berry,101,250000.0,Laptop,Electronics,online,Hyderabad,2026-01-02,3,Cash,0.3,Mat*****@gmail.com,88******27,successful,749999.7,2026-01
2400,652,Charles Fleming,108,15000.0,Mixer Grinder,Home Appliances,online,Delhi,2025-09-03,1,Cash,0.15,Cha*****@yahoo.com,73******99,successful,14999.85,2025-09
2401,193,Mary White,105,45000.0,Tv,Electronics,online,Bangalore,2025-12-19,1,NetBanking,0.1,Mar*****@yahoo.com,83******94,successful,44999.9,2025-12
2402,133,Christy Stone,108,15000.0,Mixer Grinder,Home Appliances,offline,Chennai,2026-01-02,4,UPI,0.05,Chr*****@outlook.com,64******00,successful,59999.95,2026-01
2403,384,Jeffrey Williams,101,250000.0,Laptop,Electronics,online,Mumbai,2025-10-19,4,Cash,0.2,Jef*****@outlook.com,66******49,successful,999999.8,2025-10
2406,143,Brian Johnson,106,80000.0,Sofa,Furn,offline,Chennai,2025-11-19,2,NetBanking,0.1,Bri*****@yahoo.com,64******31,successful,159999.9,2025-11
2407,869,Krystal Hudson,101,250000.0,Laptop,Electronics,offline,Mumbai,2025-08-16,3,Cash,0.4,Kry*****@yahoo.com,96******79,successful,749999.6,2025-08
2408,337,Cameron Myers,103,1300.0,Shirt,Clothing,offline,Chennai,2026-03-02,4,NetBanking,0.2,Cam*****@gmail.com,89******77,successful,5199.8,2026-03
2412,89,Joseph Davis,108,15000.0,Mixer Grinder,Home,online,Hyderabad,2026-04-03,2,UPI,0.4,Jos*****@yahoo.com,73******48,successful,29999.6,2026-04
2413,696,Kristen Lloyd,105,45000.0,Tv,Electronics,online,Mumbai,2025-08-09,2,Card,0.05,Kri*****@outlook.com,72******45,successful,89999.95,2025-08
2414,514,Joshua Cummings,101,250000.0,Laptop,Electronics,online,Chennai,2026-02-25,3,Cash,0.2,Jos*****@gmail.com,90******41,successful,749999.8,2026-02
2415,375,Jessica Harrell,105,45000.0,Tv,Elec,offline,Chennai,2025-12-23,2,UPI,0.4,Jes*****@gmail.com,61******67,successful,89999.6,2025-12
2416,904,Audrey Skinner,107,50000.0,Dining Table,Furniture,offline,Bangalore,2026-01-14,2,UPI,0.35,Aud*****@yahoo.com,65******73,successful,99999.65,2026-01
2418,487,Mark Thompson,104,8000.0,Shoes,Cloth,offline,Hyderabad,2025-08-04,1,NetBanking,0.4,Mar*****@yahoo.com,68******88,successful,7999.6,2025-08
2419,988,John Thomas,108,15000.0,Mixer Grinder,Home Appliances,offline,Delhi,2025-10-18,4,UPI,0.35,Joh*****@gmail.com,91******39,successful,59999.65,2025-10
2421,918,Grant Harris,109,65000.0,Refrigerator,Home Appliances,offline,Bangalore,2025-12-29,4,Cash,0.15,Gra*****@outlook.com,95******21,successful,259999.85,2025-12
2422,330,Don Thompson,109,65000.0,Refrigerator,Home Appliances,online,Hyderabad,2025-06-02,2,Cash,0.15,Don*****@outlook.com,86******14,successful,129999.85,2025-06
2423,248,Anthony Henry,106,80000.0,Sofa,Furniture,online,Hyderabad,2026-02-20,5,NetBanking,0.3,Ant*****@yahoo.com,70******30,successful,399999.7,2026-02
2424,640,Carrie Jacobson,102,70000.0,Phone,Elec,offline,Bangalore,2025-05-15,3,NetBanking,0.05,Car*****@outlook.com,72******07,successful,209999.95,2025-05
2425,14,Joseph Jones,108,15000.0,Mixer Grinder,Home,offline,Hyderabad,2026-01-02,3,UPI,0.3,Jos*****@gmail.com,89******82,successful,44999.7,2026-01
2426,243,Christian Martin,108,15000.0,Mixer Grinder,Home,offline,Delhi,2026-02-08,4,UPI,0.2,Chr*****@yahoo.com,63******62,successful,59999.8,2026-02
2429,724,Kimberly Winters,102,70000.0,Phone,Elec,offline,Chennai,2025-05-05,3,NetBanking,0.2,Kim*****@gmail.com,84******93,successful,209999.8,2025-05
2430,64,Sheri Osborne,104,8000.0,Shoes,Clothing,online,Mumbai,2026-09-04,2,UPI,0.1,She*****@gmail.com,75******75,successful,15999.9,2026-09
2431,761,Larry Yates,109,65000.0,Refrigerator,Home Appliances,online,Chennai,2026-03-12,1,NetBanking,0.3,Lar*****@gmail.com,63******57,successful,64999.7,2026-03
2432,824,Michael Vaughn,107,50000.0,Dining Table,Furniture,online,Chennai,2026-03-21,2,Card,0.25,Mic*****@outlook.com,80******45,successful,99999.75,2026-03
2434,361,Daniel Williams,107,50000.0,Dining Table,Furniture,offline,Delhi,2025-10-03,2,Cash,0.3,Dan*****@yahoo.com,98******66,successful,99999.7,2025-10
2435,370,Jessica Moreno,104,8000.0,Shoes,Cloth,online,Delhi,2025-09-19,3,Card,0.4,Jes*****@gmail.com,89******38,successful,23999.6,2025-09
2436,771,Matthew Greer,109,65000.0,Refrigerator,Home Appliances,online,Bangalore,2025-11-24,1,Cash,0.1,Mat*****@yahoo.com,82******12,successful,64999.9,2025-11
2437,326,Deborah Reyes,103,1300.0,Shirt,Clothing,offline,Delhi,2025-04-30,3,Card,0.1,Deb*****@outlook.com,73******57,successful,3899.9,2025-04
2438,4,Kelly Brown,105,45000.0,Tv,Elec,online,Chennai,2025-06-27,3,NetBanking,0.05,Kel*****@gmail.com,68******99,successful,134999.95,2025-06
2441,597,Paul Foster,107,50000.0,Dining Table,Furniture,online,Bangalore,2025-06-18,5,Card,0.1,Pau*****@gmail.com,86******74,successful,249999.9,2025-06
2443,778,Angela Park,108,15000.0,Mixer Grinder,Home,offline,Mumbai,2026-04-05,4,Card,0.05,Ang*****@outlook.com,73******96,successful,59999.95,2026-04
2446,611,Robert Lucas,107,50000.0,Dining Table,Furniture,online,Mumbai,2025-10-19,3,Card,0.35,Rob*****@gmail.com,69******73,successful,149999.65,2025-10
2447,113,Patricia Carlson,101,250000.0,Laptop,Electronics,offline,Delhi,2025-05-20,4,Cash,0.4,Pat*****@outlook.com,85******59,successful,999999.6,2025-05
2448,676,James Sanders,108,15000.0,Mixer Grinder,Home Appliances,online,Bangalore,2026-08-03,2,Card,0.15,Jam*****@gmail.com,87******46,successful,29999.85,2026-08
2449,907,Jeffrey Mccall,108,15000.0,Mixer Grinder,Home Appliances,offline,Hyderabad,2026-03-01,2,NetBanking,0.2,Jef*****@gmail.com,67******50,successful,29999.8,2026-03
2450,640,Carrie Jacobson,107,50000.0,Dining Table,Furn,online,Bangalore,2025-09-23,4,NetBanking,0.35,Car*****@outlook.com,72******07,successful,199999.65,2025-09
2451,991,Darlene Chapman,102,,Phone,Electronics,offline,Hyderabad,2026-01-16,3,NetBanking,0.4,Dar*****@gmail.com,81******95,successful,,2026-01
2452,574,Carl Barrera,104,8000.0,Shoes,Clothing,online,Bangalore,2025-08-14,4,Card,0.35,Car*****@outlook.com,62******75,successful,31999.65,2025-08
2453,707,Andrea Silva,108,15000.0,Mixer Grinder,Home Appliances,offline,Delhi,2026-03-11,2,Cash,0.3,And*****@gmail.com,62******15,successful,29999.7,2026-03
2454,153,Stephanie Hanna,110,45000.0,Microwave,Home,online,Hyderabad,2025-08-18,1,Cash,0.05,Ste*****@outlook.com,96******01,successful,44999.95,2025-08
2455,880,Miranda Frank,106,80000.0,Sofa,Furniture,online,Chennai,2025-07-30,2,Cash,0.35,Mir*****@yahoo.com,72******40,successful,159999.65,2025-07
2456,398,Michele Sanchez,110,45000.0,Microwave,Home Appliances,online,Bangalore,2025-08-12,3,Cash,0.15,Mic*****@outlook.com,60******61,successful,134999.85,2025-08
2457,790,Andrea Jimenez,105,45000.0,Tv,Electronics,online,Bangalore,2025-09-23,4,NetBanking,0.35,And*****@yahoo.com,86******03,successful,179999.65,2025-09
2458,384,Jeffrey Williams,110,45000.0,Microwave,Home Appliances,offline,Mumbai,2026-02-17,5,UPI,0.35,Jef*****@outlook.com,66******49,successful,224999.65,2026-02
2459,197,Gabriel Mills,101,250000.0,Laptop,Electronics,online,Mumbai,2025-04-19,4,NetBanking,0.4,Gab*****@gmail.com,84******37,successful,999999.6,2025-04
2461,885,Alexander Jacobs,104,8000.0,Shoes,Clothing,offline,Delhi,2025-04-22,4,NetBanking,0.3,Ale*****@yahoo.com,63******72,successful,31999.7,2025-04
2462,312,James Morales,110,45000.0,Microwave,Home Appliances,online,Bangalore,2025-09-10,2,NetBanking,0.4,Jam*****@yahoo.com,81******00,successful,89999.6,2025-09
2464,241,James Gonzales,101,,Laptop,Electronics,offline,Chennai,2025-05-02,4,NetBanking,0.05,Jam*****@gmail.com,60******28,successful,,2025-05
2465,693,Joseph Maldonado,107,50000.0,Dining Table,Furn,online,Delhi,2026-03-09,5,UPI,0.4,Jos*****@yahoo.com,80******57,successful,249999.6,2026-03
2466,576,Angela Weiss,108,15000.0,Mixer Grinder,Home Appliances,online,Delhi,2026-02-09,5,UPI,0.35,Ang*****@yahoo.com,64******39,successful,74999.65,2026-02
2467,798,Amber Murphy,110,45000.0,Microwave,Home Appliances,offline,Hyderabad,2025-05-05,1,Card,0.15,Amb*****@gmail.com,70******07,successful,44999.85,2025-05
2468,601,Mark Herrera,101,250000.0,Laptop,Electronics,online,Hyderabad,2026-02-04,2,UPI,0.1,Mar*****@gmail.com,83******78,successful,499999.9,2026-02
2470,443,Judy Patton,107,50000.0,Dining Table,Furniture,offline,Chennai,2026-02-20,3,Cash,0.1,Jud*****@yahoo.com,62******29,successful,149999.9,2026-02
2471,813,John Harris,108,15000.0,Mixer Grinder,Home Appliances,online,Chennai,2026-02-02,5,Card,0.35,Joh*****@gmail.com,95******48,successful,74999.65,2026-02
2472,347,David Medina,102,70000.0,Phone,Electronics,online,Delhi,2026-02-07,4,UPI,0.3,Dav*****@outlook.com,91******89,successful,279999.7,2026-02
2473,86,Rachel Gonzales,105,45000.0,Tv,Electronics,offline,Mumbai,2025-08-31,5,Cash,0.05,Rac*****@yahoo.com,64******51,successful,224999.95,2025-08
2474,664,Catherine Anderson,104,,Shoes,Clothing,offline,Bangalore,2026-02-20,2,NetBanking,0.05,Cat*****@gmail.com,92******01,successful,,2026-02
2475,934,Brandi Phillips,102,70000.0,Phone,Electronics,offline,Hyderabad,2025-05-05,1,Card,0.4,Bra*****@gmail.com,96******09,successful,69999.6,2025-05
2476,356,Larry Mercado,103,1300.0,Shirt,Clothing,online,Hyderabad,2025-12-18,4,Card,0.4,Lar*****@gmail.com,69******20,successful,5199.6,2025-12
2477,590,Christine Brown,105,45000.0,Tv,Electronics,offline,Bangalore,2025-05-31,5,NetBanking,0.4,Chr*****@gmail.com,99******53,successful,224999.6,2025-05
2478,28,Nicholas Carroll,109,65000.0,Refrigerator,Home Appliances,online,Chennai,2025-11-13,1,UPI,0.3,Nic*****@gmail.com,93******42,successful,64999.7,2025-11
2479,300,Tiffany Miller,104,8000.0,Shoes,Clothing,offline,Hyderabad,2025-09-21,4,UPI,0.05,Tif*****@outlook.com,68******97,successful,31999.95,2025-09
2480,289,Kelly Powell,104,8000.0,Shoes,Cloth,online,Bangalore,2025-08-25,3,NetBanking,0.25,Kel*****@gmail.com,90******44,successful,23999.75,2025-08
2481,220,Maria Walker,106,80000.0,Sofa,Furn,online,Bangalore,2025-05-29,2,Cash,0.15,Mar*****@gmail.com,73******10,successful,159999.85,2025-05
2482,667,Kelsey Mendoza,109,65000.0,Refrigerator,Home,online,Bangalore,2025-10-29,4,NetBanking,0.2,Kel*****@outlook.com,75******12,successful,259999.8,2025-10
2483,482,Nathaniel Montes,101,250000.0,Laptop,Elec,online,Chennai,2025-07-01,3,Card,0.25,Nat*****@gmail.com,77******12,successful,749999.75,2025-07
2484,560,Anthony Lawrence,106,80000.0,Sofa,Furniture,online,Hyderabad,2026-02-11,3,Cash,0.35,Ant*****@gmail.com,75******87,successful,239999.65,2026-02
2485,386,Brittney Moreno,106,80000.0,Sofa,Furniture,online,Chennai,2026-01-13,3,Cash,0.05,Bri*****@yahoo.com,95******69,successful,239999.95,2026-01
2486,562,Breanna Fletcher,101,250000.0,Laptop,Electronics,offline,Chennai,2026-03-10,3,NetBanking,0.3,Bre*****@outlook.com,75******07,successful,749999.7,2026-03
2487,140,Aaron Black,102,70000.0,Phone,Elec,online,Chennai,2026-04-10,1,Card,0.2,Aar*****@gmail.com,66******59,successful,69999.8,2026-04
2488,17,Duane Hall,106,80000.0,Sofa,Furniture,online,Bangalore,2026-03-26,2,Cash,0.4,Dua*****@outlook.com,74******49,successful,159999.6,2026-03
2489,1000,Shannon Haley,108,15000.0,Mixer Grinder,Home Appliances,online,Bangalore,2025-10-29,3,Cash,0.25,Sha*****@gmail.com,76******01,successful,44999.75,2025-10
2490,390,Erika Knight,105,45000.0,Tv,Electronics,offline,Mumbai,2025-11-30,5,Card,0.05,Eri*****@gmail.com,88******25,successful,224999.95,2025-11
2491,463,Kevin Cruz,103,1300.0,Shirt,Cloth,online,Delhi,2025-07-01,5,Card,0.1,Kev*****@gmail.com,80******73,successful,6499.9,2025-07
2492,937,Nicole Woods,106,80000.0,Sofa,Furniture,offline,Mumbai,2025-12-31,4,UPI,0.35,Nic*****@yahoo.com,93******75,successful,319999.65,2025-12
2494,568,Joshua Collins,103,,Shirt,Clothing,offline,Mumbai,2025-07-07,2,UPI,0.15,Jos*****@gmail.com,81******49,successful,,2025-07
2495,215,Crystal Aguilar,103,1300.0,Shirt,Clothing,offline,Mumbai,2025-10-12,1,NetBanking,0.1,Cry*****@gmail.com,61******10,successful,1299.9,2025-10
2496,373,William Goodman,108,,Mixer Grinder,Home,online,Mumbai,2025-06-18,4,Cash,0.15,Wil*****@outlook.com,86******53,successful,,2025-06
2497,472,Christian Jennings,109,65000.0,Refrigerator,Home Appliances,offline,Chennai,2026-12-02,2,Card,0.15,Chr*****@outlook.com,67******40,successful,129999.85,2026-12
2498,722,Alejandro Wagner,107,50000.0,Dining Table,Furniture,offline,Bangalore,2026-01-13,2,Cash,0.15,Ale*****@outlook.com,78******95,successful,99999.85,2026-01
2499,60,Kathleen Moreno,110,45000.0,Microwave,Home Appliances,offline,Bangalore,2025-07-14,2,Card,0.05,Kat*****@gmail.com,95******55,successful,89999.95,2025-07
2500,875,Jennifer Smith,101,250000.0,Laptop,Electronics,offline,Delhi,2025-08-05,1,NetBanking,0.05,Jen*****@gmail.com,64******29,successful,249999.95,2025-08
2501,435,Wendy Robinson,110,45000.0,Microwave,Home Appliances,online,Delhi,2025-07-07,5,NetBanking,0.3,Wen*****@gmail.com,78******54,successful,224999.7,2025-07
2502,453,Sarah Brown,103,1300.0,Shirt,Cloth,offline,Delhi,2026-02-27,5,UPI,0.15,Sar*****@gmail.com,99******41,successful,6499.85,2026-02
2503,493,Stacy Bass,105,45000.0,Tv,Elec,offline,Hyderabad,2025-11-14,4,Cash,0.4,Sta*****@yahoo.com,82******30,successful,179999.6,2025-11
2508,870,Thomas Morris,104,8000.0,Shoes,Clothing,online,Bangalore,2025-08-10,1,Cash,0.3,Tho*****@yahoo.com,81******19,successful,7999.7,2025-08
2510,949,Madison Goodwin,109,65000.0,Refrigerator,Home,offline,Bangalore,2025-12-04,4,Cash,0.3,Mad*****@yahoo.com,85******93,successful,259999.7,2025-12
2511,564,Spencer Davis,108,15000.0,Mixer Grinder,Home Appliances,online,Chennai,2025-12-04,2,UPI,0.35,Spe*****@gmail.com,97******11,successful,29999.65,2025-12
2513,649,Carrie Johnson,104,8000.0,Shoes,Cloth,online,Bangalore,2025-07-12,2,NetBanking,0.35,Car*****@gmail.com,61******44,successful,15999.65,2025-07
2514,775,Roy Chavez,105,45000.0,Tv,Elec,offline,Chennai,2025-12-11,4,Card,0.2,Roy*****@gmail.com,75******10,successful,179999.8,2025-12
2515,609,David Adams,102,70000.0,Phone,Elec,online,Delhi,2026-03-06,5,Card,0.35,Dav*****@outlook.com,90******22,successful,349999.65,2026-03
2516,644,John Parrish,105,,Tv,Elec,online,Delhi,2025-04-26,5,Card,0.3,Joh*****@gmail.com,70******81,successful,,2025-04
2518,107,Cory Tyler,107,,Dining Table,Furniture,online,Chennai,2025-05-27,5,UPI,0.35,Cor*****@outlook.com,72******13,successful,,2025-05
2519,515,Amy Lee,110,45000.0,Microwave,Home Appliances,offline,Chennai,2025-04-17,5,UPI,0.15,Amy*****@yahoo.com,66******56,successful,224999.85,2025-04
2520,838,Susan Torres,102,70000.0,Phone,Elec,online,Chennai,2025-05-12,4,UPI,0.1,Sus*****@outlook.com,87******26,successful,279999.9,2025-05
2521,678,David Barnett,109,,Refrigerator,Home,offline,Delhi,2025-12-12,4,UPI,0.2,Dav*****@yahoo.com,61******72,successful,,2025-12
2522,817,Nicole Ross,110,45000.0,Microwave,Home,online,Chennai,2026-01-08,4,Cash,0.4,Nic*****@gmail.com,82******66,successful,179999.6,2026-01
2523,368,Emily Scott,102,70000.0,Phone,Electronics,online,Mumbai,2025-11-27,5,Cash,0.3,Emi*****@yahoo.com,91******34,successful,349999.7,2025-11
2524,189,Melinda Rodriguez,104,8000.0,Shoes,Clothing,offline,Chennai,2026-01-28,3,NetBanking,0.1,Mel*****@outlook.com,82******97,successful,23999.9,2026-01
2525,926,Lisa Reynolds,105,45000.0,Tv,Elec,online,Hyderabad,2025-09-07,3,NetBanking,0.1,Lis*****@gmail.com,89******40,successful,134999.9,2025-09
2526,921,Jessica Taylor,106,80000.0,Sofa,Furn,offline,Mumbai,2026-03-19,2,Card,0.2,Jes*****@outlook.com,97******82,successful,159999.8,2026-03
2527,51,Cory Ellis,109,65000.0,Refrigerator,Home Appliances,offline,Chennai,2025-11-10,3,NetBanking,0.05,Cor*****@gmail.com,79******22,successful,194999.95,2025-11
2528,377,Michael Black,103,1300.0,Shirt,Clothing,offline,Mumbai,2025-11-27,1,Card,0.25,Mic*****@gmail.com,60******02,successful,1299.75,2025-11
2529,466,Kyle Morris,105,45000.0,Tv,Electronics,offline,Delhi,2026-01-08,4,Card,0.3,Kyl*****@gmail.com,93******29,successful,179999.7,2026-01
2533,23,Rebecca Smith,103,1300.0,Shirt,Clothing,offline,Chennai,2026-04-11,2,Cash,0.4,Reb*****@gmail.com,97******40,successful,2599.6,2026-04
2534,951,Richard Miller,109,65000.0,Refrigerator,Home,offline,Mumbai,2026-03-20,1,Card,0.2,Ric*****@yahoo.com,71******79,successful,64999.8,2026-03
2535,358,Jasmin Anderson,107,50000.0,Dining Table,Furniture,online,Delhi,2025-04-24,2,Cash,0.1,Jas*****@gmail.com,78******92,successful,99999.9,2025-04
2536,853,James Guerrero,107,50000.0,Dining Table,Furniture,offline,Mumbai,2025-07-16,1,Cash,0.1,Jam*****@gmail.com,68******49,successful,49999.9,2025-07
2537,45,Tasha Baker,105,45000.0,Tv,Electronics,online,Delhi,2025-12-30,2,Card,0.2,Tas*****@gmail.com,75******43,successful,89999.8,2025-12
2538,862,Lisa Stewart,105,45000.0,Tv,Electronics,offline,Chennai,2025-06-10,4,Cash,0.35,Lis*****@gmail.com,74******95,successful,179999.65,2025-06
2539,431,Tracie Kim,105,45000.0,Tv,Electronics,offline,Bangalore,2025-08-04,1,Cash,0.1,Tra*****@yahoo.com,83******30,successful,44999.9,2025-08
2540,693,Joseph Maldonado,106,,Sofa,Furniture,online,Delhi,2025-12-10,4,UPI,0.2,Jos*****@yahoo.com,80******57,successful,,2025-12
2542,302,James Robles,102,70000.0,Phone,Elec,offline,Bangalore,2026-03-08,5,NetBanking,0.05,Jam*****@gmail.com,61******08,successful,349999.95,2026-03
2543,342,Jessica Fowler,104,8000.0,Shoes,Cloth,online,Hyderabad,2026-04-10,4,NetBanking,0.4,Jes*****@gmail.com,99******18,successful,31999.6,2026-04
2545,153,Stephanie Hanna,105,45000.0,Tv,Electronics,online,Hyderabad,2026-03-27,3,Cash,0.4,Ste*****@outlook.com,96******01,successful,134999.6,2026-03
2546,812,Chris Lane,109,65000.0,Refrigerator,Home Appliances,offline,Hyderabad,2025-10-29,4,UPI,0.2,Chr*****@yahoo.com,64******84,successful,259999.8,2025-10
2551,800,Ricardo Arnold,107,50000.0,Dining Table,Furniture,offline,Hyderabad,2025-06-08,1,UPI,0.15,Ric*****@outlook.com,95******77,successful,49999.85,2025-06
2552,223,Jocelyn Peterson,108,15000.0,Mixer Grinder,Home,online,Hyderabad,2025-12-27,3,Card,0.35,Joc*****@outlook.com,82******40,successful,44999.65,2025-12
2554,239,Tyler Greene,102,70000.0,Phone,Elec,offline,Delhi,2025-12-28,4,Card,0.3,Tyl*****@gmail.com,81******07,successful,279999.7,2025-12
2555,832,Carolyn Miller,103,1300.0,Shirt,Cloth,online,Delhi,2025-10-10,2,Cash,0.25,Car*****@outlook.com,70******84,successful,2599.75,2025-10
2556,660,Jessica Stephenson,102,70000.0,Phone,Elec,online,Hyderabad,2026-03-09,5,NetBanking,0.1,Jes*****@gmail.com,86******90,successful,349999.9,2026-03
2557,798,Amber Murphy,104,8000.0,Shoes,Cloth,online,Hyderabad,2025-04-30,2,Card,0.3,Amb*****@gmail.com,70******07,successful,15999.7,2025-04
2558,541,Melissa Perez,104,8000.0,Shoes,Clothing,offline,Delhi,2025-10-24,1,NetBanking,0.1,Mel*****@gmail.com,83******72,successful,7999.9,2025-10
2560,18,Allison Adams,107,,Dining Table,Furniture,offline,Mumbai,2025-11-28,3,Cash,0.05,All*****@gmail.com,62******99,successful,,2025-11
2561,728,Lisa Miller,103,1300.0,Shirt,Cloth,online,Chennai,2025-05-16,1,Card,0.1,Lis*****@gmail.com,87******95,successful,1299.9,2025-05
2562,730,Adam Maldonado,110,45000.0,Microwave,Home Appliances,online,Mumbai,2026-04-04,5,Cash,0.4,Ada*****@gmail.com,97******45,successful,224999.6,2026-04
2563,709,Mike Roberts,101,250000.0,Laptop,Electronics,offline,Hyderabad,2026-03-16,4,UPI,0.25,Mik*****@yahoo.com,77******92,successful,999999.75,2026-03
2564,710,April Moore,101,250000.0,Laptop,Electronics,online,Mumbai,2025-09-10,2,Card,0.1,Apr*****@gmail.com,97******76,successful,499999.9,2025-09
2565,878,Sarah Brown,101,250000.0,Laptop,Elec,offline,Chennai,2025-10-20,3,UPI,0.4,Sar*****@yahoo.com,97******98,successful,749999.6,2025-10
2566,866,Jasmine Guerrero,107,50000.0,Dining Table,Furniture,online,Hyderabad,2026-09-04,4,NetBanking,0.2,Jas*****@gmail.com,85******66,successful,199999.8,2026-09
2567,520,Holly Jackson,103,1300.0,Shirt,Clothing,online,Mumbai,2025-05-10,5,NetBanking,0.35,Hol*****@outlook.com,80******36,successful,6499.65,2025-05
2568,927,Bradley Sparks,110,45000.0,Microwave,Home Appliances,offline,Chennai,2025-06-02,1,UPI,0.1,Bra*****@gmail.com,82******14,successful,44999.9,2025-06
2569,814,Donna Bennett,101,250000.0,Laptop,Elec,online,Hyderabad,2025-02-06,2,UPI,0.3,Don*****@gmail.com,81******67,successful,499999.7,2025-02
2570,595,Jennifer Johnson,108,15000.0,Mixer Grinder,Home Appliances,online,Hyderabad,2026-10-02,1,UPI,0.25,Jen*****@yahoo.com,70******12,successful,14999.75,2026-10
2571,153,Stephanie Hanna,103,1300.0,Shirt,Clothing,offline,Hyderabad,2025-01-10,4,UPI,0.3,Ste*****@outlook.com,96******01,successful,5199.7,2025-01
2573,347,David Medina,107,50000.0,Dining Table,Furniture,online,Delhi,2025-09-10,5,Cash,0.3,Dav*****@outlook.com,91******89,successful,249999.7,2025-09
2574,153,Stephanie Hanna,104,8000.0,Shoes,Clothing,offline,Hyderabad,2026-03-12,5,UPI,0.05,Ste*****@outlook.com,96******01,successful,39999.95,2026-03
2576,531,Frances Hines,106,80000.0,Sofa,Furn,online,Bangalore,2025-10-05,5,UPI,0.1,Fra*****@gmail.com,71******78,successful,399999.9,2025-10
2578,885,Alexander Jacobs,108,15000.0,Mixer Grinder,Home Appliances,offline,Delhi,2025-06-17,4,Cash,0.35,Ale*****@yahoo.com,63******72,successful,59999.65,2025-06
2579,773,Gerald Cox,107,50000.0,Dining Table,Furniture,online,Mumbai,2025-08-14,4,Card,0.25,Ger*****@gmail.com,71******12,successful,199999.75,2025-08
2580,623,Amanda George,101,250000.0,Laptop,Elec,online,Chennai,2025-10-28,1,UPI,0.1,Ama*****@gmail.com,79******00,successful,249999.9,2025-10
2581,998,Joseph Perez,104,8000.0,Shoes,Clothing,online,Delhi,2025-07-06,3,UPI,0.05,Jos*****@gmail.com,64******36,successful,23999.95,2025-07
2584,594,Matthew Miranda,108,15000.0,Mixer Grinder,Home Appliances,online,Mumbai,2025-10-10,2,Card,0.35,Mat*****@gmail.com,74******83,successful,29999.65,2025-10
2585,242,James Pham,106,,Sofa,Furniture,offline,Hyderabad,2025-06-17,3,Cash,0.25,Jam*****@yahoo.com,97******50,successful,,2025-06
2586,592,Timothy Medina,103,1300.0,Shirt,Clothing,online,Delhi,2025-06-07,5,NetBanking,0.3,Tim*****@gmail.com,70******01,successful,6499.7,2025-06
2587,658,Douglas Sanders,105,45000.0,Tv,Elec,offline,Bangalore,2025-11-20,5,NetBanking,0.3,Dou*****@gmail.com,63******80,successful,224999.7,2025-11
2588,702,Robert Jackson,105,45000.0,Tv,Electronics,online,Delhi,2026-03-16,2,Card,0.15,Rob*****@gmail.com,81******38,successful,89999.85,2026-03
2589,904,Audrey Skinner,109,65000.0,Refrigerator,Home Appliances,offline,Bangalore,2025-10-16,5,UPI,0.4,Aud*****@yahoo.com,65******73,successful,324999.6,2025-10
2590,143,Brian Johnson,105,45000.0,Tv,Electronics,offline,Chennai,2025-12-03,2,NetBanking,0.05,Bri*****@yahoo.com,64******31,successful,89999.95,2025-12
2591,957,Justin Doyle,110,,Microwave,Home Appliances,offline,Delhi,2025-11-23,5,Card,0.25,Jus*****@gmail.com,93******06,successful,,2025-11
2592,309,Gary Allen,109,65000.0,Refrigerator,Home Appliances,offline,Delhi,2025-05-19,2,NetBanking,0.35,Gar*****@gmail.com,85******77,successful,129999.65,2025-05
2593,130,Bailey Smith,106,,Sofa,Furniture,online,Hyderabad,2026-02-10,5,UPI,0.2,Bai*****@outlook.com,95******53,successful,,2026-02
2594,705,Amy Brewer,110,45000.0,Microwave,Home Appliances,offline,Hyderabad,2025-08-25,2,Cash,0.1,Amy*****@yahoo.com,97******18,successful,89999.9,2025-08
2595,371,Janice Morris,109,65000.0,Refrigerator,Home Appliances,online,Mumbai,2025-07-05,1,UPI,0.05,Jan*****@gmail.com,98******60,successful,64999.95,2025-07
2596,550,Raymond Martinez,104,8000.0,Shoes,Clothing,offline,Chennai,2026-01-08,1,Cash,0.05,Ray*****@gmail.com,71******50,successful,7999.95,2026-01
2597,939,Megan Tran,105,45000.0,Tv,Elec,offline,Hyderabad,2026-01-05,4,NetBanking,0.3,Meg*****@outlook.com,85******84,successful,179999.7,2026-01
2598,539,Kari Austin,102,70000.0,Phone,Electronics,offline,Bangalore,2026-03-08,1,Cash,0.4,Kar*****@outlook.com,88******10,successful,69999.6,2026-03
2599,871,Joel Hall,105,45000.0,Tv,Electronics,online,Chennai,2025-08-07,5,Card,0.15,Joe*****@gmail.com,89******29,successful,224999.85,2025-08
2600,16,Cesar Dean,101,250000.0,Laptop,Electronics,online,Bangalore,2025-11-13,5,Cash,0.4,Ces*****@gmail.com,92******03,successful,1249999.6,2025-11
2601,681,Heather Williams,106,80000.0,Sofa,Furniture,offline,Mumbai,2025-10-08,3,Card,0.35,Hea*****@outlook.com,75******67,successful,239999.65,2025-10
2602,435,Wendy Robinson,108,15000.0,Mixer Grinder,Home Appliances,online,Delhi,2026-07-04,3,Cash,0.25,Wen*****@gmail.com,78******54,successful,44999.75,2026-07
2603,154,Michael Smith,110,45000.0,Microwave,Home,offline,Chennai,2025-08-10,5,Cash,0.1,Mic*****@yahoo.com,94******50,successful,224999.9,2025-08
2604,644,John Parrish,104,8000.0,Shoes,Clothing,offline,Delhi,2026-03-05,5,Cash,0.35,Joh*****@gmail.com,70******81,successful,39999.65,2026-03
2606,459,Jason Moreno,109,65000.0,Refrigerator,Home,online,Mumbai,2025-07-10,4,Card,0.05,Jas*****@gmail.com,67******01,successful,259999.95,2025-07
2607,246,Franklin Carlson,103,,Shirt,Clothing,online,Delhi,2026-01-15,3,Card,0.15,Fra*****@yahoo.com,81******77,successful,,2026-01
2609,900,Gary Phillips,104,,Shoes,Clothing,offline,Bangalore,2025-09-21,3,NetBanking,0.15,Gar*****@yahoo.com,87******46,successful,,2025-09
2610,148,Christopher Shepherd,105,45000.0,Tv,Electronics,offline,Hyderabad,2025-10-05,3,NetBanking,0.25,Chr*****@gmail.com,98******50,successful,134999.75,2025-10
2611,471,Jamie Kelly,104,8000.0,Shoes,Clothing,offline,Chennai,2025-08-06,1,NetBanking,0.4,Jam*****@gmail.com,65******15,successful,7999.6,2025-08
2612,588,Casey Edwards,105,45000.0,Tv,Electronics,offline,Delhi,2026-02-23,4,Cash,0.05,Cas*****@gmail.com,62******45,successful,179999.95,2026-02
2613,45,Tasha Baker,102,70000.0,Phone,Electronics,offline,Delhi,2025-06-15,2,Card,0.1,Tas*****@gmail.com,75******43,successful,139999.9,2025-06
2614,253,Emily Rodriguez,109,65000.0,Refrigerator,Home Appliances,offline,Delhi,2025-12-01,5,UPI,0.1,Emi*****@gmail.com,95******45,successful,324999.9,2025-12
2615,421,Rebecca Holland,109,65000.0,Refrigerator,Home Appliances,offline,Delhi,2026-05-01,5,Card,0.25,Reb*****@gmail.com,61******60,successful,324999.75,2026-05
2616,93,Judith Sanchez,107,50000.0,Dining Table,Furniture,offline,Mumbai,2025-10-16,5,UPI,0.15,Jud*****@yahoo.com,84******76,successful,249999.85,2025-10
2617,945,Misty Parker,105,45000.0,Tv,Electronics,online,Hyderabad,2025-09-03,4,UPI,0.1,Mis*****@gmail.com,60******45,successful,179999.9,2025-09
2618,43,Jennifer Frye,103,1300.0,Shirt,Clothing,online,Chennai,2025-05-26,3,Cash,0.05,Jen*****@outlook.com,84******95,successful,3899.95,2025-05
2622,881,Sarah Guerrero,107,50000.0,Dining Table,Furniture,offline,Bangalore,2025-06-21,3,UPI,0.15,Sar*****@yahoo.com,71******11,successful,149999.85,2025-06
2623,144,Amber Boyd,109,65000.0,Refrigerator,Home,online,Mumbai,2026-08-03,3,Cash,0.2,Amb*****@gmail.com,91******81,successful,194999.8,2026-08
2624,504,Victor Hendricks,102,70000.0,Phone,Electronics,online,Mumbai,2025-06-06,4,NetBanking,0.05,Vic*****@gmail.com,65******07,successful,279999.95,2025-06
2626,703,David Austin,109,,Refrigerator,Home,online,Delhi,2026-03-30,4,Cash,0.35,Dav*****@yahoo.com,68******95,successful,,2026-03
2627,502,Amy Stewart,104,8000.0,Shoes,Cloth,offline,Delhi,2025-11-15,3,Cash,0.05,Amy*****@gmail.com,99******62,successful,23999.95,2025-11
2629,172,Daniel Smith,107,50000.0,Dining Table,Furniture,online,Delhi,2026-02-06,2,NetBanking,0.1,Dan*****@gmail.com,65******79,successful,99999.9,2026-02
2630,377,Michael Black,110,45000.0,Microwave,Home Appliances,online,Mumbai,2025-12-08,1,UPI,0.05,Mic*****@gmail.com,60******02,successful,44999.95,2025-12
2631,888,Jade Garza,104,8000.0,Shoes,Cloth,offline,Hyderabad,2025-08-13,1,Cash,0.4,Jad*****@outlook.com,67******23,successful,7999.6,2025-08
2632,52,David Hernandez,109,65000.0,Refrigerator,Home Appliances,online,Mumbai,2025-06-09,1,Card,0.35,Dav*****@gmail.com,93******99,successful,64999.65,2025-06
2633,465,Heather Walker,107,50000.0,Dining Table,Furniture,online,Hyderabad,2025-11-20,2,UPI,0.15,Hea*****@gmail.com,89******02,successful,99999.85,2025-11
2634,463,Kevin Cruz,107,50000.0,Dining Table,Furn,offline,Delhi,2025-09-05,3,NetBanking,0.2,Kev*****@gmail.com,80******73,successful,149999.8,2025-09
2635,260,Cynthia Fields,106,80000.0,Sofa,Furniture,offline,Chennai,2025-03-12,5,NetBanking,0.4,Cyn*****@gmail.com,68******11,successful,399999.6,2025-03
2637,312,James Morales,110,45000.0,Microwave,Home Appliances,online,Bangalore,2026-04-01,5,UPI,0.2,Jam*****@yahoo.com,81******00,successful,224999.8,2026-04
2639,604,Craig Miller,107,50000.0,Dining Table,Furniture,offline,Chennai,2026-04-08,3,NetBanking,0.2,Cra*****@outlook.com,68******47,successful,149999.8,2026-04
2640,277,Robert Baker,101,,Laptop,Electronics,online,Hyderabad,2025-04-27,2,Card,0.3,Rob*****@gmail.com,91******51,successful,,2025-04
2642,273,John Evans,101,250000.0,Laptop,Elec,offline,Hyderabad,2026-12-04,4,NetBanking,0.05,Joh*****@outlook.com,99******99,successful,999999.95,2026-12
2643,647,Michelle Conway,103,1300.0,Shirt,Clothing,offline,Chennai,2025-04-16,2,NetBanking,0.05,Mic*****@yahoo.com,90******05,successful,2599.95,2025-04
2644,337,Cameron Myers,106,80000.0,Sofa,Furniture,offline,Chennai,2026-04-14,5,NetBanking,0.05,Cam*****@gmail.com,89******77,successful,399999.95,2026-04
2645,680,Benjamin Anderson,106,,Sofa,Furniture,offline,Delhi,2025-03-05,3,Card,0.4,Ben*****@yahoo.com,70******12,successful,,2025-03
2647,582,Kristin Bradley,106,80000.0,Sofa,Furniture,online,Hyderabad,2025-10-03,3,NetBanking,0.2,Kri*****@gmail.com,74******44,successful,239999.8,2025-10
2648,959,Andrea Bailey,102,70000.0,Phone,Electronics,online,Chennai,2025-12-08,3,Card,0.1,And*****@gmail.com,67******07,successful,209999.9,2025-12
2649,440,Tracy Sheppard,105,45000.0,Tv,Elec,offline,Hyderabad,2025-07-02,4,NetBanking,0.35,Tra*****@gmail.com,65******96,successful,179999.65,2025-07
2651,565,Craig Moore,103,1300.0,Shirt,Cloth,online,Mumbai,2025-11-07,5,Cash,0.05,Cra*****@gmail.com,99******11,successful,6499.95,2025-11
2653,928,Katherine Oneal,110,45000.0,Microwave,Home,online,Bangalore,2026-01-05,2,Cash,0.4,Kat*****@gmail.com,87******22,successful,89999.6,2026-01
2655,569,Lindsay Levine,106,80000.0,Sofa,Furniture,online,Mumbai,2025-12-05,4,UPI,0.1,Lin*****@gmail.com,61******18,successful,319999.9,2025-12
2656,478,Crystal Mejia,104,,Shoes,Cloth,online,Mumbai,2025-12-15,4,Cash,0.35,Cry*****@outlook.com,84******87,successful,,2025-12
2657,196,Mary Hicks,109,,Refrigerator,Home Appliances,online,Chennai,2026-03-11,2,NetBanking,0.25,Mar*****@gmail.com,78******72,successful,,2026-03
2658,109,Michael Walker,102,70000.0,Phone,Electronics,offline,Mumbai,2026-03-11,3,UPI,0.25,Mic*****@yahoo.com,99******71,successful,209999.75,2026-03
2659,918,Grant Harris,107,50000.0,Dining Table,Furniture,online,Bangalore,2025-10-31,4,Cash,0.1,Gra*****@outlook.com,95******21,successful,199999.9,2025-10
2660,735,Elizabeth Kemp,109,,Refrigerator,Home,offline,Bangalore,2025-10-31,2,Card,0.2,Eli*****@yahoo.com,65******68,successful,,2025-10
2661,715,Rachel Hogan,108,15000.0,Mixer Grinder,Home Appliances,offline,Delhi,2025-11-06,2,Cash,0.05,Rac*****@yahoo.com,81******77,successful,29999.95,2025-11
2662,688,Peter Chavez,107,50000.0,Dining Table,Furniture,offline,Mumbai,2025-08-12,1,UPI,0.35,Pet*****@outlook.com,88******48,successful,49999.65,2025-08
2663,44,John Saunders,107,,Dining Table,Furniture,online,Mumbai,2026-03-10,4,NetBanking,0.4,Joh*****@outlook.com,98******26,successful,,2026-03
2664,29,Leah Dunn,103,1300.0,Shirt,Clothing,offline,Hyderabad,2025-09-05,3,UPI,0.1,Lea*****@outlook.com,77******79,successful,3899.9,2025-09
2665,321,Chris Garcia,110,45000.0,Microwave,Home Appliances,offline,Mumbai,2025-01-09,3,Cash,0.1,Chr*****@outlook.com,98******95,successful,134999.9,2025-01
2666,912,Brian Randall,110,45000.0,Microwave,Home Appliances,offline,Mumbai,2025-08-08,1,Cash,0.4,Bri*****@yahoo.com,76******66,successful,44999.6,2025-08
2667,960,Michaela Brown,106,80000.0,Sofa,Furn,offline,Delhi,2025-09-27,5,Cash,0.2,Mic*****@yahoo.com,98******42,successful,399999.8,2025-09
2668,11,James Leblanc,106,80000.0,Sofa,Furn,offline,Delhi,2025-08-19,3,Cash,0.1,Jam*****@gmail.com,82******60,successful,239999.9,2025-08
2669,224,Benjamin Reyes,101,250000.0,Laptop,Elec,online,Mumbai,2026-02-20,5,Cash,0.25,Ben*****@gmail.com,77******09,successful,1249999.75,2026-02
2670,750,Kristi Blackwell,101,250000.0,Laptop,Electronics,offline,Hyderabad,2025-10-28,3,NetBanking,0.4,Kri*****@yahoo.com,77******01,successful,749999.6,2025-10
2671,894,Felicia Rollins,106,80000.0,Sofa,Furniture,offline,Bangalore,2025-07-31,1,NetBanking,0.25,Fel*****@yahoo.com,88******95,successful,79999.75,2025-07
2672,652,Charles Fleming,110,45000.0,Microwave,Home Appliances,offline,Delhi,2026-01-21,1,NetBanking,0.2,Cha*****@yahoo.com,73******99,successful,44999.8,2026-01
2673,864,Cameron Black,110,45000.0,Microwave,Home,offline,Chennai,2026-02-22,4,Card,0.25,Cam*****@yahoo.com,99******77,successful,179999.75,2026-02
2675,504,Victor Hendricks,105,45000.0,Tv,Electronics,offline,Mumbai,2025-05-02,3,Cash,0.05,Vic*****@gmail.com,65******07,successful,134999.95,2025-05
2676,67,Jamie Harvey,107,50000.0,Dining Table,Furn,offline,Chennai,2025-09-21,4,Cash,0.3,Jam*****@gmail.com,74******28,successful,199999.7,2025-09
2678,542,Angela Martin,109,65000.0,Refrigerator,Home Appliances,online,Chennai,2025-12-23,1,NetBanking,0.3,Ang*****@outlook.com,66******87,successful,64999.7,2025-12
2679,616,Misty Gregory,103,1300.0,Shirt,Cloth,offline,Bangalore,2025-10-14,4,Card,0.3,Mis*****@gmail.com,72******56,successful,5199.7,2025-10
2680,640,Carrie Jacobson,106,80000.0,Sofa,Furniture,online,Bangalore,2025-05-31,3,Cash,0.1,Car*****@outlook.com,72******07,successful,239999.9,2025-05
2682,299,Megan Harris,102,,Phone,Electronics,offline,Chennai,2026-01-11,4,NetBanking,0.4,Meg*****@gmail.com,67******34,successful,,2026-01
2683,259,Kevin Ramirez,107,50000.0,Dining Table,Furniture,offline,Hyderabad,2025-05-31,2,Card,0.35,Kev*****@outlook.com,86******85,successful,99999.65,2025-05
2686,911,Kelly Le,103,1300.0,Shirt,Clothing,online,Delhi,2026-04-08,5,Card,0.05,Kel*****@outlook.com,68******69,successful,6499.95,2026-04
2687,940,Nicole Briggs,102,70000.0,Phone,Electronics,online,Chennai,2025-12-18,2,Card,0.25,Nic*****@gmail.com,66******93,successful,139999.75,2025-12
2688,515,Amy Lee,103,1300.0,Shirt,Clothing,offline,Chennai,2025-04-19,1,Cash,0.05,Amy*****@yahoo.com,66******56,successful,1299.95,2025-04
2689,408,Hannah Russell,103,1300.0,Shirt,Cloth,offline,Hyderabad,2026-01-02,3,Cash,0.3,Han*****@yahoo.com,97******08,successful,3899.7,2026-01
2690,302,James Robles,108,15000.0,Mixer Grinder,Home,offline,Bangalore,2025-07-08,4,UPI,0.25,Jam*****@gmail.com,61******08,successful,59999.75,2025-07
2691,761,Larry Yates,110,45000.0,Microwave,Home,offline,Chennai,2025-06-05,5,Cash,0.4,Lar*****@gmail.com,63******57,successful,224999.6,2025-06
2692,432,Charles Nelson,110,,Microwave,Home Appliances,offline,Mumbai,2025-07-28,5,Card,0.05,Cha*****@yahoo.com,90******74,successful,,2025-07
2693,290,Megan Carter,106,80000.0,Sofa,Furniture,offline,Chennai,2025-08-28,4,Card,0.25,Meg*****@yahoo.com,62******23,successful,319999.75,2025-08
2694,193,Mary White,105,45000.0,Tv,Electronics,online,Bangalore,2025-08-11,3,UPI,0.35,Mar*****@yahoo.com,83******94,successful,134999.65,2025-08
2696,15,Robin Ray,101,250000.0,Laptop,Elec,offline,Chennai,2025-07-21,4,Card,0.1,Rob*****@outlook.com,66******48,successful,999999.9,2025-07
2697,835,Juan Watkins,108,,Mixer Grinder,Home,online,Delhi,2025-07-28,3,Card,0.35,Jua*****@outlook.com,79******80,successful,,2025-07
2699,234,Kristin Taylor,109,65000.0,Refrigerator,Home,online,Delhi,2025-07-15,3,Card,0.35,Kri*****@outlook.com,61******10,successful,194999.65,2025-07
2700,363,Leonard Travis,109,65000.0,Refrigerator,Home Appliances,online,Delhi,2026-03-24,2,NetBanking,0.15,Leo*****@gmail.com,90******72,successful,129999.85,2026-03
2701,186,Dawn Garrett,101,250000.0,Laptop,Elec,online,Chennai,2025-07-22,3,Cash,0.15,Daw*****@gmail.com,96******01,successful,749999.85,2025-07
2702,16,Cesar Dean,110,45000.0,Microwave,Home Appliances,online,Bangalore,2025-12-25,4,NetBanking,0.05,Ces*****@gmail.com,92******03,successful,179999.95,2025-12
2705,296,Katherine Frazier,102,70000.0,Phone,Electronics,offline,Bangalore,2025-10-12,3,UPI,0.4,Kat*****@yahoo.com,72******97,successful,209999.6,2025-10
2706,951,Richard Miller,105,45000.0,Tv,Electronics,online,Mumbai,2026-02-12,4,Card,0.05,Ric*****@yahoo.com,71******79,successful,179999.95,2026-02
2707,689,Kevin Davis,102,,Phone,Elec,online,Bangalore,2026-03-06,5,NetBanking,0.35,Kev*****@gmail.com,61******78,successful,,2026-03
2708,846,Chris Garcia,109,65000.0,Refrigerator,Home Appliances,online,Hyderabad,2025-05-11,5,Card,0.35,Chr*****@yahoo.com,86******91,successful,324999.65,2025-05
2709,100,Thomas Walker,104,,Shoes,Clothing,online,Delhi,2025-05-30,5,Card,0.4,Tho*****@yahoo.com,64******24,successful,,2025-05
2711,728,Lisa Miller,102,70000.0,Phone,Electronics,offline,Chennai,2025-07-09,1,NetBanking,0.05,Lis*****@gmail.com,87******95,successful,69999.95,2025-07
2712,230,Jose Guerrero,108,15000.0,Mixer Grinder,Home Appliances,offline,Hyderabad,2026-12-03,2,Cash,0.15,Jos*****@gmail.com,72******76,successful,29999.85,2026-12
2713,881,Sarah Guerrero,102,,Phone,Electronics,offline,Bangalore,2026-05-04,5,NetBanking,0.2,Sar*****@yahoo.com,71******11,successful,,2026-05
2714,894,Felicia Rollins,105,45000.0,Tv,Electronics,online,Bangalore,2026-02-16,5,Cash,0.35,Fel*****@yahoo.com,88******95,successful,224999.65,2026-02
2715,106,James Pham,102,70000.0,Phone,Electronics,offline,Chennai,2025-09-26,3,Card,0.15,Jam*****@gmail.com,89******47,successful,209999.85,2025-09
2716,54,Jessica Hernandez,101,250000.0,Laptop,Elec,offline,Hyderabad,2025-12-14,1,Card,0.4,Jes*****@outlook.com,71******54,successful,249999.6,2025-12
2718,131,Pamela Peterson,103,1300.0,Shirt,Cloth,online,Bangalore,2025-10-08,5,Cash,0.35,Pam*****@gmail.com,65******47,successful,6499.65,2025-10
2719,647,Michelle Conway,108,15000.0,Mixer Grinder,Home Appliances,online,Chennai,2025-04-16,4,NetBanking,0.3,Mic*****@yahoo.com,90******05,successful,59999.7,2025-04
2720,933,Zachary Khan,101,250000.0,Laptop,Elec,online,Bangalore,2026-04-03,4,NetBanking,0.15,Zac*****@gmail.com,93******81,successful,999999.85,2026-04
2721,43,Jennifer Frye,101,250000.0,Laptop,Elec,online,Chennai,2026-01-01,4,Card,0.35,Jen*****@outlook.com,84******95,successful,999999.65,2026-01
2722,261,Ronnie Martin,110,45000.0,Microwave,Home Appliances,offline,Bangalore,2025-03-05,4,NetBanking,0.05,Ron*****@yahoo.com,84******60,successful,179999.95,2025-03
2724,265,Frederick Ortiz,105,45000.0,Tv,Elec,offline,Bangalore,2025-10-06,4,UPI,0.4,Fre*****@yahoo.com,87******54,successful,179999.6,2025-10
2726,296,Katherine Frazier,101,250000.0,Laptop,Elec,online,Bangalore,2026-01-16,2,UPI,0.35,Kat*****@yahoo.com,72******97,successful,499999.65,2026-01
2728,779,Daniel Nielsen,105,45000.0,Tv,Electronics,offline,Chennai,2025-06-11,4,NetBanking,0.4,Dan*****@gmail.com,62******07,successful,179999.6,2025-06
2729,189,Melinda Rodriguez,106,80000.0,Sofa,Furn,offline,Chennai,2025-04-28,4,Card,0.05,Mel*****@outlook.com,82******97,successful,319999.95,2025-04
2730,845,Sara Smith,108,15000.0,Mixer Grinder,Home Appliances,online,Chennai,2025-04-26,5,UPI,0.15,Sar*****@outlook.com,61******26,successful,74999.85,2025-04
2732,338,Lisa Garrison,103,1300.0,Shirt,Cloth,online,Delhi,2025-04-26,5,Card,0.35,Lis*****@outlook.com,67******37,successful,6499.65,2025-04
2733,822,Christine Rivera,103,1300.0,Shirt,Cloth,offline,Hyderabad,2025-05-26,2,Cash,0.05,Chr*****@yahoo.com,66******21,successful,2599.95,2025-05
2734,59,Mathew Jackson,102,70000.0,Phone,Electronics,offline,Hyderabad,2026-03-22,2,Card,0.15,Mat*****@gmail.com,74******08,successful,139999.85,2026-03
2736,98,Cindy Mueller,109,65000.0,Refrigerator,Home Appliances,offline,Chennai,2026-01-27,1,NetBanking,0.15,Cin*****@outlook.com,72******89,successful,64999.85,2026-01
2737,727,Rodney Simmons,101,250000.0,Laptop,Electronics,offline,Bangalore,2026-03-27,2,Card,0.4,Rod*****@outlook.com,77******82,successful,499999.6,2026-03
2738,190,Heather Martinez,107,50000.0,Dining Table,Furn,offline,Chennai,2026-03-11,1,UPI,0.35,Hea*****@gmail.com,93******76,successful,49999.65,2026-03
2739,192,Nina Robinson,104,8000.0,Shoes,Clothing,online,Bangalore,2026-04-01,4,Card,0.4,Nin*****@gmail.com,62******16,successful,31999.6,2026-04
2740,699,Kristin Hawkins,102,70000.0,Phone,Electronics,online,Mumbai,2026-03-16,4,Card,0.15,Kri*****@yahoo.com,62******16,successful,279999.85,2026-03
2742,519,Kylie Ferguson,106,80000.0,Sofa,Furniture,online,Bangalore,2026-02-08,3,Card,0.3,Kyl*****@yahoo.com,92******78,successful,239999.7,2026-02
2743,896,Tara Church,108,15000.0,Mixer Grinder,Home Appliances,online,Mumbai,2026-04-09,3,Cash,0.25,Tar*****@yahoo.com,72******47,successful,44999.75,2026-04
2744,797,Anthony Martinez,102,70000.0,Phone,Electronics,online,Bangalore,2025-10-01,5,UPI,0.1,Ant*****@gmail.com,70******34,successful,349999.9,2025-10
2746,241,James Gonzales,108,15000.0,Mixer Grinder,Home Appliances,offline,Chennai,2025-08-03,1,UPI,0.1,Jam*****@gmail.com,60******28,successful,14999.9,2025-08
2748,569,Lindsay Levine,106,,Sofa,Furniture,online,Mumbai,2025-05-06,5,Cash,0.15,Lin*****@gmail.com,61******18,successful,,2025-05
2750,897,Johnathan Fox,103,1300.0,Shirt,Clothing,offline,Mumbai,2026-04-08,3,Card,0.15,Joh*****@gmail.com,67******77,successful,3899.85,2026-04
2751,501,Tammy Gomez,101,250000.0,Laptop,Elec,online,Bangalore,2025-05-17,5,Cash,0.2,Tam*****@yahoo.com,66******01,successful,1249999.8,2025-05
2752,140,Aaron Black,102,70000.0,Phone,Electronics,offline,Chennai,2025-07-12,2,UPI,0.3,Aar*****@gmail.com,66******59,successful,139999.7,2025-07
2753,715,Rachel Hogan,108,15000.0,Mixer Grinder,Home Appliances,online,Delhi,2026-02-04,2,UPI,0.15,Rac*****@yahoo.com,81******77,successful,29999.85,2026-02
2754,628,Kelly Turner,102,70000.0,Phone,Elec,online,Chennai,2026-01-31,4,UPI,0.3,Kel*****@gmail.com,81******26,successful,279999.7,2026-01
2755,190,Heather Martinez,110,45000.0,Microwave,Home,online,Chennai,2025-06-22,1,NetBanking,0.1,Hea*****@gmail.com,93******76,successful,44999.9,2025-06
2756,97,Joseph Nolan,101,250000.0,Laptop,Electronics,offline,Bangalore,2026-03-13,5,UPI,0.4,Jos*****@outlook.com,95******93,successful,1249999.6,2026-03
2757,557,Joseph Cowan,110,45000.0,Microwave,Home Appliances,offline,Hyderabad,2026-03-28,2,UPI,0.35,Jos*****@gmail.com,64******09,successful,89999.65,2026-03
2758,748,Sabrina Hopkins,104,8000.0,Shoes,Cloth,online,Chennai,2025-07-11,1,UPI,0.15,Sab*****@yahoo.com,71******90,successful,7999.85,2025-07
2759,2,Steven Evans,106,80000.0,Sofa,Furniture,online,Delhi,2025-02-12,5,NetBanking,0.25,Ste*****@gmail.com,94******87,successful,399999.75,2025-02
2760,895,Aaron Foster,101,250000.0,Laptop,Electronics,online,Bangalore,2025-06-29,4,Cash,0.1,Aar*****@gmail.com,69******93,successful,999999.9,2025-06
2761,128,Ethan Porter,102,70000.0,Phone,Electronics,online,Bangalore,2025-07-18,2,Card,0.3,Eth*****@yahoo.com,69******64,successful,139999.7,2025-07
2762,142,Charles Brown,110,45000.0,Microwave,Home Appliances,online,Hyderabad,2025-10-12,4,NetBanking,0.35,Cha*****@gmail.com,99******22,successful,179999.65,2025-10
2763,974,Phillip Rodriguez,104,8000.0,Shoes,Clothing,offline,Bangalore,2025-07-28,4,Cash,0.15,Phi*****@yahoo.com,87******16,successful,31999.85,2025-07
2764,374,Brian King,106,80000.0,Sofa,Furn,offline,Mumbai,2025-08-13,5,UPI,0.3,Bri*****@gmail.com,70******89,successful,399999.7,2025-08
2766,425,Lindsay Buchanan,105,45000.0,Tv,Electronics,offline,Hyderabad,2025-10-06,2,NetBanking,0.25,Lin*****@outlook.com,83******79,successful,89999.75,2025-10
2768,58,Michelle Barnes,107,50000.0,Dining Table,Furniture,online,Hyderabad,2025-07-12,1,Card,0.1,Mic*****@gmail.com,72******20,successful,49999.9,2025-07
2769,456,Christopher Williams,110,45000.0,Microwave,Home,online,Chennai,2026-01-04,1,Cash,0.1,Chr*****@gmail.com,79******50,successful,44999.9,2026-01
2770,588,Casey Edwards,103,1300.0,Shirt,Clothing,online,Delhi,2025-11-14,2,Cash,0.4,Cas*****@gmail.com,62******45,successful,2599.6,2025-11
2773,557,Joseph Cowan,103,1300.0,Shirt,Clothing,online,Hyderabad,2026-02-03,3,NetBanking,0.3,Jos*****@gmail.com,64******09,successful,3899.7,2026-02
2774,999,Elizabeth Brooks,106,,Sofa,Furniture,offline,Hyderabad,2026-03-25,1,Cash,0.05,Eli*****@yahoo.com,88******06,successful,,2026-03
2775,603,Shawn Roberson,110,45000.0,Microwave,Home Appliances,online,Chennai,2025-03-11,2,Card,0.4,Sha*****@gmail.com,64******75,successful,89999.6,2025-03
2776,665,Nicole Gutierrez,102,70000.0,Phone,Elec,online,Delhi,2025-12-16,1,Card,0.25,Nic*****@gmail.com,93******56,successful,69999.75,2025-12
2777,754,Joshua Chandler,103,1300.0,Shirt,Cloth,offline,Mumbai,2025-12-27,3,NetBanking,0.25,Jos*****@gmail.com,85******70,successful,3899.75,2025-12
2778,672,Austin Perez,108,15000.0,Mixer Grinder,Home,online,Delhi,2025-05-03,3,NetBanking,0.35,Aus*****@gmail.com,60******18,successful,44999.65,2025-05
2779,279,Lucas Stevens,104,8000.0,Shoes,Cloth,offline,Hyderabad,2026-02-02,1,Cash,0.15,Luc*****@outlook.com,67******87,successful,7999.85,2026-02
2781,525,Laura Barajas,105,45000.0,Tv,Electronics,offline,Bangalore,2025-07-02,1,Card,0.05,Lau*****@gmail.com,85******00,successful,44999.95,2025-07
2782,958,Joshua West,110,45000.0,Microwave,Home,online,Hyderabad,2025-06-30,3,Cash,0.15,Jos*****@yahoo.com,96******65,successful,134999.85,2025-06
2783,449,Erin Summers,101,250000.0,Laptop,Electronics,online,Delhi,2025-07-20,1,Cash,0.05,Eri*****@yahoo.com,96******05,successful,249999.95,2025-07
2784,974,Phillip Rodriguez,106,80000.0,Sofa,Furniture,offline,Bangalore,2025-08-03,1,UPI,0.05,Phi*****@yahoo.com,87******16,successful,79999.95,2025-08
2786,586,Michael Mason,101,250000.0,Laptop,Electronics,online,Delhi,2026-03-30,1,UPI,0.4,Mic*****@outlook.com,70******72,successful,249999.6,2026-03
2787,885,Alexander Jacobs,107,50000.0,Dining Table,Furn,offline,Delhi,2026-01-31,5,NetBanking,0.2,Ale*****@yahoo.com,63******72,successful,249999.8,2026-01
2788,791,April Anderson,108,15000.0,Mixer Grinder,Home,offline,Hyderabad,2026-01-19,2,Cash,0.1,Apr*****@gmail.com,86******29,successful,29999.9,2026-01
2789,785,Michael Russell,104,8000.0,Shoes,Cloth,offline,Chennai,2025-08-17,1,Cash,0.1,Mic*****@outlook.com,76******07,successful,7999.9,2025-08
2790,212,Russell Day,108,15000.0,Mixer Grinder,Home Appliances,offline,Bangalore,2025-06-22,5,NetBanking,0.15,Rus*****@yahoo.com,78******03,successful,74999.85,2025-06
2792,500,Katelyn Garza,110,,Microwave,Home Appliances,online,Bangalore,2025-12-09,5,Card,0.4,Kat*****@yahoo.com,62******83,successful,,2025-12
2793,611,Robert Lucas,106,80000.0,Sofa,Furniture,online,Mumbai,2025-09-01,5,UPI,0.25,Rob*****@gmail.com,69******73,successful,399999.75,2025-09
2794,657,Carly Lucas,106,80000.0,Sofa,Furn,online,Hyderabad,2025-06-17,5,UPI,0.3,Car*****@yahoo.com,74******85,successful,399999.7,2025-06
2795,523,Emily Cohen,103,1300.0,Shirt,Clothing,online,Chennai,2025-10-07,5,UPI,0.2,Emi*****@gmail.com,91******27,successful,6499.8,2025-10
2796,202,Amanda Reed,105,45000.0,Tv,Electronics,online,Delhi,2026-08-04,2,UPI,0.2,Ama*****@yahoo.com,65******99,successful,89999.8,2026-08
2797,775,Roy Chavez,109,65000.0,Refrigerator,Home Appliances,offline,Chennai,2026-02-10,3,Card,0.3,Roy*****@gmail.com,75******10,successful,194999.7,2026-02
2798,957,Justin Doyle,104,,Shoes,Cloth,offline,Delhi,2025-12-17,3,Card,0.3,Jus*****@gmail.com,93******06,successful,,2025-12
2800,913,Craig Harris,102,70000.0,Phone,Electronics,offline,Delhi,2026-03-26,5,Card,0.4,Cra*****@yahoo.com,79******10,successful,349999.6,2026-03
2801,877,John Warren,110,45000.0,Microwave,Home Appliances,online,Hyderabad,2025-05-25,4,NetBanking,0.25,Joh*****@gmail.com,80******46,successful,179999.75,2025-05
2802,804,Tiffany Caldwell,102,70000.0,Phone,Electronics,online,Bangalore,2026-01-10,1,UPI,0.3,Tif*****@outlook.com,83******53,successful,69999.7,2026-01
2803,944,Julie Rodriguez,101,250000.0,Laptop,Electronics,offline,Delhi,2026-04-14,2,Cash,0.25,Jul*****@yahoo.com,74******79,successful,499999.75,2026-04
2804,926,Lisa Reynolds,103,1300.0,Shirt,Clothing,online,Hyderabad,2025-09-15,4,Card,0.15,Lis*****@gmail.com,89******40,successful,5199.85,2025-09
2805,923,George Wilkinson,107,50000.0,Dining Table,Furniture,offline,Mumbai,2025-07-02,3,Card,0.4,Geo*****@gmail.com,65******22,successful,149999.6,2025-07
2808,14,Joseph Jones,103,1300.0,Shirt,Cloth,online,Hyderabad,2025-11-02,1,NetBanking,0.3,Jos*****@gmail.com,89******82,successful,1299.7,2025-11
2809,861,Tim Brock,108,15000.0,Mixer Grinder,Home,online,Bangalore,2026-02-12,4,Card,0.35,Tim*****@outlook.com,88******91,successful,59999.65,2026-02
2810,38,Laura Shelton,110,45000.0,Microwave,Home Appliances,online,Bangalore,2026-04-03,1,Card,0.05,Lau*****@gmail.com,65******05,successful,44999.95,2026-04
2811,508,Jesus Decker,102,70000.0,Phone,Electronics,online,Bangalore,2025-12-16,3,Card,0.3,Jes*****@gmail.com,69******92,successful,209999.7,2025-12
2813,139,Melissa Peterson,101,,Laptop,Elec,online,Mumbai,2025-08-20,1,UPI,0.2,Mel*****@outlook.com,87******33,successful,,2025-08
2814,258,Larry Taylor,102,70000.0,Phone,Elec,offline,Chennai,2025-05-01,1,Card,0.15,Lar*****@yahoo.com,98******95,successful,69999.85,2025-05
2816,874,Samuel Patel,101,,Laptop,Elec,online,Mumbai,2025-10-12,1,NetBanking,0.2,Sam*****@gmail.com,68******67,successful,,2025-10
2817,388,Daniel Wilson,104,8000.0,Shoes,Cloth,offline,Bangalore,2026-03-29,3,UPI,0.25,Dan*****@gmail.com,80******53,successful,23999.75,2026-03
2818,893,Taylor Walton,110,45000.0,Microwave,Home Appliances,offline,Delhi,2026-03-30,2,UPI,0.3,Tay*****@outlook.com,71******86,successful,89999.7,2026-03
2820,614,Gregory Hernandez,105,45000.0,Tv,Electronics,offline,Delhi,2026-03-26,2,Cash,0.4,Gre*****@outlook.com,69******95,successful,89999.6,2026-03
2821,10,Tracy Olson,109,65000.0,Refrigerator,Home,online,Delhi,2025-04-05,1,Card,0.35,Tra*****@yahoo.com,69******98,successful,64999.65,2025-04
2822,997,Destiny Fields,102,70000.0,Phone,Elec,offline,Mumbai,2025-11-30,2,UPI,0.1,Des*****@yahoo.com,98******16,successful,139999.9,2025-11
2823,956,Christopher Ramos,101,,Laptop,Electronics,online,Delhi,2025-11-19,2,NetBanking,0.25,Chr*****@gmail.com,72******45,successful,,2025-11
2824,303,Derek Rose,101,250000.0,Laptop,Electronics,online,Chennai,2025-05-09,3,NetBanking,0.35,Der*****@gmail.com,96******11,successful,749999.65,2025-05
2827,195,Janice Berry,110,45000.0,Microwave,Home,offline,Bangalore,2025-08-28,5,NetBanking,0.3,Jan*****@yahoo.com,91******00,successful,224999.7,2025-08
2828,576,Angela Weiss,107,50000.0,Dining Table,Furniture,online,Delhi,2025-06-18,4,Card,0.2,Ang*****@yahoo.com,64******39,successful,199999.8,2025-06
2830,922,Isaiah Watson,103,1300.0,Shirt,Clothing,offline,Bangalore,2026-03-29,3,UPI,0.3,Isa*****@gmail.com,91******37,successful,3899.7,2026-03
2831,726,Joshua Walker,107,50000.0,Dining Table,Furniture,offline,Mumbai,2025-09-23,3,Cash,0.1,Jos*****@outlook.com,92******09,successful,149999.9,2025-09
2832,713,Jason Griffin,101,250000.0,Laptop,Electronics,online,Hyderabad,2025-10-09,3,UPI,0.05,Jas*****@gmail.com,89******07,successful,749999.95,2025-10
2833,426,Amber Hess,107,50000.0,Dining Table,Furniture,offline,Bangalore,2025-05-18,5,UPI,0.25,Amb*****@gmail.com,82******74,successful,249999.75,2025-05
2836,780,Elizabeth Miller,102,,Phone,Electronics,online,Delhi,2025-07-05,2,NetBanking,0.2,Eli*****@yahoo.com,82******98,successful,,2025-07
2837,521,Christopher Colon,104,8000.0,Shoes,Clothing,online,Hyderabad,2025-07-05,1,UPI,0.4,Chr*****@gmail.com,90******28,successful,7999.6,2025-07
2839,226,Shawn Townsend,103,1300.0,Shirt,Clothing,offline,Delhi,2025-06-11,5,NetBanking,0.25,Sha*****@gmail.com,60******78,successful,6499.75,2025-06
2840,377,Michael Black,110,45000.0,Microwave,Home,offline,Mumbai,2026-12-01,2,NetBanking,0.05,Mic*****@gmail.com,60******02,successful,89999.95,2026-12
2841,868,Timothy Henderson,107,50000.0,Dining Table,Furniture,online,Hyderabad,2025-08-16,5,UPI,0.1,Tim*****@gmail.com,65******86,successful,249999.9,2025-08
2843,960,Michaela Brown,101,250000.0,Laptop,Electronics,offline,Delhi,2025-08-17,1,Cash,0.2,Mic*****@yahoo.com,98******42,successful,249999.8,2025-08
2844,411,Robin Hernandez,102,70000.0,Phone,Electronics,online,Hyderabad,2025-09-18,4,NetBanking,0.35,Rob*****@yahoo.com,64******06,successful,279999.65,2025-09
2845,267,Scott Price,109,65000.0,Refrigerator,Home Appliances,offline,Delhi,2025-09-11,5,NetBanking,0.4,Sco*****@yahoo.com,84******29,successful,324999.6,2025-09
2846,763,David Howard,106,,Sofa,Furn,offline,Delhi,2025-09-26,4,UPI,0.05,Dav*****@gmail.com,86******89,successful,,2025-09
2847,699,Kristin Hawkins,104,8000.0,Shoes,Cloth,online,Mumbai,2025-09-13,4,Cash,0.25,Kri*****@yahoo.com,62******16,successful,31999.75,2025-09
2848,397,Shelley Garza,106,80000.0,Sofa,Furniture,online,Bangalore,2025-10-21,5,Card,0.1,She*****@gmail.com,91******70,successful,399999.9,2025-10
2849,661,Jennifer Cooper,104,8000.0,Shoes,Clothing,offline,Chennai,2025-02-07,2,Cash,0.4,Jen*****@outlook.com,80******09,successful,15999.6,2025-02
2851,223,Jocelyn Peterson,102,70000.0,Phone,Electronics,offline,Hyderabad,2026-02-02,1,NetBanking,0.25,Joc*****@outlook.com,82******40,successful,69999.75,2026-02
2852,901,Robert Mccoy,106,80000.0,Sofa,Furniture,offline,Mumbai,2025-12-03,5,NetBanking,0.05,Rob*****@gmail.com,61******32,successful,399999.95,2025-12
2853,406,Gregory Nelson,107,50000.0,Dining Table,Furn,offline,Delhi,2025-06-19,1,UPI,0.25,Gre*****@gmail.com,64******67,successful,49999.75,2025-06
2854,627,Nicole Allen,104,8000.0,Shoes,Clothing,online,Bangalore,2025-08-27,2,UPI,0.15,Nic*****@gmail.com,64******56,successful,15999.85,2025-08
2855,810,Mary Martin,108,15000.0,Mixer Grinder,Home Appliances,online,Delhi,2025-07-16,1,Cash,0.15,Mar*****@gmail.com,65******60,successful,14999.85,2025-07
2856,446,Scott Smith,107,50000.0,Dining Table,Furniture,offline,Bangalore,2026-04-08,3,NetBanking,0.2,Sco*****@gmail.com,85******83,successful,149999.8,2026-04
2857,207,Tonya Lopez,106,80000.0,Sofa,Furn,offline,Bangalore,2026-03-31,3,UPI,0.25,Ton*****@gmail.com,80******19,successful,239999.75,2026-03
2859,149,Ashley Mejia,101,250000.0,Laptop,Elec,offline,Chennai,2025-09-11,1,Card,0.1,Ash*****@outlook.com,68******43,successful,249999.9,2025-09
2860,632,Paula Reed,101,250000.0,Laptop,Elec,offline,Hyderabad,2026-02-14,4,Cash,0.1,Pau*****@gmail.com,81******64,successful,999999.9,2026-02
2861,964,Amy Brown,104,8000.0,Shoes,Cloth,online,Mumbai,2026-09-04,1,Cash,0.25,Amy*****@yahoo.com,69******26,successful,7999.75,2026-09
2862,754,Joshua Chandler,101,250000.0,Laptop,Elec,online,Mumbai,2025-10-12,2,Cash,0.2,Jos*****@gmail.com,85******70,successful,499999.8,2025-10
2864,288,Darren Parker,101,250000.0,Laptop,Electronics,offline,Hyderabad,2026-04-13,3,UPI,0.3,Dar*****@outlook.com,77******69,successful,749999.7,2026-04
2866,577,John Johnson,108,15000.0,Mixer Grinder,Home Appliances,offline,Hyderabad,2026-03-20,5,NetBanking,0.1,Joh*****@gmail.com,88******20,successful,74999.9,2026-03
2867,423,Mary Cooke,102,70000.0,Phone,Electronics,offline,Hyderabad,2026-03-31,2,NetBanking,0.15,Mar*****@gmail.com,75******55,successful,139999.85,2026-03
2868,322,Allison Foster,110,45000.0,Microwave,Home Appliances,online,Bangalore,2025-08-12,2,Card,0.2,All*****@gmail.com,87******70,successful,89999.8,2025-08
2869,677,Mario Evans,109,65000.0,Refrigerator,Home Appliances,offline,Mumbai,2025-09-09,5,NetBanking,0.15,Mar*****@yahoo.com,70******25,successful,324999.85,2025-09
2870,692,Paige Brown,106,80000.0,Sofa,Furniture,offline,Bangalore,2025-10-24,5,Card,0.25,Pai*****@outlook.com,66******67,successful,399999.75,2025-10
2871,198,Carrie Houston,110,45000.0,Microwave,Home,online,Chennai,2025-12-12,3,Cash,0.15,Car*****@gmail.com,93******07,successful,134999.85,2025-12
2872,953,Adam Taylor,103,,Shirt,Clothing,online,Bangalore,2025-11-14,1,UPI,0.05,Ada*****@gmail.com,91******91,successful,,2025-11
2874,891,Natalie Hammond,105,,Tv,Elec,offline,Hyderabad,2025-09-09,3,UPI,0.3,Nat*****@yahoo.com,70******43,successful,,2025-09
2875,549,Jacob Hopkins,104,8000.0,Shoes,Clothing,offline,Bangalore,2026-03-23,2,Cash,0.25,Jac*****@gmail.com,68******90,successful,15999.75,2026-03
2876,930,Jason Hubbard,104,8000.0,Shoes,Clothing,offline,Chennai,2025-11-08,1,NetBanking,0.25,Jas*****@gmail.com,70******28,successful,7999.75,2025-11
2877,547,Melinda Brown,102,70000.0,Phone,Elec,online,Bangalore,2025-11-25,2,Card,0.25,Mel*****@gmail.com,70******47,successful,139999.75,2025-11
2878,51,Cory Ellis,104,8000.0,Shoes,Clothing,offline,Chennai,2025-10-19,5,Cash,0.25,Cor*****@gmail.com,79******22,successful,39999.75,2025-10
2879,714,Scott Lane,102,70000.0,Phone,Electronics,offline,Mumbai,2025-10-30,2,Cash,0.1,Sco*****@gmail.com,99******50,successful,139999.9,2025-10
2880,935,Samantha Brewer,109,65000.0,Refrigerator,Home,online,Mumbai,2025-05-23,5,UPI,0.1,Sam*****@outlook.com,92******24,successful,324999.9,2025-05
2881,993,Julie Wade,101,250000.0,Laptop,Electronics,offline,Bangalore,2025-07-08,4,UPI,0.05,Jul*****@outlook.com,74******25,successful,999999.95,2025-07
2882,266,Nicole Diaz,109,65000.0,Refrigerator,Home Appliances,offline,Mumbai,2026-01-21,3,Card,0.15,Nic*****@gmail.com,84******74,successful,194999.85,2026-01
2883,247,David Cherry,107,50000.0,Dining Table,Furniture,offline,Bangalore,2026-01-07,2,Cash,0.05,Dav*****@yahoo.com,62******39,successful,99999.95,2026-01
2884,145,Michael Hendrix,107,50000.0,Dining Table,Furn,offline,Delhi,2025-11-05,3,Cash,0.3,Mic*****@outlook.com,69******96,successful,149999.7,2025-11
2885,748,Sabrina Hopkins,105,45000.0,Tv,Electronics,offline,Chennai,2025-06-21,1,UPI,0.35,Sab*****@yahoo.com,71******90,successful,44999.65,2025-06
2887,261,Ronnie Martin,103,,Shirt,Cloth,online,Bangalore,2025-11-09,2,UPI,0.4,Ron*****@yahoo.com,84******60,successful,,2025-11
2888,544,Charles Weaver,102,70000.0,Phone,Electronics,offline,Mumbai,2026-02-15,2,Card,0.2,Cha*****@outlook.com,89******94,successful,139999.8,2026-02
2890,728,Lisa Miller,101,250000.0,Laptop,Elec,offline,Chennai,2025-06-29,4,NetBanking,0.05,Lis*****@gmail.com,87******95,successful,999999.95,2025-06
2891,253,Emily Rodriguez,109,65000.0,Refrigerator,Home,offline,Delhi,2025-11-14,2,Card,0.3,Emi*****@gmail.com,95******45,successful,129999.7,2025-11
2892,298,Ryan Massey,101,250000.0,Laptop,Electronics,offline,Delhi,2026-02-18,4,Cash,0.25,Rya*****@gmail.com,64******86,successful,999999.75,2026-02
2893,786,Jeremiah Simmons,102,70000.0,Phone,Electronics,offline,Chennai,2025-12-23,1,NetBanking,0.3,Jer*****@outlook.com,71******16,successful,69999.7,2025-12
2894,951,Richard Miller,107,50000.0,Dining Table,Furn,offline,Mumbai,2026-08-03,5,NetBanking,0.4,Ric*****@yahoo.com,71******79,successful,249999.6,2026-08
2895,367,Joshua Tate,105,45000.0,Tv,Elec,online,Delhi,2025-12-18,4,Cash,0.15,Jos*****@outlook.com,98******16,successful,179999.85,2025-12
2896,636,Christopher Clark,106,80000.0,Sofa,Furniture,online,Mumbai,2025-05-20,1,UPI,0.15,Chr*****@gmail.com,76******66,successful,79999.85,2025-05
2897,750,Kristi Blackwell,104,8000.0,Shoes,Cloth,online,Hyderabad,2026-02-05,2,Cash,0.1,Kri*****@yahoo.com,77******01,successful,15999.9,2026-02
2898,660,Jessica Stephenson,101,250000.0,Laptop,Elec,offline,Hyderabad,2026-03-06,2,UPI,0.15,Jes*****@gmail.com,86******90,successful,499999.85,2026-03
2899,753,Kelly Ball,109,65000.0,Refrigerator,Home,online,Delhi,2026-03-01,2,Card,0.05,Kel*****@gmail.com,65******69,successful,129999.95,2026-03
2900,256,Nicole Williams,103,1300.0,Shirt,Cloth,offline,Chennai,2025-07-09,4,NetBanking,0.2,Nic*****@gmail.com,92******32,successful,5199.8,2025-07
2901,297,Susan Hill,106,,Sofa,Furn,online,Delhi,2025-10-12,5,Card,0.25,Sus*****@outlook.com,69******63,successful,,2025-10
2904,607,Robert Rodriguez,104,8000.0,Shoes,Clothing,offline,Hyderabad,2025-01-10,3,Cash,0.25,Rob*****@gmail.com,80******05,successful,23999.75,2025-01
2905,825,Jose Rodriguez,109,65000.0,Refrigerator,Home Appliances,online,Bangalore,2026-02-22,1,Cash,0.2,Jos*****@outlook.com,92******68,successful,64999.8,2026-02
2906,920,Gary Thomas,110,45000.0,Microwave,Home Appliances,online,Chennai,2026-01-26,5,NetBanking,0.05,Gar*****@gmail.com,69******67,successful,224999.95,2026-01
2907,645,Joshua Burton,105,45000.0,Tv,Electronics,online,Mumbai,2026-02-03,5,NetBanking,0.4,Jos*****@outlook.com,67******88,successful,224999.6,2026-02
2908,431,Tracie Kim,103,1300.0,Shirt,Clothing,online,Bangalore,2026-12-03,3,UPI,0.25,Tra*****@yahoo.com,83******30,successful,3899.75,2026-12
2909,274,Joseph Parker,108,15000.0,Mixer Grinder,Home Appliances,online,Bangalore,2025-05-11,4,UPI,0.35,Jos*****@gmail.com,79******06,successful,59999.65,2025-05
2911,458,Jared Lane,107,50000.0,Dining Table,Furniture,online,Hyderabad,2026-03-25,2,NetBanking,0.15,Jar*****@gmail.com,74******58,successful,99999.85,2026-03
2912,643,Stacy Hughes,106,80000.0,Sofa,Furn,online,Mumbai,2026-02-11,5,NetBanking,0.25,Sta*****@gmail.com,91******24,successful,399999.75,2026-02
2913,809,Kayla Hart,108,15000.0,Mixer Grinder,Home,online,Bangalore,2025-10-11,2,NetBanking,0.1,Kay*****@yahoo.com,64******58,successful,29999.9,2025-10
2914,903,Susan Nicholson,107,50000.0,Dining Table,Furn,offline,Mumbai,2025-05-29,3,Card,0.05,Sus*****@yahoo.com,96******59,successful,149999.95,2025-05
2915,861,Tim Brock,108,15000.0,Mixer Grinder,Home Appliances,offline,Bangalore,2025-12-26,1,NetBanking,0.25,Tim*****@outlook.com,88******91,successful,14999.75,2025-12
2916,171,Michael Church,110,45000.0,Microwave,Home Appliances,offline,Hyderabad,2025-12-09,3,UPI,0.4,Mic*****@gmail.com,86******81,successful,134999.6,2025-12
2917,372,Brandon Gordon,103,1300.0,Shirt,Cloth,online,Mumbai,2025-05-12,3,Cash,0.25,Bra*****@gmail.com,78******02,successful,3899.75,2025-05
2919,659,Jason Liu,106,80000.0,Sofa,Furniture,online,Chennai,2025-09-23,2,UPI,0.4,Jas*****@outlook.com,88******92,successful,159999.6,2025-09
2920,709,Mike Roberts,102,70000.0,Phone,Electronics,offline,Hyderabad,2025-09-20,4,Cash,0.25,Mik*****@yahoo.com,77******92,successful,279999.75,2025-09
2921,508,Jesus Decker,109,65000.0,Refrigerator,Home Appliances,online,Bangalore,2026-01-11,2,NetBanking,0.4,Jes*****@gmail.com,69******92,successful,129999.6,2026-01
2924,237,Jamie Casey,108,15000.0,Mixer Grinder,Home Appliances,offline,Mumbai,2026-03-23,5,UPI,0.2,Jam*****@yahoo.com,84******10,successful,74999.8,2026-03
2925,366,Kelsey Shelton,106,80000.0,Sofa,Furniture,offline,Mumbai,2025-10-31,1,Cash,0.35,Kel*****@gmail.com,86******51,successful,79999.65,2025-10
2926,641,Andre Rodriguez,102,70000.0,Phone,Electronics,online,Bangalore,2025-06-08,2,NetBanking,0.2,And*****@outlook.com,60******70,successful,139999.8,2025-06
2929,597,Paul Foster,105,45000.0,Tv,Elec,offline,Bangalore,2026-01-26,4,NetBanking,0.2,Pau*****@gmail.com,86******74,successful,179999.8,2026-01
2931,93,Judith Sanchez,104,8000.0,Shoes,Cloth,offline,Mumbai,2025-06-07,3,NetBanking,0.1,Jud*****@yahoo.com,84******76,successful,23999.9,2025-06
2932,592,Timothy Medina,110,45000.0,Microwave,Home,offline,Delhi,2026-01-08,5,UPI,0.35,Tim*****@gmail.com,70******01,successful,224999.65,2026-01
2933,964,Amy Brown,109,65000.0,Refrigerator,Home Appliances,offline,Mumbai,2026-03-17,5,NetBanking,0.4,Amy*****@yahoo.com,69******26,successful,324999.6,2026-03
2934,202,Amanda Reed,101,250000.0,Laptop,Electronics,online,Delhi,2025-04-29,5,NetBanking,0.15,Ama*****@yahoo.com,65******99,successful,1249999.85,2025-04
2935,518,Alexander Davenport,109,65000.0,Refrigerator,Home Appliances,offline,Bangalore,2025-08-16,3,Card,0.35,Ale*****@yahoo.com,92******76,successful,194999.65,2025-08
2936,153,Stephanie Hanna,105,45000.0,Tv,Electronics,online,Hyderabad,2026-03-27,3,NetBanking,0.1,Ste*****@outlook.com,96******01,successful,134999.9,2026-03
2937,124,Sarah Rios,102,70000.0,Phone,Elec,offline,Mumbai,2026-01-03,4,Cash,0.35,Sar*****@outlook.com,79******48,successful,279999.65,2026-01
2938,457,Cathy Harris,102,70000.0,Phone,Electronics,offline,Hyderabad,2025-06-11,3,NetBanking,0.35,Cat*****@gmail.com,83******76,successful,209999.65,2025-06
2939,27,Ashley Simpson,101,250000.0,Laptop,Electronics,offline,Chennai,2026-01-28,4,Card,0.3,Ash*****@outlook.com,85******05,successful,999999.7,2026-01
2940,404,Julian Cox,108,15000.0,Mixer Grinder,Home Appliances,online,Delhi,2025-07-22,2,Cash,0.25,Jul*****@outlook.com,99******39,successful,29999.75,2025-07
2941,391,Catherine Beard,107,50000.0,Dining Table,Furniture,online,Mumbai,2025-10-05,5,NetBanking,0.35,Cat*****@gmail.com,92******05,successful,249999.65,2025-10
2942,768,Melissa Washington,106,80000.0,Sofa,Furn,online,Chennai,2025-08-31,3,Cash,0.3,Mel*****@outlook.com,69******27,successful,239999.7,2025-08
2943,476,Jill Bryant,110,45000.0,Microwave,Home Appliances,offline,Hyderabad,2026-03-03,4,Cash,0.25,Jil*****@gmail.com,68******21,successful,179999.75,2026-03
2944,876,David Whitaker,106,80000.0,Sofa,Furn,offline,Chennai,2026-02-22,1,NetBanking,0.35,Dav*****@gmail.com,90******57,successful,79999.65,2026-02
2946,857,Daniel Gutierrez,105,45000.0,Tv,Elec,online,Bangalore,2025-08-06,5,Cash,0.2,Dan*****@outlook.com,73******46,successful,224999.8,2025-08
2947,370,Jessica Moreno,108,,Mixer Grinder,Home Appliances,offline,Delhi,2025-07-03,5,Cash,0.4,Jes*****@gmail.com,89******38,successful,,2025-07
2948,54,Jessica Hernandez,103,1300.0,Shirt,Clothing,online,Hyderabad,2025-10-04,3,UPI,0.4,Jes*****@outlook.com,71******54,successful,3899.6,2025-10
2949,905,Katie George,103,1300.0,Shirt,Cloth,offline,Hyderabad,2025-11-17,5,Card,0.25,Kat*****@gmail.com,69******52,successful,6499.75,2025-11
2950,18,Allison Adams,104,8000.0,Shoes,Cloth,online,Mumbai,2026-01-03,5,Card,0.35,All*****@gmail.com,62******99,successful,39999.65,2026-01
2951,822,Christine Rivera,103,1300.0,Shirt,Clothing,offline,Hyderabad,2025-09-09,2,Cash,0.25,Chr*****@yahoo.com,66******21,successful,2599.75,2025-09
2952,302,James Robles,101,250000.0,Laptop,Elec,offline,Bangalore,2025-09-17,5,Cash,0.35,Jam*****@gmail.com,61******08,successful,1249999.65,2025-09
2953,657,Carly Lucas,104,,Shoes,Clothing,online,Hyderabad,2025-11-13,5,Cash,0.2,Car*****@yahoo.com,74******85,successful,,2025-11
2954,947,Gabriel Golden,104,8000.0,Shoes,Clothing,offline,Mumbai,2025-08-10,5,Card,0.4,Gab*****@gmail.com,75******30,successful,39999.6,2025-08
2955,733,Jessica Lin,108,15000.0,Mixer Grinder,Home Appliances,offline,Delhi,2025-11-05,5,Cash,0.35,Jes*****@gmail.com,85******63,successful,74999.65,2025-11
2958,806,Jacqueline Cantu,105,45000.0,Tv,Electronics,online,Chennai,2025-08-14,3,Card,0.05,Jac*****@gmail.com,86******33,successful,134999.95,2025-08
2959,67,Jamie Harvey,103,1300.0,Shirt,Clothing,offline,Chennai,2025-07-13,2,Cash,0.35,Jam*****@gmail.com,74******28,successful,2599.65,2025-07
2961,396,Connie Edwards,104,8000.0,Shoes,Clothing,online,Hyderabad,2025-09-06,4,Card,0.1,Con*****@gmail.com,82******87,successful,31999.9,2025-09
2962,437,Carrie Landry,108,15000.0,Mixer Grinder,Home Appliances,online,Delhi,2025-05-05,2,Card,0.15,Car*****@outlook.com,99******06,successful,29999.85,2025-05
2963,599,David Johnson,107,50000.0,Dining Table,Furn,online,Mumbai,2025-06-18,2,Card,0.15,Dav*****@gmail.com,74******74,successful,99999.85,2025-06
2964,567,Benjamin Peters,105,45000.0,Tv,Elec,offline,Bangalore,2025-11-05,3,NetBanking,0.1,Ben*****@gmail.com,78******38,successful,134999.9,2025-11
2965,500,Katelyn Garza,108,,Mixer Grinder,Home Appliances,online,Bangalore,2025-06-15,3,UPI,0.15,Kat*****@yahoo.com,62******83,successful,,2025-06
2966,142,Charles Brown,110,45000.0,Microwave,Home,offline,Hyderabad,2025-06-26,5,Cash,0.3,Cha*****@gmail.com,99******22,successful,224999.7,2025-06
2967,955,Jake Davis,105,45000.0,Tv,Electronics,offline,Bangalore,2025-07-28,3,NetBanking,0.25,Jak*****@yahoo.com,70******20,successful,134999.75,2025-07
2968,628,Kelly Turner,108,15000.0,Mixer Grinder,Home Appliances,online,Chennai,2025-06-25,5,Cash,0.1,Kel*****@gmail.com,81******26,successful,74999.9,2025-06
2969,198,Carrie Houston,103,1300.0,Shirt,Clothing,online,Chennai,2025-04-21,5,UPI,0.1,Car*****@gmail.com,93******07,successful,6499.9,2025-04
2970,141,Brooke Nunez,104,8000.0,Shoes,Clothing,online,Bangalore,2025-09-12,5,UPI,0.2,Bro*****@gmail.com,80******05,successful,39999.8,2025-09
2971,617,Patrick Rodriguez,110,45000.0,Microwave,Home,offline,Delhi,2025-12-11,5,UPI,0.15,Pat*****@yahoo.com,73******34,successful,224999.85,2025-12
2972,144,Amber Boyd,110,45000.0,Microwave,Home,online,Mumbai,2025-11-03,3,UPI,0.3,Amb*****@gmail.com,91******81,successful,134999.7,2025-11
2973,408,Hannah Russell,104,8000.0,Shoes,Cloth,offline,Hyderabad,2025-07-09,3,UPI,0.35,Han*****@yahoo.com,97******08,successful,23999.65,2025-07
2974,800,Ricardo Arnold,106,80000.0,Sofa,Furniture,offline,Hyderabad,2025-05-29,4,Cash,0.2,Ric*****@outlook.com,95******77,successful,319999.8,2025-05
2976,644,John Parrish,101,250000.0,Laptop,Electronics,online,Delhi,2025-07-30,1,NetBanking,0.1,Joh*****@gmail.com,70******81,successful,249999.9,2025-07
2977,968,Keith Davis,108,15000.0,Mixer Grinder,Home Appliances,online,Hyderabad,2026-03-02,4,NetBanking,0.4,Kei*****@yahoo.com,63******12,successful,59999.6,2026-03
2978,456,Christopher Williams,101,250000.0,Laptop,Electronics,online,Chennai,2026-03-03,1,Cash,0.05,Chr*****@gmail.com,79******50,successful,249999.95,2026-03
2980,594,Matthew Miranda,104,8000.0,Shoes,Clothing,online,Mumbai,2026-01-16,2,NetBanking,0.25,Mat*****@gmail.com,74******83,successful,15999.75,2026-01
2981,396,Connie Edwards,102,70000.0,Phone,Electronics,online,Hyderabad,2026-01-23,2,Cash,0.25,Con*****@gmail.com,82******87,successful,139999.75,2026-01
2982,293,Luke Cummings,110,45000.0,Microwave,Home Appliances,offline,Hyderabad,2026-01-04,5,NetBanking,0.25,Luk*****@gmail.com,88******61,successful,224999.75,2026-01
2983,994,Amy Edwards,106,80000.0,Sofa,Furn,offline,Mumbai,2025-09-09,3,Cash,0.1,Amy*****@outlook.com,88******33,successful,239999.9,2025-09
2984,771,Matthew Greer,102,70000.0,Phone,Electronics,offline,Bangalore,2026-02-02,3,Cash,0.4,Mat*****@yahoo.com,82******12,successful,209999.6,2026-02
2985,798,Amber Murphy,108,15000.0,Mixer Grinder,Home Appliances,online,Hyderabad,2026-01-28,2,Cash,0.3,Amb*****@gmail.com,70******07,successful,29999.7,2026-01
2986,489,Jennifer Bell,110,,Microwave,Home Appliances,online,Hyderabad,2025-12-28,5,NetBanking,0.3,Jen*****@gmail.com,60******18,successful,,2025-12
2987,284,Erin Richmond,103,1300.0,Shirt,Clothing,online,Chennai,2025-06-25,3,Card,0.4,Eri*****@gmail.com,92******78,successful,3899.6,2025-06
2988,625,Elizabeth Duran,103,1300.0,Shirt,Clothing,offline,Mumbai,2026-01-02,1,UPI,0.3,Eli*****@gmail.com,78******97,successful,1299.7,2026-01
2989,666,Emily Griffith,104,8000.0,Shoes,Clothing,offline,Mumbai,2025-05-10,5,Card,0.2,Emi*****@gmail.com,94******80,successful,39999.8,2025-05
2990,800,Ricardo Arnold,103,1300.0,Shirt,Clothing,offline,Hyderabad,2025-10-29,2,Card,0.35,Ric*****@outlook.com,95******77,successful,2599.65,2025-10
2991,893,Taylor Walton,101,250000.0,Laptop,Electronics,offline,Delhi,2026-04-14,5,NetBanking,0.2,Tay*****@outlook.com,71******86,successful,1249999.8,2026-04
2992,282,Tasha Roberson,108,,Mixer Grinder,Home,offline,Hyderabad,2025-12-17,3,Cash,0.2,Tas*****@outlook.com,92******95,successful,,2025-12
2993,806,Jacqueline Cantu,105,45000.0,Tv,Electronics,online,Chennai,2025-08-12,4,Card,0.2,Jac*****@gmail.com,86******33,successful,179999.8,2025-08
2994,896,Tara Church,107,50000.0,Dining Table,Furn,online,Mumbai,2025-04-08,5,Cash,0.15,Tar*****@yahoo.com,72******47,successful,249999.85,2025-04
2995,819,Daniel Vang,105,45000.0,Tv,Electronics,offline,Chennai,2026-01-06,1,Cash,0.15,Dan*****@outlook.com,86******71,successful,44999.85,2026-01
2996,782,Monique Davis,101,250000.0,Laptop,Electronics,offline,Chennai,2025-07-08,2,UPI,0.1,Mon*****@gmail.com,67******85,successful,499999.9,2025-07
2997,104,Amanda Castillo,109,65000.0,Refrigerator,Home Appliances,online,Hyderabad,2025-05-24,2,Cash,0.1,Ama*****@yahoo.com,92******48,successful,129999.9,2025-05
2998,525,Laura Barajas,109,,Refrigerator,Home,offline,Bangalore,2025-11-02,5,NetBanking,0.35,Lau*****@gmail.com,85******00,successful,,2025-11
2999,760,Teresa Ochoa,105,45000.0,Tv,Electronics,online,Mumbai,2025-05-02,5,NetBanking,0.3,Ter*****@yahoo.com,89******62,successful,224999.7,2025-05
3000,487,Mark Thompson,107,50000.0,Dining Table,Furniture,offline,Hyderabad,2025-11-11,2,NetBanking,0.25,Mar*****@yahoo.com,68******88,successful,99999.75,2025-11
3001,352,Daniel Gonzales,103,,Shirt,Clothing,online,Delhi,2025-02-07,1,Card,0.1,Dan*****@gmail.com,75******41,successful,,2025-02
3002,698,Jennifer Mendoza,103,1300.0,Shirt,Clothing,offline,Chennai,2026-02-14,2,UPI,0.4,Jen*****@outlook.com,85******94,successful,2599.6,2026-02
3003,636,Christopher Clark,106,80000.0,Sofa,Furniture,online,Mumbai,2026-02-03,3,UPI,0.1,Chr*****@gmail.com,76******66,successful,239999.9,2026-02
3005,857,Daniel Gutierrez,106,80000.0,Sofa,Furn,online,Bangalore,2025-06-07,5,NetBanking,0.35,Dan*****@outlook.com,73******46,successful,399999.65,2025-06
3006,998,Joseph Perez,105,45000.0,Tv,Electronics,online,Delhi,2025-07-30,3,UPI,0.25,Jos*****@gmail.com,64******36,successful,134999.75,2025-07
3008,320,Stephen Tyler,108,15000.0,Mixer Grinder,Home,online,Hyderabad,2025-08-27,5,Card,0.4,Ste*****@yahoo.com,80******67,successful,74999.6,2025-08
3009,607,Robert Rodriguez,106,80000.0,Sofa,Furn,offline,Hyderabad,2025-06-15,5,NetBanking,0.3,Rob*****@gmail.com,80******05,successful,399999.7,2025-06
3010,739,Brian Fuller,110,45000.0,Microwave,Home,offline,Delhi,2025-10-07,1,UPI,0.1,Bri*****@yahoo.com,77******38,successful,44999.9,2025-10
3011,528,Kerri Rodriguez,109,65000.0,Refrigerator,Home Appliances,offline,Chennai,2025-09-15,5,UPI,0.2,Ker*****@gmail.com,77******93,successful,324999.8,2025-09
3012,526,Paul Fields,101,250000.0,Laptop,Electronics,offline,Chennai,2025-08-21,2,UPI,0.1,Pau*****@gmail.com,90******06,successful,499999.9,2025-08
3013,673,Nicole Davis,102,70000.0,Phone,Elec,online,Mumbai,2025-12-28,1,Card,0.4,Nic*****@gmail.com,97******01,successful,69999.6,2025-12
3014,536,Nicole Steele,103,,Shirt,Clothing,offline,Delhi,2025-05-12,3,Cash,0.2,Nic*****@gmail.com,76******54,successful,,2025-05
3016,934,Brandi Phillips,103,,Shirt,Cloth,offline,Hyderabad,2025-04-07,2,Card,0.1,Bra*****@gmail.com,96******09,successful,,2025-04
3017,104,Amanda Castillo,107,50000.0,Dining Table,Furn,online,Hyderabad,2025-11-01,1,Card,0.2,Ama*****@yahoo.com,92******48,successful,49999.8,2025-11
3018,708,David Gibson,101,250000.0,Laptop,Electronics,online,Mumbai,2025-12-16,4,Cash,0.2,Dav*****@gmail.com,85******16,successful,999999.8,2025-12
3020,421,Rebecca Holland,107,50000.0,Dining Table,Furniture,online,Delhi,2025-09-03,3,NetBanking,0.15,Reb*****@gmail.com,61******60,successful,149999.85,2025-09
3021,256,Nicole Williams,102,70000.0,Phone,Elec,offline,Chennai,2025-10-14,1,Card,0.2,Nic*****@gmail.com,92******32,successful,69999.8,2025-10
3022,331,Jordan May,110,45000.0,Microwave,Home Appliances,online,Chennai,2025-04-12,3,UPI,0.15,Jor*****@gmail.com,96******00,successful,134999.85,2025-04
3023,861,Tim Brock,106,,Sofa,Furn,online,Bangalore,2025-10-28,1,Cash,0.15,Tim*****@outlook.com,88******91,successful,,2025-10
3025,902,Logan Reyes,105,45000.0,Tv,Electronics,online,Mumbai,2026-04-08,5,NetBanking,0.05,Log*****@outlook.com,92******31,successful,224999.95,2026-04
3026,538,Haley Henderson,109,65000.0,Refrigerator,Home Appliances,offline,Bangalore,2025-08-28,5,Cash,0.15,Hal*****@outlook.com,71******76,successful,324999.85,2025-08
3027,843,Chelsea Hester,105,45000.0,Tv,Electronics,offline,Bangalore,2025-12-12,2,UPI,0.2,Che*****@gmail.com,81******61,successful,89999.8,2025-12
3028,838,Susan Torres,104,,Shoes,Cloth,offline,Chennai,2025-07-15,1,Card,0.25,Sus*****@outlook.com,87******26,successful,,2025-07
3029,873,Tracy Bass,110,45000.0,Microwave,Home Appliances,offline,Hyderabad,2025-10-02,4,Cash,0.25,Tra*****@outlook.com,68******34,successful,179999.75,2025-10
3033,627,Nicole Allen,108,15000.0,Mixer Grinder,Home Appliances,offline,Bangalore,2025-04-27,4,NetBanking,0.25,Nic*****@gmail.com,64******56,successful,59999.75,2025-04
3034,17,Duane Hall,105,45000.0,Tv,Electronics,offline,Bangalore,2026-04-10,2,Cash,0.05,Dua*****@outlook.com,74******49,successful,89999.95,2026-04
3035,926,Lisa Reynolds,108,15000.0,Mixer Grinder,Home Appliances,online,Hyderabad,2025-11-15,2,Card,0.1,Lis*****@gmail.com,89******40,successful,29999.9,2025-11
3036,889,Robert Carlson,104,8000.0,Shoes,Clothing,offline,Delhi,2025-01-08,2,UPI,0.1,Rob*****@gmail.com,95******01,successful,15999.9,2025-01
3037,84,Paul Pacheco,108,15000.0,Mixer Grinder,Home Appliances,offline,Bangalore,2025-12-11,5,UPI,0.15,Pau*****@outlook.com,67******57,successful,74999.85,2025-12
3038,917,Alexandria Marks,109,65000.0,Refrigerator,Home,offline,Hyderabad,2026-03-22,5,UPI,0.35,Ale*****@gmail.com,88******19,successful,324999.65,2026-03
3039,305,Zachary Cabrera,107,50000.0,Dining Table,Furn,online,Delhi,2025-05-31,2,Card,0.4,Zac*****@outlook.com,80******96,successful,99999.6,2025-05
3040,123,Trevor Sharp,107,50000.0,Dining Table,Furniture,offline,Mumbai,2025-05-04,3,Card,0.2,Tre*****@yahoo.com,61******57,successful,149999.8,2025-05
3041,953,Adam Taylor,102,70000.0,Phone,Electronics,online,Bangalore,2025-11-08,2,UPI,0.25,Ada*****@gmail.com,91******91,successful,139999.75,2025-11
3043,179,Joshua Spencer,106,80000.0,Sofa,Furniture,online,Delhi,2026-02-01,2,UPI,0.2,Jos*****@yahoo.com,74******90,successful,159999.8,2026-02
3044,918,Grant Harris,107,50000.0,Dining Table,Furn,offline,Bangalore,2026-01-23,5,UPI,0.25,Gra*****@outlook.com,95******21,successful,249999.75,2026-01
3046,807,Steven Li,101,250000.0,Laptop,Electronics,offline,Mumbai,2025-11-01,1,UPI,0.35,Ste*****@outlook.com,69******30,successful,249999.65,2025-11
3047,88,Alex Mccullough,110,45000.0,Microwave,Home Appliances,online,Chennai,2025-11-10,5,NetBanking,0.3,Ale*****@gmail.com,95******31,successful,224999.7,2025-11
3048,565,Craig Moore,103,1300.0,Shirt,Cloth,offline,Mumbai,2025-12-28,2,Cash,0.2,Cra*****@gmail.com,99******11,successful,2599.8,2025-12
3049,259,Kevin Ramirez,109,65000.0,Refrigerator,Home Appliances,online,Hyderabad,2026-03-25,4,UPI,0.15,Kev*****@outlook.com,86******85,successful,259999.85,2026-03
3050,648,Samantha Barrett,108,,Mixer Grinder,Home Appliances,offline,Hyderabad,2025-07-27,5,Card,0.35,Sam*****@outlook.com,92******96,successful,,2025-07
3051,387,Kenneth Rocha,105,45000.0,Tv,Electronics,online,Mumbai,2025-11-01,3,Card,0.25,Ken*****@outlook.com,63******83,successful,134999.75,2025-11
3052,747,Laura Edwards,104,8000.0,Shoes,Clothing,online,Bangalore,2025-10-28,3,NetBanking,0.1,Lau*****@yahoo.com,69******69,successful,23999.9,2025-10
3054,92,Kelly Chang,108,15000.0,Mixer Grinder,Home Appliances,online,Chennai,2025-07-17,1,Cash,0.25,Kel*****@yahoo.com,94******79,successful,14999.75,2025-07
3055,63,Joseph Little,101,250000.0,Laptop,Electronics,offline,Mumbai,2025-11-26,4,Card,0.1,Jos*****@yahoo.com,77******53,successful,999999.9,2025-11
3056,557,Joseph Cowan,102,70000.0,Phone,Electronics,online,Hyderabad,2025-09-25,5,UPI,0.25,Jos*****@gmail.com,64******09,successful,349999.75,2025-09
3058,357,Kimberly Adams,107,50000.0,Dining Table,Furniture,offline,Hyderabad,2025-05-11,2,Cash,0.15,Kim*****@gmail.com,87******51,successful,99999.85,2025-05
3059,734,Melissa Smith,109,65000.0,Refrigerator,Home Appliances,offline,Chennai,2025-04-30,2,NetBanking,0.2,Mel*****@outlook.com,67******03,successful,129999.8,2025-04
3061,203,Samantha Wells,109,65000.0,Refrigerator,Home Appliances,offline,Hyderabad,2025-05-15,4,NetBanking,0.05,Sam*****@gmail.com,67******45,successful,259999.95,2025-05
3062,765,Eric Gaines,107,50000.0,Dining Table,Furniture,online,Bangalore,2025-08-03,2,NetBanking,0.05,Eri*****@yahoo.com,76******27,successful,99999.95,2025-08
3063,698,Jennifer Mendoza,110,45000.0,Microwave,Home Appliances,online,Chennai,2025-05-15,1,Cash,0.4,Jen*****@outlook.com,85******94,successful,44999.6,2025-05
3064,568,Joshua Collins,107,50000.0,Dining Table,Furniture,offline,Mumbai,2026-03-06,1,Card,0.25,Jos*****@gmail.com,81******49,successful,49999.75,2026-03
3065,242,James Pham,109,65000.0,Refrigerator,Home Appliances,online,Hyderabad,2025-06-06,4,Card,0.3,Jam*****@yahoo.com,97******50,successful,259999.7,2025-06
3066,277,Robert Baker,101,250000.0,Laptop,Elec,offline,Hyderabad,2025-05-31,2,Cash,0.2,Rob*****@gmail.com,91******51,successful,499999.8,2025-05
3068,662,James Osborn,105,45000.0,Tv,Electronics,online,Bangalore,2026-03-17,3,Card,0.4,Jam*****@yahoo.com,99******93,successful,134999.6,2026-03
3069,941,Chelsea Wallace,102,70000.0,Phone,Electronics,online,Bangalore,2026-01-04,2,Card,0.05,Che*****@outlook.com,96******36,successful,139999.95,2026-01
3070,173,Joshua Smith,101,250000.0,Laptop,Elec,online,Delhi,2025-07-20,1,Cash,0.2,Jos*****@outlook.com,93******78,successful,249999.8,2025-07
3071,86,Rachel Gonzales,109,65000.0,Refrigerator,Home Appliances,offline,Mumbai,2025-06-14,2,UPI,0.1,Rac*****@yahoo.com,64******51,successful,129999.9,2025-06
3073,303,Derek Rose,109,65000.0,Refrigerator,Home,offline,Chennai,2025-04-23,5,UPI,0.3,Der*****@gmail.com,96******11,successful,324999.7,2025-04
3074,294,Jared Moreno,109,65000.0,Refrigerator,Home,online,Hyderabad,2025-06-28,2,Cash,0.3,Jar*****@gmail.com,66******09,successful,129999.7,2025-06
3075,513,Brandon Sims,106,80000.0,Sofa,Furniture,offline,Chennai,2025-09-27,5,NetBanking,0.2,Bra*****@outlook.com,70******19,successful,399999.8,2025-09
3076,888,Jade Garza,103,1300.0,Shirt,Clothing,online,Hyderabad,2025-06-08,3,Cash,0.1,Jad*****@outlook.com,67******23,successful,3899.9,2025-06
3077,386,Brittney Moreno,105,45000.0,Tv,Elec,online,Chennai,2026-02-17,5,Card,0.25,Bri*****@yahoo.com,95******69,successful,224999.75,2026-02
3078,436,Jesse Conway,108,15000.0,Mixer Grinder,Home,online,Hyderabad,2026-01-25,1,Cash,0.25,Jes*****@gmail.com,85******81,successful,14999.75,2026-01
3079,231,Jason Smith,101,250000.0,Laptop,Elec,online,Hyderabad,2025-05-30,5,Card,0.1,Jas*****@gmail.com,77******99,successful,1249999.9,2025-05
3080,137,Kathleen Douglas,105,,Tv,Electronics,online,Mumbai,2025-10-02,1,Cash,0.2,Kat*****@yahoo.com,80******44,successful,,2025-10
3081,760,Teresa Ochoa,108,15000.0,Mixer Grinder,Home,offline,Mumbai,2026-04-05,1,NetBanking,0.15,Ter*****@yahoo.com,89******62,successful,14999.85,2026-04
3083,127,Carlos Hickman,105,45000.0,Tv,Elec,online,Bangalore,2026-08-02,2,Cash,0.2,Car*****@gmail.com,60******86,successful,89999.8,2026-08
3084,575,Willie Holloway,103,1300.0,Shirt,Clothing,offline,Chennai,2025-08-17,4,NetBanking,0.4,Wil*****@gmail.com,74******39,successful,5199.6,2025-08
3085,259,Kevin Ramirez,106,,Sofa,Furniture,offline,Hyderabad,2025-05-25,5,Card,0.35,Kev*****@outlook.com,86******85,successful,,2025-05
3086,469,Michael Garcia,109,65000.0,Refrigerator,Home Appliances,offline,Delhi,2025-10-06,2,NetBanking,0.35,Mic*****@gmail.com,75******16,successful,129999.65,2025-10
3087,540,Amy Cruz,110,45000.0,Microwave,Home Appliances,offline,Delhi,2026-02-16,5,NetBanking,0.1,Amy*****@gmail.com,70******67,successful,224999.9,2026-02
3088,502,Amy Stewart,108,15000.0,Mixer Grinder,Home Appliances,online,Delhi,2025-11-19,5,NetBanking,0.05,Amy*****@gmail.com,99******62,successful,74999.95,2025-11
3089,987,Daniel Harper,109,,Refrigerator,Home Appliances,offline,Delhi,2025-05-10,3,Cash,0.2,Dan*****@outlook.com,61******59,successful,,2025-05
3090,42,Michael Swanson,103,1300.0,Shirt,Clothing,offline,Hyderabad,2025-09-11,4,Cash,0.3,Mic*****@outlook.com,89******66,successful,5199.7,2025-09
3091,208,Matthew Berry,105,45000.0,Tv,Elec,offline,Hyderabad,2025-04-20,4,Card,0.3,Mat*****@gmail.com,88******27,successful,179999.7,2025-04
3092,596,Douglas Johnson,102,70000.0,Phone,Elec,online,Chennai,2025-12-26,3,NetBanking,0.35,Dou*****@gmail.com,85******50,successful,209999.65,2025-12
3093,329,William Jackson,103,1300.0,Shirt,Cloth,online,Mumbai,2025-11-25,2,Card,0.25,Wil*****@outlook.com,78******06,successful,2599.75,2025-11
3094,724,Kimberly Winters,107,50000.0,Dining Table,Furniture,online,Chennai,2025-11-03,4,NetBanking,0.05,Kim*****@gmail.com,84******93,successful,199999.95,2025-11
3095,459,Jason Moreno,104,8000.0,Shoes,Clothing,offline,Mumbai,2025-07-06,1,Card,0.35,Jas*****@gmail.com,67******01,successful,7999.65,2025-07
3096,342,Jessica Fowler,108,,Mixer Grinder,Home,online,Hyderabad,2025-08-29,1,UPI,0.25,Jes*****@gmail.com,99******18,successful,,2025-08
3097,587,Lucas Acosta,104,8000.0,Shoes,Cloth,offline,Mumbai,2025-09-16,4,Card,0.35,Luc*****@yahoo.com,80******93,successful,31999.65,2025-09
3098,390,Erika Knight,107,50000.0,Dining Table,Furn,online,Mumbai,2025-06-03,3,Card,0.25,Eri*****@gmail.com,88******25,successful,149999.75,2025-06
3100,563,Robert Baird,109,65000.0,Refrigerator,Home Appliances,online,Hyderabad,2025-09-12,2,NetBanking,0.2,Rob*****@gmail.com,64******00,successful,129999.8,2025-09
3101,30,Todd Harding,106,,Sofa,Furn,offline,Hyderabad,2026-02-26,5,UPI,0.05,Tod*****@yahoo.com,78******21,successful,,2026-02
3102,417,Kristina Lewis,101,,Laptop,Electronics,offline,Delhi,2025-07-21,3,NetBanking,0.15,Kri*****@gmail.com,78******32,successful,,2025-07
3104,820,Mary Goodwin,104,8000.0,Shoes,Clothing,online,Delhi,2026-11-01,1,NetBanking,0.2,Mar*****@yahoo.com,85******01,successful,7999.8,2026-11
3105,231,Jason Smith,104,8000.0,Shoes,Clothing,offline,Hyderabad,2025-08-09,1,NetBanking,0.4,Jas*****@gmail.com,77******99,successful,7999.6,2025-08
3107,196,Mary Hicks,101,250000.0,Laptop,Electronics,online,Chennai,2025-08-04,1,NetBanking,0.25,Mar*****@gmail.com,78******72,successful,249999.75,2025-08
3109,45,Tasha Baker,105,45000.0,Tv,Electronics,online,Delhi,2026-01-26,2,UPI,0.05,Tas*****@gmail.com,75******43,successful,89999.95,2026-01
3112,362,David Wells,108,,Mixer Grinder,Home,offline,Bangalore,2025-08-05,3,NetBanking,0.25,Dav*****@yahoo.com,76******22,successful,,2025-08
3113,64,Sheri Osborne,105,45000.0,Tv,Elec,online,Mumbai,2025-07-15,1,Cash,0.4,She*****@gmail.com,75******75,successful,44999.6,2025-07
3114,892,Logan Hayes,107,50000.0,Dining Table,Furniture,online,Mumbai,2026-02-25,1,NetBanking,0.15,Log*****@yahoo.com,64******03,successful,49999.85,2026-02
3115,190,Heather Martinez,104,8000.0,Shoes,Clothing,online,Chennai,2025-08-02,2,UPI,0.1,Hea*****@gmail.com,93******76,successful,15999.9,2025-08
3116,910,Cindy Price,103,1300.0,Shirt,Clothing,offline,Bangalore,2025-05-22,5,UPI,0.2,Cin*****@outlook.com,97******64,successful,6499.8,2025-05
3117,745,Jennifer Weeks,102,70000.0,Phone,Electronics,offline,Hyderabad,2025-09-27,4,UPI,0.1,Jen*****@gmail.com,92******95,successful,279999.9,2025-09
3118,297,Susan Hill,102,70000.0,Phone,Elec,online,Delhi,2025-12-03,1,Cash,0.25,Sus*****@outlook.com,69******63,successful,69999.75,2025-12
3121,252,Shannon Dennis,102,70000.0,Phone,Electronics,offline,Hyderabad,2025-08-19,5,Cash,0.4,Sha*****@gmail.com,62******31,successful,349999.6,2025-08
3122,877,John Warren,102,70000.0,Phone,Elec,offline,Hyderabad,2025-07-12,1,UPI,0.2,Joh*****@gmail.com,80******46,successful,69999.8,2025-07
3123,313,Mary Lowe,108,15000.0,Mixer Grinder,Home Appliances,online,Delhi,2025-06-26,4,UPI,0.2,Mar*****@outlook.com,66******40,successful,59999.8,2025-06
3125,565,Craig Moore,107,50000.0,Dining Table,Furniture,offline,Mumbai,2025-12-04,3,Card,0.05,Cra*****@gmail.com,99******11,successful,149999.95,2025-12
3126,264,Kelli Johnson,110,45000.0,Microwave,Home Appliances,online,Bangalore,2026-11-01,1,Cash,0.1,Kel*****@gmail.com,98******31,successful,44999.9,2026-11
3128,396,Connie Edwards,110,45000.0,Microwave,Home,offline,Hyderabad,2025-11-08,1,Cash,0.05,Con*****@gmail.com,82******87,successful,44999.95,2025-11
3130,879,Andrew Johnston,105,45000.0,Tv,Elec,offline,Mumbai,2026-03-04,3,UPI,0.3,And*****@yahoo.com,92******66,successful,134999.7,2026-03
3132,362,David Wells,110,45000.0,Microwave,Home,online,Bangalore,2025-10-13,1,Cash,0.2,Dav*****@yahoo.com,76******22,successful,44999.8,2025-10
3133,788,William Wright,108,15000.0,Mixer Grinder,Home,offline,Bangalore,2026-03-19,3,Cash,0.25,Wil*****@gmail.com,85******93,successful,44999.75,2026-03
3134,205,Renee Harris,101,250000.0,Laptop,Elec,online,Mumbai,2026-09-04,1,Cash,0.1,Ren*****@gmail.com,94******50,successful,249999.9,2026-09
3135,385,Austin Love,103,1300.0,Shirt,Cloth,offline,Hyderabad,2025-10-15,3,Cash,0.3,Aus*****@gmail.com,72******84,successful,3899.7,2025-10
3136,284,Erin Richmond,110,45000.0,Microwave,Home,offline,Chennai,2026-01-05,2,UPI,0.05,Eri*****@gmail.com,92******78,successful,89999.95,2026-01
3137,182,Kathleen Castro,107,50000.0,Dining Table,Furniture,online,Hyderabad,2026-11-01,3,UPI,0.25,Kat*****@outlook.com,88******67,successful,149999.75,2026-11
3138,998,Joseph Perez,108,15000.0,Mixer Grinder,Home,online,Delhi,2025-08-18,5,NetBanking,0.2,Jos*****@gmail.com,64******36,successful,74999.8,2025-08
3139,169,Angela Dixon,104,8000.0,Shoes,Clothing,online,Mumbai,2026-12-04,4,NetBanking,0.1,Ang*****@gmail.com,97******04,successful,31999.9,2026-12
3141,62,Sarah Park,108,15000.0,Mixer Grinder,Home Appliances,offline,Delhi,2026-02-25,3,UPI,0.4,Sar*****@gmail.com,66******51,successful,44999.6,2026-02
3143,216,Patricia Myers,102,,Phone,Electronics,online,Chennai,2025-04-16,4,UPI,0.1,Pat*****@gmail.com,88******11,successful,,2025-04
3144,35,Guy Walker,110,45000.0,Microwave,Home,online,Chennai,2025-10-27,1,UPI,0.4,Guy*****@gmail.com,95******11,successful,44999.6,2025-10
3145,355,Robert Nelson,108,15000.0,Mixer Grinder,Home Appliances,offline,Hyderabad,2026-02-07,1,UPI,0.15,Rob*****@outlook.com,93******62,successful,14999.85,2026-02
3146,363,Leonard Travis,110,,Microwave,Home Appliances,online,Delhi,2025-04-12,2,Cash,0.05,Leo*****@gmail.com,90******72,successful,,2025-04
3147,176,Robin Scott,101,250000.0,Laptop,Electronics,offline,Chennai,2026-03-24,5,UPI,0.1,Rob*****@outlook.com,61******05,successful,1249999.9,2026-03
3148,892,Logan Hayes,110,45000.0,Microwave,Home Appliances,online,Mumbai,2025-09-02,4,Card,0.15,Log*****@yahoo.com,64******03,successful,179999.85,2025-09
3150,756,Juan Mata,104,8000.0,Shoes,Cloth,online,Bangalore,2025-08-15,2,Cash,0.4,Jua*****@yahoo.com,68******18,successful,15999.6,2025-08
3152,127,Carlos Hickman,109,65000.0,Refrigerator,Home Appliances,online,Bangalore,2026-11-03,5,Cash,0.35,Car*****@gmail.com,60******86,successful,324999.65,2026-11
3153,989,Jason Huerta,107,50000.0,Dining Table,Furniture,offline,Chennai,2025-04-28,2,NetBanking,0.3,Jas*****@yahoo.com,95******62,successful,99999.7,2025-04
3154,40,Kristina Harrell,110,45000.0,Microwave,Home,online,Hyderabad,2025-07-03,4,UPI,0.1,Kri*****@outlook.com,74******74,successful,179999.9,2025-07
3157,156,Sara Romero,105,45000.0,Tv,Elec,offline,Chennai,2026-01-17,1,Cash,0.2,Sar*****@gmail.com,91******62,successful,44999.8,2026-01
3158,63,Joseph Little,103,1300.0,Shirt,Clothing,online,Mumbai,2026-03-16,4,Card,0.3,Jos*****@yahoo.com,77******53,successful,5199.7,2026-03
3159,293,Luke Cummings,107,50000.0,Dining Table,Furniture,online,Hyderabad,2026-11-01,5,NetBanking,0.25,Luk*****@gmail.com,88******61,successful,249999.75,2026-11
3160,695,Jillian Rodgers,109,65000.0,Refrigerator,Home Appliances,online,Hyderabad,2025-06-10,1,Card,0.3,Jil*****@gmail.com,84******11,successful,64999.7,2025-06
3162,279,Lucas Stevens,106,80000.0,Sofa,Furniture,online,Hyderabad,2025-04-12,5,Cash,0.3,Luc*****@outlook.com,67******87,successful,399999.7,2025-04
3163,813,John Harris,109,65000.0,Refrigerator,Home Appliances,offline,Chennai,2026-12-02,1,UPI,0.05,Joh*****@gmail.com,95******48,successful,64999.95,2026-12
3164,388,Daniel Wilson,104,8000.0,Shoes,Clothing,offline,Bangalore,2025-11-12,3,UPI,0.1,Dan*****@gmail.com,80******53,successful,23999.9,2025-11
3167,526,Paul Fields,109,65000.0,Refrigerator,Home Appliances,offline,Chennai,2025-10-01,1,Cash,0.25,Pau*****@gmail.com,90******06,successful,64999.75,2025-10
3168,55,Patrick Velez,105,45000.0,Tv,Electronics,offline,Bangalore,2026-04-06,4,Card,0.15,Pat*****@gmail.com,61******85,successful,179999.85,2026-04
3169,62,Sarah Park,108,15000.0,Mixer Grinder,Home Appliances,online,Delhi,2025-11-27,4,Card,0.05,Sar*****@gmail.com,66******51,successful,59999.95,2025-11
3170,910,Cindy Price,107,50000.0,Dining Table,Furniture,offline,Bangalore,2025-08-18,3,UPI,0.25,Cin*****@outlook.com,97******64,successful,149999.75,2025-08
3171,299,Megan Harris,106,80000.0,Sofa,Furn,online,Chennai,2025-07-12,4,UPI,0.4,Meg*****@gmail.com,67******34,successful,319999.6,2025-07
3172,261,Ronnie Martin,107,50000.0,Dining Table,Furniture,online,Bangalore,2025-04-29,1,Card,0.05,Ron*****@yahoo.com,84******60,successful,49999.95,2025-04
3174,212,Russell Day,104,8000.0,Shoes,Cloth,online,Bangalore,2026-11-02,2,UPI,0.2,Rus*****@yahoo.com,78******03,successful,15999.8,2026-11
3176,995,Anthony Holloway,103,1300.0,Shirt,Cloth,online,Chennai,2026-03-27,4,Card,0.1,Ant*****@yahoo.com,71******77,successful,5199.9,2026-03
3177,364,Kelly Graves,106,80000.0,Sofa,Furn,online,Bangalore,2025-08-03,1,UPI,0.05,Kel*****@gmail.com,62******43,successful,79999.95,2025-08
3178,927,Bradley Sparks,106,,Sofa,Furniture,offline,Chennai,2025-09-03,1,UPI,0.2,Bra*****@gmail.com,82******14,successful,,2025-09
3180,602,Jeanne Stewart,104,,Shoes,Cloth,offline,Mumbai,2025-04-27,5,Cash,0.15,Jea*****@gmail.com,99******45,successful,,2025-04
3181,146,Jose Thomas,104,8000.0,Shoes,Cloth,offline,Bangalore,2025-12-17,3,Cash,0.3,Jos*****@outlook.com,83******63,successful,23999.7,2025-12
3182,71,Tina Bowers,110,45000.0,Microwave,Home Appliances,online,Bangalore,2025-11-27,4,Card,0.35,Tin*****@yahoo.com,74******05,successful,179999.65,2025-11
3184,486,Juan Rios,102,70000.0,Phone,Elec,online,Chennai,2025-10-15,5,Card,0.2,Jua*****@yahoo.com,63******98,successful,349999.8,2025-10
3186,370,Jessica Moreno,105,45000.0,Tv,Electronics,offline,Delhi,2025-11-04,1,Card,0.35,Jes*****@gmail.com,89******38,successful,44999.65,2025-11
3187,452,Cory Humphrey,101,250000.0,Laptop,Elec,offline,Hyderabad,2026-04-01,3,Card,0.35,Cor*****@gmail.com,99******38,successful,749999.65,2026-04
3188,63,Joseph Little,105,45000.0,Tv,Electronics,offline,Mumbai,2025-02-11,4,Cash,0.2,Jos*****@yahoo.com,77******53,successful,179999.8,2025-02
3189,118,Tammy Harding,110,45000.0,Microwave,Home Appliances,online,Mumbai,2025-10-05,3,NetBanking,0.3,Tam*****@gmail.com,87******33,successful,134999.7,2025-10
3190,971,Larry Ramos,106,80000.0,Sofa,Furniture,offline,Chennai,2025-12-13,4,NetBanking,0.35,Lar*****@gmail.com,89******14,successful,319999.65,2025-12
3191,729,Elizabeth Hunt,110,45000.0,Microwave,Home Appliances,offline,Mumbai,2025-07-05,5,UPI,0.1,Eli*****@outlook.com,89******21,successful,224999.9,2025-07
3193,529,Justin Brown,107,50000.0,Dining Table,Furn,online,Bangalore,2025-08-12,2,NetBanking,0.05,Jus*****@outlook.com,75******82,successful,99999.95,2025-08
3194,368,Emily Scott,103,1300.0,Shirt,Cloth,online,Mumbai,2025-05-29,1,UPI,0.15,Emi*****@yahoo.com,91******34,successful,1299.85,2025-05
3195,204,Kevin Osborne,109,65000.0,Refrigerator,Home,offline,Chennai,2026-04-15,5,Cash,0.4,Kev*****@gmail.com,62******34,successful,324999.6,2026-04
3196,219,Alexander Phillips,108,15000.0,Mixer Grinder,Home Appliances,offline,Mumbai,2025-12-10,1,NetBanking,0.1,Ale*****@gmail.com,72******92,successful,14999.9,2025-12
3197,550,Raymond Martinez,110,45000.0,Microwave,Home Appliances,online,Chennai,2025-09-29,3,Card,0.35,Ray*****@gmail.com,71******50,successful,134999.65,2025-09
3198,858,Kristina Stewart,110,45000.0,Microwave,Home Appliances,online,Hyderabad,2025-07-02,1,NetBanking,0.05,Kri*****@yahoo.com,85******97,successful,44999.95,2025-07
3199,742,Wesley Davis,105,,Tv,Electronics,offline,Delhi,2025-12-15,5,NetBanking,0.05,Wes*****@outlook.com,69******46,successful,,2025-12
3200,491,John Olson,102,,Phone,Electronics,online,Hyderabad,2025-10-31,1,Cash,0.25,Joh*****@yahoo.com,82******25,successful,,2025-10
3201,106,James Pham,105,45000.0,Tv,Elec,offline,Chennai,2026-02-24,2,Card,0.1,Jam*****@gmail.com,89******47,successful,89999.9,2026-02
3202,258,Larry Taylor,101,250000.0,Laptop,Elec,offline,Chennai,2025-11-10,1,UPI,0.1,Lar*****@yahoo.com,98******95,successful,249999.9,2025-11
3203,578,Kristi Wilson,105,45000.0,Tv,Electronics,online,Chennai,2025-05-21,2,Cash,0.25,Kri*****@yahoo.com,60******23,successful,89999.75,2025-05
3204,139,Melissa Peterson,110,45000.0,Microwave,Home Appliances,online,Mumbai,2025-06-09,5,NetBanking,0.15,Mel*****@outlook.com,87******33,successful,224999.85,2025-06
3205,116,Doris Banks,102,70000.0,Phone,Electronics,offline,Delhi,2025-01-09,2,NetBanking,0.1,Dor*****@yahoo.com,93******06,successful,139999.9,2025-01
3206,742,Wesley Davis,106,80000.0,Sofa,Furniture,online,Delhi,2026-04-02,3,UPI,0.3,Wes*****@outlook.com,69******46,successful,239999.7,2026-04
3208,262,Michael Elliott,102,70000.0,Phone,Electronics,offline,Mumbai,2026-03-02,4,Cash,0.4,Mic*****@yahoo.com,66******22,successful,279999.6,2026-03
3209,428,Michelle Rogers,108,15000.0,Mixer Grinder,Home,online,Bangalore,2026-02-12,2,NetBanking,0.15,Mic*****@gmail.com,92******99,successful,29999.85,2026-02
3210,360,Lindsey Yang,101,250000.0,Laptop,Electronics,offline,Hyderabad,2025-07-28,4,Card,0.35,Lin*****@gmail.com,98******92,successful,999999.65,2025-07
3212,672,Austin Perez,109,,Refrigerator,Home Appliances,online,Delhi,2025-03-08,2,NetBanking,0.3,Aus*****@gmail.com,60******18,successful,,2025-03
3214,185,Sarah Cohen,101,,Laptop,Electronics,online,Mumbai,2025-08-09,2,UPI,0.35,Sar*****@outlook.com,88******28,successful,,2025-08
3215,160,Eric Richardson,106,,Sofa,Furniture,online,Bangalore,2025-09-21,3,UPI,0.2,Eri*****@gmail.com,97******26,successful,,2025-09
3216,570,Donald Carter,107,50000.0,Dining Table,Furniture,online,Chennai,2026-01-30,1,UPI,0.2,Don*****@gmail.com,79******19,successful,49999.8,2026-01
3217,177,Barbara Weber,110,45000.0,Microwave,Home Appliances,online,Chennai,2025-07-28,3,UPI,0.4,Bar*****@gmail.com,62******42,successful,134999.6,2025-07
3218,215,Crystal Aguilar,101,250000.0,Laptop,Electronics,offline,Mumbai,2025-08-06,3,Cash,0.4,Cry*****@gmail.com,61******10,successful,749999.6,2025-08
3219,787,Lauren Wallace,107,50000.0,Dining Table,Furniture,offline,Hyderabad,2025-11-14,3,Cash,0.4,Lau*****@gmail.com,98******67,successful,149999.6,2025-11
3220,243,Christian Martin,110,45000.0,Microwave,Home Appliances,online,Delhi,2025-07-03,1,UPI,0.25,Chr*****@yahoo.com,63******62,successful,44999.75,2025-07
3221,45,Tasha Baker,107,50000.0,Dining Table,Furniture,offline,Delhi,2025-12-11,1,UPI,0.2,Tas*****@gmail.com,75******43,successful,49999.8,2025-12
3224,2,Steven Evans,102,70000.0,Phone,Electronics,offline,Delhi,2025-07-22,4,Cash,0.2,Ste*****@gmail.com,94******87,successful,279999.8,2025-07
3225,552,Anthony Cox,109,65000.0,Refrigerator,Home,offline,Hyderabad,2025-05-16,3,UPI,0.15,Ant*****@gmail.com,77******92,successful,194999.85,2025-05
3226,173,Joshua Smith,101,250000.0,Laptop,Elec,offline,Delhi,2025-12-05,4,NetBanking,0.4,Jos*****@outlook.com,93******78,successful,999999.6,2025-12
3228,905,Katie George,102,70000.0,Phone,Electronics,offline,Hyderabad,2026-03-07,2,Cash,0.35,Kat*****@gmail.com,69******52,successful,139999.65,2026-03
3229,892,Logan Hayes,101,250000.0,Laptop,Electronics,online,Mumbai,2025-08-18,3,NetBanking,0.05,Log*****@yahoo.com,64******03,successful,749999.95,2025-08
3230,664,Catherine Anderson,104,8000.0,Shoes,Clothing,online,Bangalore,2026-06-03,3,NetBanking,0.05,Cat*****@gmail.com,92******01,successful,23999.95,2026-06
3231,30,Todd Harding,110,45000.0,Microwave,Home Appliances,online,Hyderabad,2025-10-16,3,Cash,0.1,Tod*****@yahoo.com,78******21,successful,134999.9,2025-10
3232,713,Jason Griffin,109,65000.0,Refrigerator,Home Appliances,online,Hyderabad,2025-04-09,3,Cash,0.05,Jas*****@gmail.com,89******07,successful,194999.95,2025-04
3233,359,Ryan Williams,107,50000.0,Dining Table,Furniture,offline,Delhi,2025-11-06,1,UPI,0.35,Rya*****@gmail.com,63******99,successful,49999.65,2025-11
3235,432,Charles Nelson,103,1300.0,Shirt,Clothing,online,Mumbai,2025-07-10,4,UPI,0.2,Cha*****@yahoo.com,90******74,successful,5199.8,2025-07
3236,656,Adam White,108,15000.0,Mixer Grinder,Home,offline,Hyderabad,2025-09-07,4,NetBanking,0.15,Ada*****@yahoo.com,90******07,successful,59999.85,2025-09
3237,282,Tasha Roberson,105,45000.0,Tv,Elec,offline,Hyderabad,2025-07-11,5,Card,0.15,Tas*****@outlook.com,92******95,successful,224999.85,2025-07
3238,843,Chelsea Hester,110,45000.0,Microwave,Home Appliances,online,Bangalore,2025-08-01,4,NetBanking,0.05,Che*****@gmail.com,81******61,successful,179999.95,2025-08
3240,301,Alexandra Nguyen,108,15000.0,Mixer Grinder,Home Appliances,offline,Delhi,2025-08-12,3,Cash,0.2,Ale*****@gmail.com,68******66,successful,44999.8,2025-08
3242,858,Kristina Stewart,109,65000.0,Refrigerator,Home,online,Hyderabad,2025-09-05,3,Cash,0.05,Kri*****@yahoo.com,85******97,successful,194999.95,2025-09
3243,633,Julie Jackson,107,,Dining Table,Furn,online,Delhi,2025-10-18,4,Cash,0.4,Jul*****@gmail.com,71******01,successful,,2025-10
3244,392,Jeffery Wallace,101,250000.0,Laptop,Electronics,online,Hyderabad,2025-06-23,1,Cash,0.3,Jef*****@gmail.com,83******77,successful,249999.7,2025-06
3246,704,Susan Thomas,102,70000.0,Phone,Electronics,online,Chennai,2025-07-24,2,UPI,0.4,Sus*****@outlook.com,60******32,successful,139999.6,2025-07
3247,988,John Thomas,107,50000.0,Dining Table,Furniture,online,Delhi,2026-03-19,2,Card,0.35,Joh*****@gmail.com,91******39,successful,99999.65,2026-03
3248,53,John Bridges,109,65000.0,Refrigerator,Home,online,Hyderabad,2025-06-02,5,Card,0.2,Joh*****@outlook.com,98******17,successful,324999.8,2025-06
3251,808,Brandon Hicks,109,65000.0,Refrigerator,Home Appliances,offline,Mumbai,2025-05-07,5,Card,0.2,Bra*****@yahoo.com,66******49,successful,324999.8,2025-05
3252,767,John Farmer,109,65000.0,Refrigerator,Home Appliances,offline,Mumbai,2025-12-03,3,NetBanking,0.2,Joh*****@outlook.com,62******80,successful,194999.8,2025-12
3253,101,Craig Ray,109,65000.0,Refrigerator,Home Appliances,online,Delhi,2025-10-22,1,Cash,0.35,Cra*****@gmail.com,83******16,successful,64999.65,2025-10
3254,669,Joseph Moses,109,65000.0,Refrigerator,Home Appliances,online,Chennai,2025-12-29,4,Card,0.2,Jos*****@outlook.com,95******25,successful,259999.8,2025-12
3255,219,Alexander Phillips,103,1300.0,Shirt,Clothing,offline,Mumbai,2026-01-06,4,Card,0.3,Ale*****@gmail.com,72******92,successful,5199.7,2026-01
3256,586,Michael Mason,105,45000.0,Tv,Electronics,online,Delhi,2025-11-24,2,Card,0.1,Mic*****@outlook.com,70******72,successful,89999.9,2025-11
3258,479,Tracy Underwood,105,45000.0,Tv,Elec,online,Chennai,2025-06-16,2,Card,0.3,Tra*****@outlook.com,96******08,successful,89999.7,2025-06
3259,312,James Morales,101,,Laptop,Electronics,online,Bangalore,2025-03-10,5,Card,0.4,Jam*****@yahoo.com,81******00,successful,,2025-03
3260,738,Brent Smith,108,15000.0,Mixer Grinder,Home,offline,Chennai,2025-07-05,5,UPI,0.3,Bre*****@gmail.com,77******44,successful,74999.7,2025-07
3261,674,Haley Alvarez,102,,Phone,Elec,online,Bangalore,2025-12-12,4,NetBanking,0.25,Hal*****@outlook.com,99******72,successful,,2025-12
3263,127,Carlos Hickman,105,45000.0,Tv,Electronics,online,Bangalore,2026-01-26,4,Cash,0.35,Car*****@gmail.com,60******86,successful,179999.65,2026-01
3264,878,Sarah Brown,103,1300.0,Shirt,Clothing,offline,Chennai,2026-02-20,4,Cash,0.2,Sar*****@yahoo.com,97******98,successful,5199.8,2026-02
3265,802,John Mills,103,1300.0,Shirt,Clothing,offline,Bangalore,2026-03-03,1,Card,0.35,Joh*****@outlook.com,92******15,successful,1299.65,2026-03
3267,820,Mary Goodwin,109,65000.0,Refrigerator,Home Appliances,offline,Delhi,2026-03-08,2,UPI,0.15,Mar*****@yahoo.com,85******01,successful,129999.85,2026-03
3268,892,Logan Hayes,110,45000.0,Microwave,Home,online,Mumbai,2025-12-06,4,Card,0.3,Log*****@yahoo.com,64******03,successful,179999.7,2025-12
3269,508,Jesus Decker,104,8000.0,Shoes,Cloth,online,Bangalore,2025-10-11,4,Card,0.2,Jes*****@gmail.com,69******92,successful,31999.8,2025-10
3271,799,Stephanie Dunn,102,70000.0,Phone,Elec,online,Delhi,2025-05-10,2,Cash,0.2,Ste*****@gmail.com,74******44,successful,139999.8,2025-05
3273,239,Tyler Greene,107,50000.0,Dining Table,Furniture,online,Delhi,2025-11-09,1,NetBanking,0.2,Tyl*****@gmail.com,81******07,successful,49999.8,2025-11
3275,546,Angel Gibson,101,250000.0,Laptop,Electronics,offline,Mumbai,2025-04-16,4,NetBanking,0.05,Ang*****@outlook.com,88******27,successful,999999.95,2025-04
3278,286,Carmen Sanders,103,,Shirt,Clothing,offline,Hyderabad,2025-05-02,4,Card,0.4,Car*****@gmail.com,88******19,successful,,2025-05
3280,261,Ronnie Martin,105,45000.0,Tv,Electronics,offline,Bangalore,2025-07-14,3,Cash,0.15,Ron*****@yahoo.com,84******60,successful,134999.85,2025-07
3281,5,Kathleen Olson,105,45000.0,Tv,Electronics,offline,Hyderabad,2025-07-26,5,NetBanking,0.1,Kat*****@gmail.com,64******05,successful,224999.9,2025-07
3282,843,Chelsea Hester,105,45000.0,Tv,Electronics,online,Bangalore,2025-04-30,3,Cash,0.15,Che*****@gmail.com,81******61,successful,134999.85,2025-04
3283,541,Melissa Perez,105,45000.0,Tv,Electronics,offline,Delhi,2026-01-13,2,Cash,0.15,Mel*****@gmail.com,83******72,successful,89999.85,2026-01
3284,214,Megan Hall,106,80000.0,Sofa,Furniture,offline,Mumbai,2026-03-02,4,Card,0.15,Meg*****@yahoo.com,69******84,successful,319999.85,2026-03
3286,73,Anthony Gonzalez,105,45000.0,Tv,Elec,online,Mumbai,2025-11-13,1,Cash,0.4,Ant*****@yahoo.com,95******12,successful,44999.6,2025-11
3287,953,Adam Taylor,108,15000.0,Mixer Grinder,Home,offline,Bangalore,2026-03-03,2,NetBanking,0.05,Ada*****@gmail.com,91******91,successful,29999.95,2026-03
3288,597,Paul Foster,110,45000.0,Microwave,Home,online,Bangalore,2025-09-07,5,Card,0.05,Pau*****@gmail.com,86******74,successful,224999.95,2025-09
3289,750,Kristi Blackwell,108,15000.0,Mixer Grinder,Home Appliances,online,Hyderabad,2025-08-01,3,NetBanking,0.35,Kri*****@yahoo.com,77******01,successful,44999.65,2025-08
3291,726,Joshua Walker,108,15000.0,Mixer Grinder,Home Appliances,online,Mumbai,2026-03-11,3,UPI,0.3,Jos*****@outlook.com,92******09,successful,44999.7,2026-03
3293,420,Marcus Wilkinson,108,,Mixer Grinder,Home,offline,Hyderabad,2025-05-17,3,UPI,0.4,Mar*****@yahoo.com,75******10,successful,,2025-05
3294,927,Bradley Sparks,105,45000.0,Tv,Electronics,offline,Chennai,2025-08-11,4,Card,0.35,Bra*****@gmail.com,82******14,successful,179999.65,2025-08
3295,764,Jody Gardner,110,45000.0,Microwave,Home Appliances,offline,Mumbai,2026-01-30,2,Card,0.05,Jod*****@outlook.com,86******67,successful,89999.95,2026-01
3296,258,Larry Taylor,104,8000.0,Shoes,Clothing,online,Chennai,2025-06-30,3,Cash,0.25,Lar*****@yahoo.com,98******95,successful,23999.75,2025-06
3297,529,Justin Brown,101,250000.0,Laptop,Elec,online,Bangalore,2025-08-30,2,UPI,0.25,Jus*****@outlook.com,75******82,successful,499999.75,2025-08
3298,183,Paul Gomez,104,8000.0,Shoes,Cloth,online,Hyderabad,2026-03-23,1,UPI,0.05,Pau*****@yahoo.com,88******50,successful,7999.95,2026-03
3299,321,Chris Garcia,106,80000.0,Sofa,Furn,online,Mumbai,2025-10-07,3,Card,0.25,Chr*****@outlook.com,98******95,successful,239999.75,2025-10
3300,254,Daniel Santos,108,15000.0,Mixer Grinder,Home,offline,Hyderabad,2025-04-25,5,NetBanking,0.3,Dan*****@yahoo.com,89******63,successful,74999.7,2025-04
3301,236,Frank Gray,109,65000.0,Refrigerator,Home Appliances,online,Bangalore,2026-04-02,2,NetBanking,0.15,Fra*****@gmail.com,98******32,successful,129999.85,2026-04
3302,292,Brenda Reilly,105,45000.0,Tv,Elec,offline,Delhi,2025-09-19,4,UPI,0.15,Bre*****@yahoo.com,62******49,successful,179999.85,2025-09
3303,18,Allison Adams,105,45000.0,Tv,Electronics,offline,Mumbai,2025-07-02,3,UPI,0.3,All*****@gmail.com,62******99,successful,134999.7,2025-07
3304,916,Betty Mcdaniel,108,15000.0,Mixer Grinder,Home,online,Chennai,2025-05-29,2,Cash,0.15,Bet*****@yahoo.com,73******68,successful,29999.85,2025-05
3305,573,Erin Duncan,101,250000.0,Laptop,Electronics,online,Chennai,2025-05-11,5,Cash,0.2,Eri*****@gmail.com,79******15,successful,1249999.8,2025-05
3307,8,Francisco Suarez,103,1300.0,Shirt,Clothing,offline,Hyderabad,2025-11-10,4,UPI,0.4,Fra*****@gmail.com,97******30,successful,5199.6,2025-11
3308,364,Kelly Graves,110,45000.0,Microwave,Home,online,Bangalore,2025-01-09,2,Card,0.35,Kel*****@gmail.com,62******43,successful,89999.65,2025-01
3309,947,Gabriel Golden,110,45000.0,Microwave,Home Appliances,online,Mumbai,2026-03-13,2,UPI,0.25,Gab*****@gmail.com,75******30,successful,89999.75,2026-03
3310,217,Eric Cross,109,65000.0,Refrigerator,Home Appliances,offline,Bangalore,2026-01-25,2,NetBanking,0.35,Eri*****@gmail.com,65******96,successful,129999.65,2026-01
3311,625,Elizabeth Duran,102,70000.0,Phone,Elec,online,Mumbai,2026-01-19,4,Card,0.2,Eli*****@gmail.com,78******97,successful,279999.8,2026-01
3312,313,Mary Lowe,106,,Sofa,Furniture,online,Delhi,2025-06-21,4,Card,0.1,Mar*****@outlook.com,66******40,successful,,2025-06
3313,75,Jacob Mathis,102,70000.0,Phone,Electronics,offline,Mumbai,2025-04-21,2,Card,0.2,Jac*****@gmail.com,91******87,successful,139999.8,2025-04
3314,917,Alexandria Marks,109,65000.0,Refrigerator,Home Appliances,offline,Hyderabad,2025-12-07,2,NetBanking,0.4,Ale*****@gmail.com,88******19,successful,129999.6,2025-12
3316,642,Troy Mitchell,103,1300.0,Shirt,Cloth,offline,Bangalore,2025-07-18,4,Card,0.15,Tro*****@gmail.com,83******68,successful,5199.85,2025-07
3317,339,Stacy Hernandez,107,50000.0,Dining Table,Furniture,online,Delhi,2025-06-12,5,Cash,0.1,Sta*****@yahoo.com,76******84,successful,249999.9,2025-06
3318,989,Jason Huerta,109,65000.0,Refrigerator,Home Appliances,offline,Chennai,2026-07-03,3,Card,0.1,Jas*****@yahoo.com,95******62,successful,194999.9,2026-07
3319,621,David Kline,107,50000.0,Dining Table,Furniture,online,Delhi,2025-09-02,4,Cash,0.3,Dav*****@outlook.com,84******81,successful,199999.7,2025-09
3320,615,Carolyn Torres,106,,Sofa,Furn,online,Mumbai,2025-06-22,1,NetBanking,0.2,Car*****@gmail.com,66******38,successful,,2025-06
3322,360,Lindsey Yang,104,8000.0,Shoes,Clothing,online,Hyderabad,2025-12-12,1,NetBanking,0.15,Lin*****@gmail.com,98******92,successful,7999.85,2025-12
3323,411,Robin Hernandez,103,1300.0,Shirt,Cloth,online,Hyderabad,2025-09-03,3,NetBanking,0.3,Rob*****@yahoo.com,64******06,successful,3899.7,2025-09
3324,85,Suzanne Estes,107,50000.0,Dining Table,Furn,offline,Delhi,2025-12-12,4,NetBanking,0.1,Suz*****@gmail.com,80******53,successful,199999.9,2025-12
3326,736,Lisa Lee,107,50000.0,Dining Table,Furniture,online,Delhi,2025-07-31,3,Card,0.05,Lis*****@gmail.com,70******21,successful,149999.95,2025-07
3327,610,Melissa Jones,106,80000.0,Sofa,Furniture,online,Chennai,2025-08-17,5,UPI,0.15,Mel*****@gmail.com,86******33,successful,399999.85,2025-08
3328,452,Cory Humphrey,110,45000.0,Microwave,Home,offline,Hyderabad,2025-04-10,2,UPI,0.15,Cor*****@gmail.com,99******38,successful,89999.85,2025-04
3330,534,Deborah Lopez,102,70000.0,Phone,Elec,online,Delhi,2025-11-10,3,UPI,0.05,Deb*****@yahoo.com,91******18,successful,209999.95,2025-11
3332,4,Kelly Brown,102,,Phone,Elec,online,Chennai,2025-07-21,4,UPI,0.35,Kel*****@gmail.com,68******99,successful,,2025-07
3333,921,Jessica Taylor,107,50000.0,Dining Table,Furniture,offline,Mumbai,2025-11-03,5,UPI,0.3,Jes*****@outlook.com,97******82,successful,249999.7,2025-11
3334,816,Erika Martin,103,1300.0,Shirt,Cloth,online,Delhi,2026-07-03,2,NetBanking,0.05,Eri*****@yahoo.com,70******45,successful,2599.95,2026-07
3336,326,Deborah Reyes,102,70000.0,Phone,Elec,online,Delhi,2026-02-02,3,UPI,0.05,Deb*****@outlook.com,73******57,successful,209999.95,2026-02
3337,646,Pamela Bennett,110,45000.0,Microwave,Home,online,Mumbai,2026-03-19,2,Cash,0.25,Pam*****@outlook.com,97******61,successful,89999.75,2026-03
3338,820,Mary Goodwin,107,50000.0,Dining Table,Furniture,offline,Delhi,2025-11-16,4,UPI,0.4,Mar*****@yahoo.com,85******01,successful,199999.6,2025-11
3340,901,Robert Mccoy,105,45000.0,Tv,Electronics,online,Mumbai,2025-11-28,5,UPI,0.2,Rob*****@gmail.com,61******32,successful,224999.8,2025-11
3341,514,Joshua Cummings,104,8000.0,Shoes,Clothing,offline,Chennai,2025-07-15,1,Cash,0.2,Jos*****@gmail.com,90******41,successful,7999.8,2025-07
3342,33,John Sullivan,105,45000.0,Tv,Electronics,online,Hyderabad,2026-01-26,1,UPI,0.4,Joh*****@outlook.com,73******63,successful,44999.6,2026-01
3343,144,Amber Boyd,102,70000.0,Phone,Electronics,offline,Mumbai,2025-11-26,4,UPI,0.1,Amb*****@gmail.com,91******81,successful,279999.9,2025-11
3346,775,Roy Chavez,107,50000.0,Dining Table,Furniture,online,Chennai,2025-05-21,1,UPI,0.4,Roy*****@gmail.com,75******10,successful,49999.6,2025-05
3347,376,Traci Floyd,104,8000.0,Shoes,Clothing,offline,Chennai,2025-07-28,4,UPI,0.15,Tra*****@outlook.com,78******16,successful,31999.85,2025-07
3348,618,Alan Torres,110,45000.0,Microwave,Home Appliances,online,Chennai,2025-08-16,4,Card,0.25,Ala*****@yahoo.com,73******05,successful,179999.75,2025-08
3349,722,Alejandro Wagner,106,80000.0,Sofa,Furniture,offline,Bangalore,2025-10-30,3,Card,0.25,Ale*****@outlook.com,78******95,successful,239999.75,2025-10
3350,949,Madison Goodwin,106,80000.0,Sofa,Furniture,offline,Bangalore,2026-12-02,1,Cash,0.2,Mad*****@yahoo.com,85******93,successful,79999.8,2026-12
3351,728,Lisa Miller,104,8000.0,Shoes,Clothing,online,Chennai,2026-04-06,1,Cash,0.1,Lis*****@gmail.com,87******95,successful,7999.9,2026-04
3352,733,Jessica Lin,107,,Dining Table,Furniture,online,Delhi,2025-10-08,4,Cash,0.4,Jes*****@gmail.com,85******63,successful,,2025-10
3353,95,John Jacobs,107,,Dining Table,Furn,offline,Bangalore,2026-02-24,4,Card,0.4,Joh*****@gmail.com,64******60,successful,,2026-02
3354,386,Brittney Moreno,109,65000.0,Refrigerator,Home Appliances,online,Chennai,2026-04-15,4,UPI,0.15,Bri*****@yahoo.com,95******69,successful,259999.85,2026-04
3356,162,Kirsten Thomas,101,,Laptop,Elec,online,Hyderabad,2025-09-15,5,UPI,0.35,Kir*****@yahoo.com,97******18,successful,,2025-09
3358,410,Briana Greene,103,1300.0,Shirt,Clothing,online,Mumbai,2025-12-03,5,Cash,0.35,Bri*****@yahoo.com,73******15,successful,6499.65,2025-12
3360,113,Patricia Carlson,109,65000.0,Refrigerator,Home,offline,Delhi,2026-03-24,1,Cash,0.4,Pat*****@outlook.com,85******59,successful,64999.6,2026-03
3361,381,Melissa Garza,108,15000.0,Mixer Grinder,Home Appliances,online,Hyderabad,2026-09-02,5,Card,0.15,Mel*****@gmail.com,69******06,successful,74999.85,2026-09
3362,903,Susan Nicholson,106,,Sofa,Furn,offline,Mumbai,2025-06-10,1,NetBanking,0.25,Sus*****@yahoo.com,96******59,successful,,2025-06
3363,299,Megan Harris,105,45000.0,Tv,Electronics,offline,Chennai,2025-09-07,3,Cash,0.15,Meg*****@gmail.com,67******34,successful,134999.85,2025-09
3365,97,Joseph Nolan,109,65000.0,Refrigerator,Home,offline,Bangalore,2025-06-10,2,NetBanking,0.4,Jos*****@outlook.com,95******93,successful,129999.6,2025-06
3366,231,Jason Smith,106,80000.0,Sofa,Furniture,offline,Hyderabad,2025-08-07,5,UPI,0.05,Jas*****@gmail.com,77******99,successful,399999.95,2025-08
3367,292,Brenda Reilly,105,45000.0,Tv,Electronics,offline,Delhi,2025-06-10,4,NetBanking,0.05,Bre*****@yahoo.com,62******49,successful,179999.95,2025-06
3368,68,Stephanie Scott,108,15000.0,Mixer Grinder,Home,online,Chennai,2025-05-14,3,Cash,0.3,Ste*****@gmail.com,95******89,successful,44999.7,2025-05
3369,109,Michael Walker,104,8000.0,Shoes,Clothing,online,Mumbai,2025-08-27,4,NetBanking,0.3,Mic*****@yahoo.com,99******71,successful,31999.7,2025-08
3370,182,Kathleen Castro,101,,Laptop,Elec,offline,Hyderabad,2025-04-20,1,Card,0.05,Kat*****@outlook.com,88******67,successful,,2025-04
3371,839,Erik Watson,102,70000.0,Phone,Electronics,offline,Chennai,2026-01-28,1,UPI,0.35,Eri*****@outlook.com,78******46,successful,69999.65,2026-01
3372,225,Caitlin Contreras,101,250000.0,Laptop,Electronics,online,Chennai,2025-09-11,3,Cash,0.25,Cai*****@yahoo.com,79******84,successful,749999.75,2025-09
3373,104,Amanda Castillo,109,65000.0,Refrigerator,Home Appliances,offline,Hyderabad,2026-01-16,1,UPI,0.1,Ama*****@yahoo.com,92******48,successful,64999.9,2026-01
3374,258,Larry Taylor,102,70000.0,Phone,Elec,online,Chennai,2025-09-17,4,Card,0.4,Lar*****@yahoo.com,98******95,successful,279999.6,2025-09
3375,666,Emily Griffith,106,,Sofa,Furniture,online,Mumbai,2026-02-07,2,Card,0.2,Emi*****@gmail.com,94******80,successful,,2026-02
3376,981,Christine Harper,103,1300.0,Shirt,Clothing,online,Mumbai,2026-10-04,2,UPI,0.3,Chr*****@gmail.com,68******39,successful,2599.7,2026-10
3377,912,Brian Randall,106,,Sofa,Furn,online,Mumbai,2025-04-11,4,Cash,0.2,Bri*****@yahoo.com,76******66,successful,,2025-04
3378,611,Robert Lucas,107,50000.0,Dining Table,Furn,offline,Mumbai,2025-06-05,4,UPI,0.3,Rob*****@gmail.com,69******73,successful,199999.7,2025-06
3379,399,Rebecca French,101,250000.0,Laptop,Elec,offline,Chennai,2025-08-03,5,Card,0.2,Reb*****@gmail.com,79******49,successful,1249999.8,2025-08
3380,309,Gary Allen,101,250000.0,Laptop,Electronics,offline,Delhi,2025-09-13,2,Cash,0.4,Gar*****@gmail.com,85******77,successful,499999.6,2025-09
3382,492,Kelsey Torres,101,250000.0,Laptop,Elec,offline,Bangalore,2026-02-02,4,NetBanking,0.35,Kel*****@outlook.com,60******67,successful,999999.65,2026-02
3383,973,Allen Gilbert,107,50000.0,Dining Table,Furniture,offline,Mumbai,2025-06-15,3,Card,0.2,All*****@outlook.com,75******31,successful,149999.8,2025-06
3384,399,Rebecca French,107,50000.0,Dining Table,Furn,offline,Chennai,2025-07-11,3,Cash,0.3,Reb*****@gmail.com,79******49,successful,149999.7,2025-07
3386,932,Jessica Harrell,109,65000.0,Refrigerator,Home,offline,Hyderabad,2025-11-20,2,Cash,0.05,Jes*****@outlook.com,69******25,successful,129999.95,2025-11
3387,98,Cindy Mueller,101,250000.0,Laptop,Electronics,offline,Chennai,2025-12-07,2,Cash,0.35,Cin*****@outlook.com,72******89,successful,499999.65,2025-12
3388,530,Mark Fowler,105,,Tv,Electronics,online,Delhi,2026-06-03,3,Cash,0.25,Mar*****@outlook.com,68******63,successful,,2026-06
3389,542,Angela Martin,105,,Tv,Electronics,online,Chennai,2025-09-29,2,Cash,0.35,Ang*****@outlook.com,66******87,successful,,2025-09
3390,268,Megan Little,110,45000.0,Microwave,Home Appliances,offline,Mumbai,2026-03-31,5,UPI,0.2,Meg*****@gmail.com,86******31,successful,224999.8,2026-03
3395,714,Scott Lane,109,65000.0,Refrigerator,Home Appliances,offline,Mumbai,2026-01-19,1,Cash,0.4,Sco*****@gmail.com,99******50,successful,64999.6,2026-01
3396,148,Christopher Shepherd,102,70000.0,Phone,Electronics,offline,Hyderabad,2025-10-01,2,UPI,0.25,Chr*****@gmail.com,98******50,successful,139999.75,2025-10
3397,73,Anthony Gonzalez,109,65000.0,Refrigerator,Home Appliances,online,Mumbai,2025-09-29,5,UPI,0.15,Ant*****@yahoo.com,95******12,successful,324999.85,2025-09
3398,269,Christina Conrad,103,1300.0,Shirt,Clothing,offline,Chennai,2025-10-09,5,Cash,0.3,Chr*****@yahoo.com,83******47,successful,6499.7,2025-10
3399,870,Thomas Morris,104,8000.0,Shoes,Cloth,offline,Bangalore,2026-12-02,3,NetBanking,0.05,Tho*****@yahoo.com,81******19,successful,23999.95,2026-12
3400,868,Timothy Henderson,102,70000.0,Phone,Elec,online,Hyderabad,2025-07-04,2,UPI,0.2,Tim*****@gmail.com,65******86,successful,139999.8,2025-07
3401,604,Craig Miller,104,8000.0,Shoes,Clothing,online,Chennai,2026-04-04,1,NetBanking,0.15,Cra*****@outlook.com,68******47,successful,7999.85,2026-04
3402,567,Benjamin Peters,105,45000.0,Tv,Electronics,offline,Bangalore,2025-09-06,4,Cash,0.1,Ben*****@gmail.com,78******38,successful,179999.9,2025-09
3403,643,Stacy Hughes,108,15000.0,Mixer Grinder,Home Appliances,online,Mumbai,2026-03-13,1,Card,0.35,Sta*****@gmail.com,91******24,successful,14999.65,2026-03
3404,226,Shawn Townsend,106,80000.0,Sofa,Furn,offline,Delhi,2025-06-22,1,Card,0.15,Sha*****@gmail.com,60******78,successful,79999.85,2025-06
3405,552,Anthony Cox,104,8000.0,Shoes,Cloth,online,Hyderabad,2025-05-04,2,Cash,0.2,Ant*****@gmail.com,77******92,successful,15999.8,2025-05
3406,747,Laura Edwards,101,250000.0,Laptop,Electronics,online,Bangalore,2026-11-03,2,UPI,0.2,Lau*****@yahoo.com,69******69,successful,499999.8,2026-11
3407,6,Eric Turner,108,15000.0,Mixer Grinder,Home Appliances,online,Hyderabad,2025-09-09,5,Cash,0.25,Eri*****@outlook.com,77******82,successful,74999.75,2025-09
3408,252,Shannon Dennis,105,45000.0,Tv,Electronics,offline,Hyderabad,2025-11-17,4,Cash,0.15,Sha*****@gmail.com,62******31,successful,179999.85,2025-11
3410,18,Allison Adams,104,8000.0,Shoes,Clothing,offline,Mumbai,2026-01-12,3,UPI,0.4,All*****@gmail.com,62******99,successful,23999.6,2026-01
3411,888,Jade Garza,107,50000.0,Dining Table,Furniture,online,Hyderabad,2025-11-20,3,Card,0.3,Jad*****@outlook.com,67******23,successful,149999.7,2025-11
3412,36,Brian Martinez,108,15000.0,Mixer Grinder,Home,offline,Chennai,2026-03-12,4,Card,0.1,Bri*****@gmail.com,71******04,successful,59999.9,2026-03
3413,756,Juan Mata,101,250000.0,Laptop,Electronics,online,Bangalore,2025-05-22,2,NetBanking,0.25,Jua*****@yahoo.com,68******18,successful,499999.75,2025-05
3414,912,Brian Randall,107,,Dining Table,Furniture,offline,Mumbai,2025-04-17,4,UPI,0.35,Bri*****@yahoo.com,76******66,successful,,2025-04
3416,186,Dawn Garrett,109,65000.0,Refrigerator,Home,offline,Chennai,2026-04-08,3,UPI,0.05,Daw*****@gmail.com,96******01,successful,194999.95,2026-04
3417,788,William Wright,101,250000.0,Laptop,Elec,offline,Bangalore,2026-02-12,4,Cash,0.25,Wil*****@gmail.com,85******93,successful,999999.75,2026-02
3418,218,Brian Hoffman,102,,Phone,Electronics,offline,Chennai,2025-08-17,2,Card,0.2,Bri*****@outlook.com,88******68,successful,,2025-08
3421,799,Stephanie Dunn,105,45000.0,Tv,Elec,online,Delhi,2025-06-08,5,Card,0.3,Ste*****@gmail.com,74******44,successful,224999.7,2025-06
3422,121,Deborah Vang,106,80000.0,Sofa,Furniture,offline,Delhi,2025-11-24,4,Card,0.15,Deb*****@gmail.com,82******07,successful,319999.85,2025-11
3423,665,Nicole Gutierrez,105,45000.0,Tv,Electronics,online,Delhi,2025-07-20,1,UPI,0.3,Nic*****@gmail.com,93******56,successful,44999.7,2025-07
3424,691,Clayton Miles,106,80000.0,Sofa,Furniture,online,Mumbai,2025-02-07,1,Cash,0.2,Cla*****@gmail.com,68******37,successful,79999.8,2025-02
3425,336,Gregory Mitchell,103,,Shirt,Cloth,online,Chennai,2025-08-16,4,Card,0.1,Gre*****@gmail.com,86******45,successful,,2025-08
3426,498,Russell Crawford,107,50000.0,Dining Table,Furniture,offline,Hyderabad,2025-04-28,4,NetBanking,0.25,Rus*****@gmail.com,98******75,successful,199999.75,2025-04
3427,389,Tyler Kim,105,,Tv,Elec,offline,Bangalore,2025-07-11,5,NetBanking,0.1,Tyl*****@yahoo.com,82******16,successful,,2025-07
3428,129,Thomas Wells,103,1300.0,Shirt,Cloth,online,Bangalore,2026-01-26,1,UPI,0.3,Tho*****@outlook.com,94******86,successful,1299.7,2026-01
3429,982,James Munoz,109,65000.0,Refrigerator,Home Appliances,online,Mumbai,2026-02-04,2,NetBanking,0.05,Jam*****@outlook.com,68******23,successful,129999.95,2026-02
3431,580,Meredith Walker,101,250000.0,Laptop,Elec,offline,Chennai,2025-06-17,2,NetBanking,0.2,Mer*****@yahoo.com,78******46,successful,499999.8,2025-06
3433,508,Jesus Decker,106,80000.0,Sofa,Furniture,online,Bangalore,2025-07-21,3,Cash,0.35,Jes*****@gmail.com,69******92,successful,239999.65,2025-07
3434,78,Manuel Cortez,106,80000.0,Sofa,Furn,online,Chennai,2025-11-03,2,UPI,0.25,Man*****@gmail.com,88******81,successful,159999.75,2025-11
3435,656,Adam White,105,45000.0,Tv,Elec,offline,Hyderabad,2025-12-20,1,UPI,0.2,Ada*****@yahoo.com,90******07,successful,44999.8,2025-12
3436,169,Angela Dixon,107,50000.0,Dining Table,Furn,offline,Mumbai,2025-07-31,5,UPI,0.25,Ang*****@gmail.com,97******04,successful,249999.75,2025-07
3438,194,Leonard Taylor,107,50000.0,Dining Table,Furniture,online,Chennai,2025-10-11,2,Cash,0.4,Leo*****@gmail.com,88******98,successful,99999.6,2025-10
3439,468,Sonya Watts,101,250000.0,Laptop,Electronics,offline,Mumbai,2025-11-23,5,Card,0.15,Son*****@yahoo.com,90******64,successful,1249999.85,2025-11
3441,764,Jody Gardner,107,50000.0,Dining Table,Furniture,offline,Mumbai,2025-11-26,4,UPI,0.35,Jod*****@outlook.com,86******67,successful,199999.65,2025-11
3443,57,Charles Henderson,106,80000.0,Sofa,Furniture,online,Hyderabad,2025-07-22,4,Cash,0.05,Cha*****@outlook.com,93******72,successful,319999.95,2025-07
3445,631,Colin Holt,104,,Shoes,Clothing,online,Bangalore,2025-07-31,5,NetBanking,0.15,Col*****@gmail.com,78******40,successful,,2025-07
3446,686,Brandon Jenkins,110,45000.0,Microwave,Home Appliances,online,Bangalore,2026-02-28,2,UPI,0.2,Bra*****@yahoo.com,68******57,successful,89999.8,2026-02
3448,911,Kelly Le,103,1300.0,Shirt,Clothing,online,Delhi,2025-12-09,2,UPI,0.2,Kel*****@outlook.com,68******69,successful,2599.8,2025-12
3449,565,Craig Moore,105,45000.0,Tv,Electronics,offline,Mumbai,2025-12-28,5,NetBanking,0.15,Cra*****@gmail.com,99******11,successful,224999.85,2025-12
3450,134,Marie Thomas,107,50000.0,Dining Table,Furniture,offline,Bangalore,2025-08-12,5,Card,0.15,Mar*****@outlook.com,79******77,successful,249999.85,2025-08
3451,270,Katherine Shaw,108,,Mixer Grinder,Home Appliances,offline,Chennai,2025-10-09,3,Card,0.35,Kat*****@yahoo.com,90******08,successful,,2025-10
3452,988,John Thomas,101,250000.0,Laptop,Elec,online,Delhi,2025-06-18,1,NetBanking,0.2,Joh*****@gmail.com,91******39,successful,249999.8,2025-06
3453,477,Willie Mata,101,,Laptop,Elec,offline,Hyderabad,2025-07-21,5,Card,0.15,Wil*****@outlook.com,86******29,successful,,2025-07
3454,357,Kimberly Adams,102,70000.0,Phone,Electronics,offline,Hyderabad,2025-07-02,2,Cash,0.2,Kim*****@gmail.com,87******51,successful,139999.8,2025-07
3455,710,April Moore,110,45000.0,Microwave,Home Appliances,offline,Mumbai,2026-07-02,4,UPI,0.2,Apr*****@gmail.com,97******76,successful,179999.8,2026-07
3456,405,Tina Olson,103,1300.0,Shirt,Cloth,online,Bangalore,2025-06-05,2,Cash,0.35,Tin*****@gmail.com,99******92,successful,2599.65,2025-06
3457,564,Spencer Davis,110,45000.0,Microwave,Home Appliances,online,Chennai,2025-06-29,3,Cash,0.35,Spe*****@gmail.com,97******11,successful,134999.65,2025-06
3458,323,Victoria Phillips,105,45000.0,Tv,Elec,offline,Hyderabad,2025-04-11,4,Cash,0.05,Vic*****@gmail.com,61******94,successful,179999.95,2025-04
3459,708,David Gibson,105,45000.0,Tv,Electronics,online,Mumbai,2026-02-27,2,UPI,0.05,Dav*****@gmail.com,85******16,successful,89999.95,2026-02
3460,963,Laura Stevenson,103,1300.0,Shirt,Clothing,offline,Chennai,2025-11-19,2,UPI,0.1,Lau*****@outlook.com,75******05,successful,2599.9,2025-11
3461,36,Brian Martinez,103,1300.0,Shirt,Cloth,online,Chennai,2025-12-09,4,UPI,0.15,Bri*****@gmail.com,71******04,successful,5199.85,2025-12
3462,535,Jamie Mann,102,70000.0,Phone,Electronics,online,Bangalore,2026-05-03,3,Card,0.25,Jam*****@gmail.com,92******72,successful,209999.75,2026-05
3464,40,Kristina Harrell,106,,Sofa,Furn,offline,Hyderabad,2025-05-31,4,NetBanking,0.15,Kri*****@outlook.com,74******74,successful,,2025-05
3465,879,Andrew Johnston,101,250000.0,Laptop,Elec,online,Mumbai,2026-01-11,3,UPI,0.15,And*****@yahoo.com,92******66,successful,749999.85,2026-01
3466,491,John Olson,108,,Mixer Grinder,Home Appliances,offline,Hyderabad,2025-09-09,1,Cash,0.1,Joh*****@yahoo.com,82******25,successful,,2025-09
3467,983,Mike Peck,104,8000.0,Shoes,Clothing,online,Delhi,2025-09-15,5,Cash,0.2,Mik*****@yahoo.com,91******07,successful,39999.8,2025-09
3468,958,Joshua West,103,1300.0,Shirt,Clothing,offline,Hyderabad,2025-11-11,1,NetBanking,0.15,Jos*****@yahoo.com,96******65,successful,1299.85,2025-11
3470,432,Charles Nelson,108,15000.0,Mixer Grinder,Home Appliances,offline,Mumbai,2025-11-14,2,Card,0.2,Cha*****@yahoo.com,90******74,successful,29999.8,2025-11
3471,393,Shannon Alvarez,109,65000.0,Refrigerator,Home Appliances,online,Mumbai,2025-06-03,3,UPI,0.1,Sha*****@gmail.com,95******30,successful,194999.9,2025-06
3472,874,Samuel Patel,108,15000.0,Mixer Grinder,Home Appliances,offline,Mumbai,2025-12-29,3,NetBanking,0.15,Sam*****@gmail.com,68******67,successful,44999.85,2025-12
3474,115,Linda Graham,108,15000.0,Mixer Grinder,Home,offline,Chennai,2025-11-07,3,NetBanking,0.3,Lin*****@gmail.com,86******68,successful,44999.7,2025-11
3475,826,Ryan Wade,110,45000.0,Microwave,Home,offline,Mumbai,2025-10-12,2,UPI,0.4,Rya*****@outlook.com,73******00,successful,89999.6,2025-10
3476,426,Amber Hess,102,70000.0,Phone,Electronics,online,Bangalore,2025-10-16,4,UPI,0.4,Amb*****@gmail.com,82******74,successful,279999.6,2025-10
3477,88,Alex Mccullough,104,8000.0,Shoes,Cloth,online,Chennai,2025-11-27,4,NetBanking,0.3,Ale*****@gmail.com,95******31,successful,31999.7,2025-11
3478,1,Karen Pollard,102,70000.0,Phone,Electronics,offline,Hyderabad,2026-01-03,3,NetBanking,0.4,Kar*****@yahoo.com,71******63,successful,209999.6,2026-01
3480,952,Jennifer Franklin,103,1300.0,Shirt,Cloth,offline,Chennai,2026-12-03,3,Cash,0.2,Jen*****@gmail.com,68******14,successful,3899.8,2026-12
3481,244,Frederick Gonzalez,103,1300.0,Shirt,Cloth,offline,Chennai,2025-08-22,1,UPI,0.1,Fre*****@outlook.com,78******50,successful,1299.9,2025-08
3482,459,Jason Moreno,107,50000.0,Dining Table,Furn,offline,Mumbai,2025-12-09,4,Cash,0.25,Jas*****@gmail.com,67******01,successful,199999.75,2025-12
3483,673,Nicole Davis,110,45000.0,Microwave,Home Appliances,offline,Mumbai,2025-06-30,2,NetBanking,0.05,Nic*****@gmail.com,97******01,successful,89999.95,2025-06
3484,384,Jeffrey Williams,108,15000.0,Mixer Grinder,Home Appliances,online,Mumbai,2025-06-17,1,Card,0.35,Jef*****@outlook.com,66******49,successful,14999.65,2025-06
3485,305,Zachary Cabrera,105,45000.0,Tv,Elec,offline,Delhi,2026-01-06,1,UPI,0.2,Zac*****@outlook.com,80******96,successful,44999.8,2026-01
3486,602,Jeanne Stewart,102,70000.0,Phone,Electronics,online,Mumbai,2026-02-15,5,Cash,0.05,Jea*****@gmail.com,99******45,successful,349999.95,2026-02
3487,372,Brandon Gordon,103,1300.0,Shirt,Cloth,offline,Mumbai,2026-04-07,3,Card,0.1,Bra*****@gmail.com,78******02,successful,3899.9,2026-04
3488,268,Megan Little,103,1300.0,Shirt,Clothing,offline,Mumbai,2026-02-11,1,NetBanking,0.15,Meg*****@gmail.com,86******31,successful,1299.85,2026-02
3490,197,Gabriel Mills,102,70000.0,Phone,Elec,offline,Mumbai,2025-07-02,2,Card,0.1,Gab*****@gmail.com,84******37,successful,139999.9,2025-07
3491,627,Nicole Allen,107,50000.0,Dining Table,Furniture,offline,Bangalore,2025-06-06,2,UPI,0.35,Nic*****@gmail.com,64******56,successful,99999.65,2025-06
3492,24,Donald Blevins,103,1300.0,Shirt,Clothing,offline,Chennai,2026-01-01,5,UPI,0.25,Don*****@gmail.com,81******56,successful,6499.75,2026-01
3493,956,Christopher Ramos,105,,Tv,Electronics,offline,Delhi,2025-09-07,2,Cash,0.05,Chr*****@gmail.com,72******45,successful,,2025-09
3495,942,Melissa Wilkerson,101,250000.0,Laptop,Electronics,offline,Chennai,2026-03-17,3,Card,0.35,Mel*****@yahoo.com,93******20,successful,749999.65,2026-03
3496,685,David Mcgee,105,45000.0,Tv,Elec,online,Chennai,2025-12-13,1,Cash,0.1,Dav*****@gmail.com,97******21,successful,44999.9,2025-12
3498,372,Brandon Gordon,106,80000.0,Sofa,Furniture,offline,Mumbai,2025-11-21,3,UPI,0.2,Bra*****@gmail.com,78******02,successful,239999.8,2025-11
3500,556,Roger Guerrero,102,70000.0,Phone,Elec,online,Mumbai,2026-02-12,1,Cash,0.25,Rog*****@yahoo.com,88******88,successful,69999.75,2026-02
3502,423,Mary Cooke,106,80000.0,Sofa,Furn,online,Hyderabad,2025-06-30,1,Cash,0.25,Mar*****@gmail.com,75******55,successful,79999.75,2025-06
3503,477,Willie Mata,110,45000.0,Microwave,Home,online,Hyderabad,2025-08-19,5,Cash,0.35,Wil*****@outlook.com,86******29,successful,224999.65,2025-08
3505,174,Jeffrey Lamb,110,45000.0,Microwave,Home,offline,Hyderabad,2026-03-19,4,Cash,0.3,Jef*****@gmail.com,77******42,successful,179999.7,2026-03
3506,671,Sarah Frederick,104,8000.0,Shoes,Clothing,online,Chennai,2025-10-26,2,NetBanking,0.2,Sar*****@outlook.com,66******38,successful,15999.8,2025-10
3507,736,Lisa Lee,105,45000.0,Tv,Electronics,offline,Delhi,2026-04-09,4,Cash,0.2,Lis*****@gmail.com,70******21,successful,179999.8,2026-04
3508,876,David Whitaker,107,50000.0,Dining Table,Furniture,offline,Chennai,2025-08-11,5,NetBanking,0.35,Dav*****@gmail.com,90******57,successful,249999.65,2025-08
3510,20,John Marshall,109,65000.0,Refrigerator,Home Appliances,online,Chennai,2025-05-19,4,NetBanking,0.25,Joh*****@yahoo.com,72******16,successful,259999.75,2025-05
3511,111,Alyssa Mitchell,110,45000.0,Microwave,Home Appliances,offline,Hyderabad,2025-12-02,3,UPI,0.05,Aly*****@gmail.com,93******86,successful,134999.95,2025-12
3512,656,Adam White,106,80000.0,Sofa,Furn,online,Hyderabad,2025-10-10,4,NetBanking,0.1,Ada*****@yahoo.com,90******07,successful,319999.9,2025-10
3513,576,Angela Weiss,104,8000.0,Shoes,Clothing,online,Delhi,2025-11-07,2,UPI,0.05,Ang*****@yahoo.com,64******39,successful,15999.95,2025-11
3514,396,Connie Edwards,107,50000.0,Dining Table,Furn,online,Hyderabad,2026-04-12,2,Card,0.25,Con*****@gmail.com,82******87,successful,99999.75,2026-04
3515,765,Eric Gaines,103,1300.0,Shirt,Cloth,online,Bangalore,2025-08-27,5,UPI,0.25,Eri*****@yahoo.com,76******27,successful,6499.75,2025-08
3517,31,Lisa Velazquez,106,80000.0,Sofa,Furniture,online,Bangalore,2025-04-26,5,Cash,0.15,Lis*****@yahoo.com,75******35,successful,399999.85,2025-04
3519,494,Russell Estes,108,15000.0,Mixer Grinder,Home Appliances,online,Chennai,2025-04-16,1,Card,0.15,Rus*****@yahoo.com,67******27,successful,14999.85,2025-04
3520,744,Ashley Hull,102,70000.0,Phone,Electronics,online,Chennai,2025-07-02,5,NetBanking,0.05,Ash*****@outlook.com,67******82,successful,349999.95,2025-07
3523,389,Tyler Kim,106,80000.0,Sofa,Furniture,offline,Bangalore,2026-02-15,2,UPI,0.1,Tyl*****@yahoo.com,82******16,successful,159999.9,2026-02
3524,477,Willie Mata,103,,Shirt,Clothing,online,Hyderabad,2026-01-26,5,UPI,0.3,Wil*****@outlook.com,86******29,successful,,2026-01
3525,601,Mark Herrera,107,50000.0,Dining Table,Furniture,offline,Hyderabad,2026-07-04,3,Card,0.2,Mar*****@gmail.com,83******78,successful,149999.8,2026-07
3526,580,Meredith Walker,110,45000.0,Microwave,Home Appliances,offline,Chennai,2025-05-22,4,NetBanking,0.1,Mer*****@yahoo.com,78******46,successful,179999.9,2025-05
3527,568,Joshua Collins,108,,Mixer Grinder,Home Appliances,offline,Mumbai,2026-03-26,4,NetBanking,0.15,Jos*****@gmail.com,81******49,successful,,2026-03
3528,586,Michael Mason,103,1300.0,Shirt,Cloth,online,Delhi,2026-01-24,3,Cash,0.15,Mic*****@outlook.com,70******72,successful,3899.85,2026-01
3529,964,Amy Brown,102,70000.0,Phone,Electronics,online,Mumbai,2025-08-22,1,Card,0.3,Amy*****@yahoo.com,69******26,successful,69999.7,2025-08
3533,721,Robert Villa,104,8000.0,Shoes,Clothing,offline,Mumbai,2025-11-10,3,NetBanking,0.2,Rob*****@yahoo.com,82******53,successful,23999.8,2025-11
3534,893,Taylor Walton,106,80000.0,Sofa,Furn,offline,Delhi,2025-07-21,2,Cash,0.2,Tay*****@outlook.com,71******86,successful,159999.8,2025-07
3537,948,Deborah Payne,108,15000.0,Mixer Grinder,Home Appliances,online,Mumbai,2026-02-03,4,NetBanking,0.15,Deb*****@yahoo.com,63******28,successful,59999.85,2026-02
3539,969,Keith Woods,105,45000.0,Tv,Elec,offline,Chennai,2025-12-22,2,NetBanking,0.2,Kei*****@yahoo.com,77******57,successful,89999.8,2025-12
3540,607,Robert Rodriguez,104,8000.0,Shoes,Clothing,online,Hyderabad,2025-08-16,4,Card,0.1,Rob*****@gmail.com,80******05,successful,31999.9,2025-08
3541,258,Larry Taylor,104,8000.0,Shoes,Clothing,offline,Chennai,2026-01-05,3,Card,0.05,Lar*****@yahoo.com,98******95,successful,23999.95,2026-01
3542,66,Jonathan Lewis,105,45000.0,Tv,Electronics,offline,Bangalore,2025-04-21,2,Cash,0.3,Jon*****@gmail.com,60******80,successful,89999.7,2025-04
3543,662,James Osborn,110,45000.0,Microwave,Home Appliances,online,Bangalore,2026-01-18,3,Cash,0.15,Jam*****@yahoo.com,99******93,successful,134999.85,2026-01
3545,811,Mike Matthews,106,80000.0,Sofa,Furniture,online,Bangalore,2026-02-10,3,Cash,0.35,Mik*****@gmail.com,98******02,successful,239999.65,2026-02
3546,558,Bryan Phelps,107,50000.0,Dining Table,Furniture,online,Chennai,2025-05-10,2,UPI,0.15,Bry*****@gmail.com,88******62,successful,99999.85,2025-05
3547,482,Nathaniel Montes,106,80000.0,Sofa,Furniture,offline,Chennai,2026-11-02,1,UPI,0.3,Nat*****@gmail.com,77******12,successful,79999.7,2026-11
3548,694,Lori Barrera,104,8000.0,Shoes,Clothing,offline,Hyderabad,2026-01-03,4,Cash,0.25,Lor*****@gmail.com,95******73,successful,31999.75,2026-01
3549,887,Robert Brown,102,70000.0,Phone,Electronics,online,Bangalore,2025-09-19,4,Card,0.1,Rob*****@gmail.com,92******26,successful,279999.9,2025-09
3551,876,David Whitaker,105,45000.0,Tv,Elec,online,Chennai,2026-08-03,5,UPI,0.2,Dav*****@gmail.com,90******57,successful,224999.8,2026-08
3552,276,Kelly Montgomery,102,70000.0,Phone,Electronics,online,Delhi,2026-01-03,5,NetBanking,0.1,Kel*****@gmail.com,90******46,successful,349999.9,2026-01
3553,469,Michael Garcia,106,80000.0,Sofa,Furniture,offline,Delhi,2026-02-15,5,NetBanking,0.1,Mic*****@gmail.com,75******16,successful,399999.9,2026-02
3558,539,Kari Austin,101,250000.0,Laptop,Elec,offline,Bangalore,2025-10-08,3,Card,0.1,Kar*****@outlook.com,88******10,successful,749999.9,2025-10
3560,435,Wendy Robinson,102,70000.0,Phone,Electronics,online,Delhi,2025-11-01,2,Cash,0.05,Wen*****@gmail.com,78******54,successful,139999.95,2025-11
3561,353,Rachel Velasquez,105,45000.0,Tv,Electronics,online,Bangalore,2025-06-09,2,NetBanking,0.05,Rac*****@outlook.com,67******96,successful,89999.95,2025-06
3562,640,Carrie Jacobson,107,50000.0,Dining Table,Furn,online,Bangalore,2025-06-05,3,NetBanking,0.05,Car*****@outlook.com,72******07,successful,149999.95,2025-06
3563,390,Erika Knight,105,,Tv,Electronics,offline,Mumbai,2025-11-04,3,NetBanking,0.3,Eri*****@gmail.com,88******25,successful,,2025-11
3564,674,Haley Alvarez,110,45000.0,Microwave,Home,offline,Bangalore,2025-05-18,1,NetBanking,0.3,Hal*****@outlook.com,99******72,successful,44999.7,2025-05
3565,592,Timothy Medina,105,45000.0,Tv,Electronics,online,Delhi,2025-08-14,2,Cash,0.05,Tim*****@gmail.com,70******01,successful,89999.95,2025-08
3566,123,Trevor Sharp,110,,Microwave,Home Appliances,offline,Mumbai,2025-04-06,5,UPI,0.05,Tre*****@yahoo.com,61******57,successful,,2025-04
3567,95,John Jacobs,110,45000.0,Microwave,Home Appliances,online,Bangalore,2025-08-07,1,NetBanking,0.3,Joh*****@gmail.com,64******60,successful,44999.7,2025-08
3569,951,Richard Miller,108,15000.0,Mixer Grinder,Home Appliances,online,Mumbai,2025-11-07,5,Cash,0.1,Ric*****@yahoo.com,71******79,successful,74999.9,2025-11
3570,584,Stacie Jones,105,45000.0,Tv,Electronics,offline,Chennai,2025-05-23,3,Cash,0.05,Sta*****@gmail.com,96******93,successful,134999.95,2025-05
3571,346,Erin Frye,110,,Microwave,Home Appliances,offline,Bangalore,2025-06-08,3,Cash,0.05,Eri*****@yahoo.com,62******11,successful,,2025-06
3572,775,Roy Chavez,107,50000.0,Dining Table,Furn,online,Chennai,2025-06-15,5,Card,0.2,Roy*****@gmail.com,75******10,successful,249999.8,2025-06
3575,626,Tyler Martinez,103,1300.0,Shirt,Clothing,online,Hyderabad,2025-08-02,4,Cash,0.4,Tyl*****@gmail.com,78******16,successful,5199.6,2025-08
3577,352,Daniel Gonzales,109,65000.0,Refrigerator,Home Appliances,online,Delhi,2025-07-17,4,Cash,0.2,Dan*****@gmail.com,75******41,successful,259999.8,2025-07
3578,432,Charles Nelson,110,45000.0,Microwave,Home Appliances,online,Mumbai,2025-02-07,3,UPI,0.1,Cha*****@yahoo.com,90******74,successful,134999.9,2025-02
3579,297,Susan Hill,101,250000.0,Laptop,Electronics,offline,Delhi,2025-09-06,2,UPI,0.25,Sus*****@outlook.com,69******63,successful,499999.75,2025-09
3580,759,Lisa Butler,105,45000.0,Tv,Electronics,offline,Hyderabad,2025-04-20,5,UPI,0.4,Lis*****@gmail.com,88******71,successful,224999.6,2025-04
3582,789,Bryan Walker,108,15000.0,Mixer Grinder,Home Appliances,online,Chennai,2026-01-12,3,Card,0.35,Bry*****@gmail.com,75******67,successful,44999.65,2026-01
3583,643,Stacy Hughes,110,,Microwave,Home,offline,Mumbai,2026-01-10,1,Cash,0.4,Sta*****@gmail.com,91******24,successful,,2026-01
3584,449,Erin Summers,103,1300.0,Shirt,Clothing,offline,Delhi,2026-01-24,1,UPI,0.25,Eri*****@yahoo.com,96******05,successful,1299.75,2026-01
3585,170,Jasmine Ortega,106,80000.0,Sofa,Furniture,online,Mumbai,2025-03-11,2,Cash,0.05,Jas*****@gmail.com,96******70,successful,159999.95,2025-03
3587,942,Melissa Wilkerson,102,70000.0,Phone,Elec,offline,Chennai,2026-01-02,1,NetBanking,0.4,Mel*****@yahoo.com,93******20,successful,69999.6,2026-01
3588,936,Brian Larson,101,250000.0,Laptop,Electronics,offline,Hyderabad,2025-09-05,4,NetBanking,0.3,Bri*****@yahoo.com,90******14,successful,999999.7,2025-09
3589,819,Daniel Vang,110,45000.0,Microwave,Home Appliances,online,Chennai,2025-11-14,3,Card,0.05,Dan*****@outlook.com,86******71,successful,134999.95,2025-11
3590,991,Darlene Chapman,108,15000.0,Mixer Grinder,Home Appliances,online,Hyderabad,2026-01-20,5,NetBanking,0.25,Dar*****@gmail.com,81******95,successful,74999.75,2026-01
3591,43,Jennifer Frye,110,45000.0,Microwave,Home Appliances,offline,Chennai,2026-03-31,1,UPI,0.2,Jen*****@outlook.com,84******95,successful,44999.8,2026-03
3592,695,Jillian Rodgers,106,80000.0,Sofa,Furniture,offline,Hyderabad,2025-05-26,1,NetBanking,0.3,Jil*****@gmail.com,84******11,successful,79999.7,2025-05
3593,17,Duane Hall,109,65000.0,Refrigerator,Home Appliances,online,Bangalore,2025-06-03,4,Cash,0.35,Dua*****@outlook.com,74******49,successful,259999.65,2025-06
3594,349,Joel Baker,104,8000.0,Shoes,Clothing,offline,Bangalore,2026-02-09,4,Cash,0.35,Joe*****@outlook.com,80******93,successful,31999.65,2026-02
3595,124,Sarah Rios,106,80000.0,Sofa,Furniture,offline,Mumbai,2025-05-09,2,NetBanking,0.3,Sar*****@outlook.com,79******48,successful,159999.7,2025-05
3596,783,Breanna Gill,109,,Refrigerator,Home Appliances,offline,Hyderabad,2025-11-27,4,NetBanking,0.2,Bre*****@outlook.com,79******64,successful,,2025-11
3598,311,Juan Murphy,106,80000.0,Sofa,Furniture,offline,Bangalore,2025-10-02,4,UPI,0.25,Jua*****@yahoo.com,74******60,successful,319999.75,2025-10
3599,104,Amanda Castillo,101,250000.0,Laptop,Elec,offline,Hyderabad,2026-02-06,1,NetBanking,0.2,Ama*****@yahoo.com,92******48,successful,249999.8,2026-02
3600,786,Jeremiah Simmons,105,45000.0,Tv,Elec,online,Chennai,2025-05-15,1,Cash,0.2,Jer*****@outlook.com,71******16,successful,44999.8,2025-05
3601,112,Bill Maldonado,107,50000.0,Dining Table,Furn,online,Mumbai,2025-12-12,3,Cash,0.2,Bil*****@gmail.com,97******30,successful,149999.8,2025-12
3602,43,Jennifer Frye,104,8000.0,Shoes,Clothing,online,Chennai,2025-10-19,1,Card,0.3,Jen*****@outlook.com,84******95,successful,7999.7,2025-10
3603,475,Natalie Andrews,104,8000.0,Shoes,Clothing,offline,Mumbai,2025-09-02,1,Card,0.15,Nat*****@outlook.com,74******48,successful,7999.85,2025-09
3605,891,Natalie Hammond,105,45000.0,Tv,Electronics,online,Hyderabad,2025-12-23,3,UPI,0.15,Nat*****@yahoo.com,70******43,successful,134999.85,2025-12
3606,869,Krystal Hudson,104,8000.0,Shoes,Cloth,offline,Mumbai,2025-12-05,2,NetBanking,0.15,Kry*****@yahoo.com,96******79,successful,15999.85,2025-12
3607,145,Michael Hendrix,109,65000.0,Refrigerator,Home Appliances,offline,Delhi,2026-02-05,5,Cash,0.3,Mic*****@outlook.com,69******96,successful,324999.7,2026-02
3608,256,Nicole Williams,101,250000.0,Laptop,Electronics,offline,Chennai,2026-05-04,1,NetBanking,0.2,Nic*****@gmail.com,92******32,successful,249999.8,2026-05
3609,22,James Walters,105,45000.0,Tv,Elec,offline,Chennai,2025-09-04,3,NetBanking,0.15,Jam*****@gmail.com,65******42,successful,134999.85,2025-09
3610,622,Hannah Bell,105,45000.0,Tv,Elec,online,Chennai,2025-06-28,3,Cash,0.15,Han*****@yahoo.com,63******23,successful,134999.85,2025-06
3611,715,Rachel Hogan,105,45000.0,Tv,Elec,online,Delhi,2025-11-10,2,Card,0.1,Rac*****@yahoo.com,81******77,successful,89999.9,2025-11
3612,902,Logan Reyes,110,45000.0,Microwave,Home Appliances,online,Mumbai,2025-05-02,4,Card,0.05,Log*****@outlook.com,92******31,successful,179999.95,2025-05
3614,733,Jessica Lin,101,250000.0,Laptop,Elec,online,Delhi,2025-06-09,1,UPI,0.05,Jes*****@gmail.com,85******63,successful,249999.95,2025-06
3615,874,Samuel Patel,109,,Refrigerator,Home Appliances,online,Mumbai,2026-03-04,3,UPI,0.1,Sam*****@gmail.com,68******67,successful,,2026-03
3616,104,Amanda Castillo,108,15000.0,Mixer Grinder,Home Appliances,online,Hyderabad,2025-08-08,2,UPI,0.05,Ama*****@yahoo.com,92******48,successful,29999.95,2025-08
3617,657,Carly Lucas,108,15000.0,Mixer Grinder,Home Appliances,online,Hyderabad,2025-08-30,4,UPI,0.4,Car*****@yahoo.com,74******85,successful,59999.6,2025-08
3619,557,Joseph Cowan,109,65000.0,Refrigerator,Home,offline,Hyderabad,2025-02-07,5,Card,0.1,Jos*****@gmail.com,64******09,successful,324999.9,2025-02
3620,555,Christopher Cruz,104,8000.0,Shoes,Cloth,online,Bangalore,2025-06-20,4,UPI,0.3,Chr*****@gmail.com,97******69,successful,31999.7,2025-06
3623,859,Tiffany Chapman,108,,Mixer Grinder,Home Appliances,offline,Delhi,2025-05-05,4,UPI,0.4,Tif*****@gmail.com,98******84,successful,,2025-05
3625,25,Kenneth Johnson,103,1300.0,Shirt,Cloth,offline,Delhi,2025-05-26,2,UPI,0.35,Ken*****@gmail.com,68******03,successful,2599.65,2025-05
3626,372,Brandon Gordon,110,45000.0,Microwave,Home Appliances,offline,Mumbai,2025-07-28,3,UPI,0.1,Bra*****@gmail.com,78******02,successful,134999.9,2025-07
3627,507,Thomas Cameron,102,70000.0,Phone,Electronics,online,Delhi,2025-05-05,4,UPI,0.3,Tho*****@outlook.com,92******64,successful,279999.7,2025-05
3628,930,Jason Hubbard,104,8000.0,Shoes,Clothing,online,Chennai,2025-05-05,1,NetBanking,0.4,Jas*****@gmail.com,70******28,successful,7999.6,2025-05
3629,124,Sarah Rios,103,1300.0,Shirt,Cloth,online,Mumbai,2026-02-20,5,NetBanking,0.2,Sar*****@outlook.com,79******48,successful,6499.8,2026-02
3631,934,Brandi Phillips,106,80000.0,Sofa,Furniture,online,Hyderabad,2025-08-17,5,Cash,0.15,Bra*****@gmail.com,96******09,successful,399999.85,2025-08
3632,906,Ronald House,106,80000.0,Sofa,Furniture,offline,Mumbai,2026-02-14,2,NetBanking,0.05,Ron*****@gmail.com,65******68,successful,159999.95,2026-02
3634,951,Richard Miller,108,15000.0,Mixer Grinder,Home Appliances,online,Mumbai,2025-10-08,2,UPI,0.2,Ric*****@yahoo.com,71******79,successful,29999.8,2025-10
3636,625,Elizabeth Duran,101,250000.0,Laptop,Elec,offline,Mumbai,2025-11-06,2,UPI,0.15,Eli*****@gmail.com,78******97,successful,499999.85,2025-11
3637,363,Leonard Travis,106,80000.0,Sofa,Furniture,online,Delhi,2025-01-05,2,UPI,0.15,Leo*****@gmail.com,90******72,successful,159999.85,2025-01
3640,123,Trevor Sharp,105,45000.0,Tv,Elec,offline,Mumbai,2025-10-07,2,UPI,0.1,Tre*****@yahoo.com,61******57,successful,89999.9,2025-10
3642,49,Dominique Jones,106,80000.0,Sofa,Furniture,offline,Delhi,2025-10-09,1,Card,0.2,Dom*****@gmail.com,74******05,successful,79999.8,2025-10
3643,900,Gary Phillips,103,1300.0,Shirt,Clothing,online,Bangalore,2026-12-02,1,Cash,0.4,Gar*****@yahoo.com,87******46,successful,1299.6,2026-12
3645,256,Nicole Williams,101,250000.0,Laptop,Elec,offline,Chennai,2025-10-27,1,Cash,0.05,Nic*****@gmail.com,92******32,successful,249999.95,2025-10
3646,345,Kathy Smith,110,45000.0,Microwave,Home,online,Chennai,2025-05-26,3,UPI,0.4,Kat*****@yahoo.com,91******71,successful,134999.6,2025-05
3649,131,Pamela Peterson,102,70000.0,Phone,Electronics,offline,Bangalore,2026-02-26,5,Cash,0.3,Pam*****@gmail.com,65******47,successful,349999.7,2026-02
3651,776,Erica Moore,108,15000.0,Mixer Grinder,Home Appliances,online,Chennai,2025-05-14,5,Cash,0.35,Eri*****@gmail.com,77******31,successful,74999.65,2025-05
3652,796,Jasmine Lopez,102,70000.0,Phone,Electronics,offline,Bangalore,2026-03-06,1,Cash,0.2,Jas*****@outlook.com,91******17,successful,69999.8,2026-03
3653,916,Betty Mcdaniel,106,80000.0,Sofa,Furniture,offline,Chennai,2025-01-10,5,NetBanking,0.15,Bet*****@yahoo.com,73******68,successful,399999.85,2025-01
3654,211,Arthur Lopez,108,15000.0,Mixer Grinder,Home Appliances,offline,Hyderabad,2025-10-19,4,Card,0.2,Art*****@yahoo.com,85******29,successful,59999.8,2025-10
3655,345,Kathy Smith,108,15000.0,Mixer Grinder,Home Appliances,offline,Chennai,2025-12-13,3,UPI,0.05,Kat*****@yahoo.com,91******71,successful,44999.95,2025-12
3656,883,Charles David,103,1300.0,Shirt,Clothing,offline,Delhi,2025-05-11,1,Cash,0.25,Cha*****@yahoo.com,60******22,successful,1299.75,2025-05
3657,578,Kristi Wilson,108,15000.0,Mixer Grinder,Home Appliances,online,Chennai,2025-08-28,3,UPI,0.3,Kri*****@yahoo.com,60******23,successful,44999.7,2025-08
3659,890,Holly Mckay,101,,Laptop,Elec,offline,Chennai,2026-01-14,4,Cash,0.1,Hol*****@yahoo.com,66******94,successful,,2026-01
3661,745,Jennifer Weeks,106,80000.0,Sofa,Furniture,offline,Hyderabad,2025-12-11,1,NetBanking,0.25,Jen*****@gmail.com,92******95,successful,79999.75,2025-12
3663,949,Madison Goodwin,110,45000.0,Microwave,Home,offline,Bangalore,2025-08-08,5,Cash,0.25,Mad*****@yahoo.com,85******93,successful,224999.75,2025-08
3664,553,Veronica Davis,101,250000.0,Laptop,Electronics,offline,Mumbai,2025-06-04,4,Card,0.15,Ver*****@gmail.com,96******72,successful,999999.85,2025-06
3665,323,Victoria Phillips,101,250000.0,Laptop,Electronics,offline,Hyderabad,2025-11-09,2,NetBanking,0.25,Vic*****@gmail.com,61******94,successful,499999.75,2025-11
3666,936,Brian Larson,107,50000.0,Dining Table,Furniture,offline,Hyderabad,2026-04-14,1,Card,0.3,Bri*****@yahoo.com,90******14,successful,49999.7,2026-04
3667,298,Ryan Massey,109,65000.0,Refrigerator,Home Appliances,offline,Delhi,2025-06-25,2,NetBanking,0.1,Rya*****@gmail.com,64******86,successful,129999.9,2025-06
3668,155,James Fleming,101,250000.0,Laptop,Electronics,offline,Hyderabad,2025-05-06,1,UPI,0.2,Jam*****@gmail.com,60******86,successful,249999.8,2025-05
3669,697,Kimberly Hodges,106,80000.0,Sofa,Furn,online,Bangalore,2025-12-09,1,NetBanking,0.05,Kim*****@gmail.com,91******19,successful,79999.95,2025-12
3672,702,Robert Jackson,104,8000.0,Shoes,Cloth,online,Delhi,2025-07-18,1,Card,0.35,Rob*****@gmail.com,81******38,successful,7999.65,2025-07
3673,853,James Guerrero,110,45000.0,Microwave,Home Appliances,offline,Mumbai,2025-04-25,3,UPI,0.2,Jam*****@gmail.com,68******49,successful,134999.8,2025-04
3674,877,John Warren,106,80000.0,Sofa,Furniture,online,Hyderabad,2025-05-04,4,UPI,0.4,Joh*****@gmail.com,80******46,successful,319999.6,2025-05
3675,584,Stacie Jones,103,1300.0,Shirt,Clothing,offline,Chennai,2025-04-06,2,Cash,0.2,Sta*****@gmail.com,96******93,successful,2599.8,2025-04
3677,827,Jonathan Sandoval,106,80000.0,Sofa,Furn,offline,Delhi,2025-02-10,1,Card,0.35,Jon*****@yahoo.com,87******34,successful,79999.65,2025-02
3678,51,Cory Ellis,110,45000.0,Microwave,Home Appliances,online,Chennai,2025-10-09,4,UPI,0.3,Cor*****@gmail.com,79******22,successful,179999.7,2025-10
3680,837,Peter Maxwell,108,15000.0,Mixer Grinder,Home,online,Mumbai,2025-07-26,1,NetBanking,0.1,Pet*****@yahoo.com,87******08,successful,14999.9,2025-07
3681,230,Jose Guerrero,102,70000.0,Phone,Electronics,online,Hyderabad,2026-08-02,5,Cash,0.4,Jos*****@gmail.com,72******76,successful,349999.6,2026-08
3682,632,Paula Reed,101,250000.0,Laptop,Electronics,online,Hyderabad,2025-10-29,4,Card,0.15,Pau*****@gmail.com,81******64,successful,999999.85,2025-10
3683,248,Anthony Henry,106,80000.0,Sofa,Furniture,online,Hyderabad,2026-04-02,3,Card,0.2,Ant*****@yahoo.com,70******30,successful,239999.8,2026-04
3684,428,Michelle Rogers,109,65000.0,Refrigerator,Home Appliances,offline,Bangalore,2025-08-28,4,UPI,0.4,Mic*****@gmail.com,92******99,successful,259999.6,2025-08
3685,484,Eric Cabrera,103,1300.0,Shirt,Clothing,offline,Bangalore,2025-10-12,1,UPI,0.35,Eri*****@gmail.com,61******33,successful,1299.65,2025-10
3686,965,Donald Poole,104,,Shoes,Clothing,offline,Mumbai,2025-05-30,5,UPI,0.15,Don*****@yahoo.com,71******35,successful,,2025-05
3687,364,Kelly Graves,105,45000.0,Tv,Elec,offline,Bangalore,2025-06-11,4,UPI,0.15,Kel*****@gmail.com,62******43,successful,179999.85,2025-06
3689,471,Jamie Kelly,102,70000.0,Phone,Electronics,online,Chennai,2025-11-11,2,UPI,0.3,Jam*****@gmail.com,65******15,successful,139999.7,2025-11
3690,564,Spencer Davis,104,8000.0,Shoes,Cloth,online,Chennai,2025-08-28,5,UPI,0.3,Spe*****@gmail.com,97******11,successful,39999.7,2025-08
3691,209,Aaron Mclaughlin,102,70000.0,Phone,Electronics,online,Chennai,2025-06-21,1,Cash,0.2,Aar*****@outlook.com,87******47,successful,69999.8,2025-06
3692,404,Julian Cox,106,80000.0,Sofa,Furniture,offline,Delhi,2025-08-12,4,NetBanking,0.4,Jul*****@outlook.com,99******39,successful,319999.6,2025-08
3694,577,John Johnson,102,70000.0,Phone,Elec,offline,Hyderabad,2025-05-21,1,UPI,0.2,Joh*****@gmail.com,88******20,successful,69999.8,2025-05
3695,509,Valerie Brooks,103,1300.0,Shirt,Clothing,online,Chennai,2026-02-26,2,NetBanking,0.4,Val*****@gmail.com,77******47,successful,2599.6,2026-02
3698,969,Keith Woods,102,70000.0,Phone,Electronics,online,Chennai,2026-04-03,4,Card,0.4,Kei*****@yahoo.com,77******57,successful,279999.6,2026-04
3700,818,Patty Carlson,110,,Microwave,Home Appliances,offline,Mumbai,2026-02-02,2,NetBanking,0.1,Pat*****@yahoo.com,90******42,successful,,2026-02
3701,20,John Marshall,110,45000.0,Microwave,Home,offline,Chennai,2025-03-10,3,Card,0.15,Joh*****@yahoo.com,72******16,successful,134999.85,2025-03
3702,472,Christian Jennings,103,1300.0,Shirt,Cloth,offline,Chennai,2025-12-07,3,UPI,0.1,Chr*****@outlook.com,67******40,successful,3899.9,2025-12
3704,782,Monique Davis,108,15000.0,Mixer Grinder,Home,offline,Chennai,2025-12-18,2,UPI,0.2,Mon*****@gmail.com,67******85,successful,29999.8,2025-12
3705,285,Amanda Anderson,106,80000.0,Sofa,Furniture,offline,Chennai,2025-04-17,4,NetBanking,0.15,Ama*****@outlook.com,90******74,successful,319999.85,2025-04
3706,58,Michelle Barnes,106,80000.0,Sofa,Furn,offline,Hyderabad,2025-11-08,1,Card,0.35,Mic*****@gmail.com,72******20,successful,79999.65,2025-11
3707,607,Robert Rodriguez,109,65000.0,Refrigerator,Home,offline,Hyderabad,2025-06-15,3,UPI,0.2,Rob*****@gmail.com,80******05,successful,194999.8,2025-06
3708,705,Amy Brewer,106,80000.0,Sofa,Furn,offline,Hyderabad,2025-10-25,2,Cash,0.3,Amy*****@yahoo.com,97******18,successful,159999.7,2025-10
3710,278,Daniel Stevens,107,50000.0,Dining Table,Furn,offline,Delhi,2025-05-17,2,UPI,0.25,Dan*****@yahoo.com,65******34,successful,99999.75,2025-05
3714,709,Mike Roberts,101,250000.0,Laptop,Electronics,online,Hyderabad,2025-07-07,4,NetBanking,0.05,Mik*****@yahoo.com,77******92,successful,999999.95,2025-07
3717,260,Cynthia Fields,101,250000.0,Laptop,Electronics,offline,Chennai,2025-06-16,4,Cash,0.1,Cyn*****@gmail.com,68******11,successful,999999.9,2025-06
3720,139,Melissa Peterson,105,45000.0,Tv,Electronics,offline,Mumbai,2026-03-17,4,Card,0.1,Mel*****@outlook.com,87******33,successful,179999.9,2026-03
3721,818,Patty Carlson,109,65000.0,Refrigerator,Home,online,Mumbai,2026-01-18,5,Cash,0.35,Pat*****@yahoo.com,90******42,successful,324999.65,2026-01
3722,842,Amy Quinn,110,45000.0,Microwave,Home Appliances,online,Hyderabad,2025-12-23,5,UPI,0.2,Amy*****@outlook.com,72******95,successful,224999.8,2025-12
3723,269,Christina Conrad,105,45000.0,Tv,Elec,offline,Chennai,2026-01-22,2,Cash,0.05,Chr*****@yahoo.com,83******47,successful,89999.95,2026-01
3724,24,Donald Blevins,108,15000.0,Mixer Grinder,Home Appliances,online,Chennai,2025-07-20,1,Cash,0.2,Don*****@gmail.com,81******56,successful,14999.8,2025-07
3725,29,Leah Dunn,110,45000.0,Microwave,Home Appliances,offline,Hyderabad,2025-10-15,3,Cash,0.1,Lea*****@outlook.com,77******79,successful,134999.9,2025-10
3726,281,Ashley Anderson,101,250000.0,Laptop,Electronics,offline,Bangalore,2026-04-09,3,Card,0.1,Ash*****@gmail.com,99******33,successful,749999.9,2026-04
3728,347,David Medina,101,250000.0,Laptop,Elec,offline,Delhi,2025-04-25,1,UPI,0.4,Dav*****@outlook.com,91******89,successful,249999.6,2025-04
3729,446,Scott Smith,102,70000.0,Phone,Electronics,offline,Bangalore,2025-07-04,2,NetBanking,0.15,Sco*****@gmail.com,85******83,successful,139999.85,2025-07
3730,238,Zachary Hooper,102,70000.0,Phone,Electronics,online,Bangalore,2025-09-06,4,UPI,0.3,Zac*****@gmail.com,79******12,successful,279999.7,2025-09
3731,89,Joseph Davis,105,45000.0,Tv,Elec,offline,Hyderabad,2025-07-21,1,UPI,0.1,Jos*****@yahoo.com,73******48,successful,44999.9,2025-07
3732,770,Paul Jarvis,110,45000.0,Microwave,Home Appliances,offline,Mumbai,2025-09-09,4,NetBanking,0.05,Pau*****@gmail.com,96******27,successful,179999.95,2025-09
3733,929,Charles Key,103,1300.0,Shirt,Clothing,offline,Delhi,2025-11-10,2,Cash,0.35,Cha*****@gmail.com,73******46,successful,2599.65,2025-11
3735,947,Gabriel Golden,101,250000.0,Laptop,Electronics,offline,Mumbai,2025-05-04,2,Cash,0.2,Gab*****@gmail.com,75******30,successful,499999.8,2025-05
3736,239,Tyler Greene,105,45000.0,Tv,Electronics,online,Delhi,2026-01-19,2,Card,0.05,Tyl*****@gmail.com,81******07,successful,89999.95,2026-01
3738,69,Pamela Williamson,106,80000.0,Sofa,Furniture,offline,Chennai,2025-05-23,2,UPI,0.1,Pam*****@outlook.com,70******33,successful,159999.9,2025-05
3740,676,James Sanders,110,45000.0,Microwave,Home,online,Bangalore,2026-02-19,2,Cash,0.2,Jam*****@gmail.com,87******46,successful,89999.8,2026-02
3741,424,Tiffany Williams,101,250000.0,Laptop,Electronics,online,Chennai,2025-11-19,3,Card,0.25,Tif*****@gmail.com,88******93,successful,749999.75,2025-11
3743,870,Thomas Morris,103,1300.0,Shirt,Clothing,online,Bangalore,2025-08-27,2,NetBanking,0.1,Tho*****@yahoo.com,81******19,successful,2599.9,2025-08
3744,946,Lisa Cochran,110,45000.0,Microwave,Home Appliances,offline,Delhi,2025-04-20,2,UPI,0.35,Lis*****@gmail.com,83******19,successful,89999.65,2025-04
3745,759,Lisa Butler,101,250000.0,Laptop,Elec,online,Hyderabad,2025-05-09,3,Card,0.15,Lis*****@gmail.com,88******71,successful,749999.85,2025-05
3748,660,Jessica Stephenson,106,80000.0,Sofa,Furniture,offline,Hyderabad,2025-06-14,5,NetBanking,0.1,Jes*****@gmail.com,86******90,successful,399999.9,2025-06
3749,185,Sarah Cohen,106,80000.0,Sofa,Furniture,offline,Mumbai,2026-01-05,3,Cash,0.05,Sar*****@outlook.com,88******28,successful,239999.95,2026-01
3751,495,John Cummings,110,45000.0,Microwave,Home Appliances,online,Hyderabad,2026-10-03,4,NetBanking,0.35,Joh*****@yahoo.com,88******25,successful,179999.65,2026-10
3752,389,Tyler Kim,101,250000.0,Laptop,Electronics,offline,Bangalore,2025-07-30,2,UPI,0.15,Tyl*****@yahoo.com,82******16,successful,499999.85,2025-07
3753,288,Darren Parker,110,45000.0,Microwave,Home,online,Hyderabad,2025-10-18,2,NetBanking,0.4,Dar*****@outlook.com,77******69,successful,89999.6,2025-10
3754,46,Mallory Boyd,101,250000.0,Laptop,Elec,online,Delhi,2025-12-11,1,Cash,0.2,Mal*****@gmail.com,69******49,successful,249999.8,2025-12
3757,943,Sharon Smith,103,1300.0,Shirt,Clothing,offline,Chennai,2025-09-20,4,Cash,0.1,Sha*****@gmail.com,76******61,successful,5199.9,2025-09
3759,671,Sarah Frederick,106,,Sofa,Furniture,online,Chennai,2025-11-27,1,Cash,0.15,Sar*****@outlook.com,66******38,successful,,2025-11
3760,156,Sara Romero,106,80000.0,Sofa,Furn,offline,Chennai,2025-01-09,3,Cash,0.2,Sar*****@gmail.com,91******62,successful,239999.8,2025-01
3761,913,Craig Harris,102,70000.0,Phone,Electronics,offline,Delhi,2026-09-02,2,UPI,0.35,Cra*****@yahoo.com,79******10,successful,139999.65,2026-09
3762,523,Emily Cohen,106,80000.0,Sofa,Furniture,online,Chennai,2025-06-29,1,NetBanking,0.1,Emi*****@gmail.com,91******27,successful,79999.9,2025-06
3765,168,Joyce Robertson,105,45000.0,Tv,Electronics,offline,Mumbai,2025-05-14,4,UPI,0.35,Joy*****@yahoo.com,78******17,successful,179999.65,2025-05
3767,368,Emily Scott,107,50000.0,Dining Table,Furniture,online,Mumbai,2025-08-15,5,Card,0.4,Emi*****@yahoo.com,91******34,successful,249999.6,2025-08
3768,15,Robin Ray,108,15000.0,Mixer Grinder,Home,online,Chennai,2025-10-24,1,Cash,0.3,Rob*****@outlook.com,66******48,successful,14999.7,2025-10
3770,37,Joshua Nunez,104,,Shoes,Cloth,online,Mumbai,2025-05-16,5,UPI,0.1,Jos*****@yahoo.com,85******85,successful,,2025-05
3771,619,Angelica Wood,103,1300.0,Shirt,Clothing,offline,Mumbai,2026-01-12,4,Card,0.2,Ang*****@outlook.com,92******69,successful,5199.8,2026-01
3772,47,Jason Jones,106,80000.0,Sofa,Furniture,online,Bangalore,2026-03-28,2,NetBanking,0.35,Jas*****@outlook.com,89******45,successful,159999.65,2026-03
3773,359,Ryan Williams,105,45000.0,Tv,Electronics,online,Delhi,2025-05-23,2,UPI,0.25,Rya*****@gmail.com,63******99,successful,89999.75,2025-05
3774,220,Maria Walker,110,45000.0,Microwave,Home Appliances,online,Bangalore,2025-08-24,4,NetBanking,0.3,Mar*****@gmail.com,73******10,successful,179999.7,2025-08
3778,104,Amanda Castillo,104,8000.0,Shoes,Clothing,offline,Hyderabad,2025-10-08,1,Card,0.05,Ama*****@yahoo.com,92******48,successful,7999.95,2025-10
3779,303,Derek Rose,110,45000.0,Microwave,Home,online,Chennai,2025-09-14,2,NetBanking,0.1,Der*****@gmail.com,96******11,successful,89999.9,2025-09
3780,2,Steven Evans,106,80000.0,Sofa,Furn,online,Delhi,2025-11-09,5,Cash,0.15,Ste*****@gmail.com,94******87,successful,399999.85,2025-11
3781,661,Jennifer Cooper,105,45000.0,Tv,Electronics,offline,Chennai,2025-09-14,2,Card,0.25,Jen*****@outlook.com,80******09,successful,89999.75,2025-09
3782,77,Robert Diaz,106,80000.0,Sofa,Furniture,online,Hyderabad,2025-10-31,4,Cash,0.05,Rob*****@yahoo.com,69******45,successful,319999.95,2025-10
3783,2,Steven Evans,101,250000.0,Laptop,Electronics,offline,Delhi,2026-01-25,4,Card,0.15,Ste*****@gmail.com,94******87,successful,999999.85,2026-01
3784,177,Barbara Weber,102,,Phone,Elec,online,Chennai,2025-06-11,5,NetBanking,0.25,Bar*****@gmail.com,62******42,successful,,2025-06
3785,310,Lee Brown,101,250000.0,Laptop,Elec,offline,Mumbai,2025-05-03,2,UPI,0.2,Lee*****@yahoo.com,95******16,successful,499999.8,2025-05
3786,297,Susan Hill,104,8000.0,Shoes,Clothing,offline,Delhi,2025-11-01,5,Cash,0.15,Sus*****@outlook.com,69******63,successful,39999.85,2025-11
3787,612,Jay Hunter,103,1300.0,Shirt,Clothing,online,Bangalore,2025-12-20,5,UPI,0.15,Jay*****@gmail.com,99******98,successful,6499.85,2025-12
3788,817,Nicole Ross,109,65000.0,Refrigerator,Home,online,Chennai,2025-12-25,4,Card,0.15,Nic*****@gmail.com,82******66,successful,259999.85,2025-12
3789,427,Kelly Mccormick,110,,Microwave,Home,online,Delhi,2025-08-21,2,Cash,0.2,Kel*****@outlook.com,60******70,successful,,2025-08
3791,161,Christopher Davis,102,70000.0,Phone,Electronics,offline,Mumbai,2026-01-03,5,Cash,0.3,Chr*****@gmail.com,82******33,successful,349999.7,2026-01
3792,414,Chase Johnson,103,1300.0,Shirt,Cloth,online,Delhi,2025-10-17,3,NetBanking,0.1,Cha*****@yahoo.com,62******15,successful,3899.9,2025-10
3793,921,Jessica Taylor,101,250000.0,Laptop,Electronics,offline,Mumbai,2025-11-16,4,NetBanking,0.3,Jes*****@outlook.com,97******82,successful,999999.7,2025-11
3794,982,James Munoz,105,45000.0,Tv,Electronics,online,Mumbai,2026-12-01,5,UPI,0.05,Jam*****@outlook.com,68******23,successful,224999.95,2026-12
3795,508,Jesus Decker,108,15000.0,Mixer Grinder,Home Appliances,online,Bangalore,2025-12-27,2,NetBanking,0.05,Jes*****@gmail.com,69******92,successful,29999.95,2025-12
3796,288,Darren Parker,105,45000.0,Tv,Electronics,online,Hyderabad,2025-11-11,1,Card,0.4,Dar*****@outlook.com,77******69,successful,44999.6,2025-11
3797,507,Thomas Cameron,109,65000.0,Refrigerator,Home,online,Delhi,2025-10-05,2,NetBanking,0.2,Tho*****@outlook.com,92******64,successful,129999.8,2025-10
3800,296,Katherine Frazier,104,8000.0,Shoes,Clothing,offline,Bangalore,2026-04-02,4,Card,0.05,Kat*****@yahoo.com,72******97,successful,31999.95,2026-04
3802,980,Alexis Andrews,109,65000.0,Refrigerator,Home,offline,Delhi,2025-10-31,2,Cash,0.05,Ale*****@gmail.com,96******41,successful,129999.95,2025-10
3803,866,Jasmine Guerrero,103,1300.0,Shirt,Clothing,offline,Hyderabad,2026-01-03,5,NetBanking,0.1,Jas*****@gmail.com,85******66,successful,6499.9,2026-01
3804,549,Jacob Hopkins,102,70000.0,Phone,Electronics,online,Bangalore,2026-01-17,5,NetBanking,0.3,Jac*****@gmail.com,68******90,successful,349999.7,2026-01
3805,137,Kathleen Douglas,102,70000.0,Phone,Elec,offline,Mumbai,2025-10-09,3,UPI,0.25,Kat*****@yahoo.com,80******44,successful,209999.75,2025-10
3806,525,Laura Barajas,110,45000.0,Microwave,Home,online,Bangalore,2025-11-09,4,NetBanking,0.2,Lau*****@gmail.com,85******00,successful,179999.8,2025-11
3807,585,Clifford Hayes,104,8000.0,Shoes,Clothing,offline,Delhi,2025-05-18,1,NetBanking,0.15,Cli*****@gmail.com,65******42,successful,7999.85,2025-05
3808,963,Laura Stevenson,103,1300.0,Shirt,Clothing,online,Chennai,2025-10-17,2,NetBanking,0.05,Lau*****@outlook.com,75******05,successful,2599.95,2025-10
3810,565,Craig Moore,105,,Tv,Elec,online,Mumbai,2025-12-15,4,NetBanking,0.4,Cra*****@gmail.com,99******11,successful,,2025-12
3812,937,Nicole Woods,107,50000.0,Dining Table,Furniture,offline,Mumbai,2025-08-02,5,Card,0.3,Nic*****@yahoo.com,93******75,successful,249999.7,2025-08
3814,270,Katherine Shaw,102,70000.0,Phone,Electronics,offline,Chennai,2026-03-28,2,UPI,0.2,Kat*****@yahoo.com,90******08,successful,139999.8,2026-03
3815,865,Jessica Patterson,105,45000.0,Tv,Electronics,offline,Hyderabad,2025-01-07,3,UPI,0.25,Jes*****@outlook.com,93******60,successful,134999.75,2025-01
3816,669,Joseph Moses,104,,Shoes,Clothing,offline,Chennai,2025-10-12,4,UPI,0.15,Jos*****@outlook.com,95******25,successful,,2025-10
3817,930,Jason Hubbard,103,1300.0,Shirt,Clothing,online,Chennai,2025-07-06,5,Cash,0.05,Jas*****@gmail.com,70******28,successful,6499.95,2025-07
3818,149,Ashley Mejia,103,1300.0,Shirt,Clothing,online,Chennai,2025-08-31,2,UPI,0.15,Ash*****@outlook.com,68******43,successful,2599.85,2025-08
3820,726,Joshua Walker,106,,Sofa,Furn,online,Mumbai,2026-02-23,5,Cash,0.2,Jos*****@outlook.com,92******09,successful,,2026-02
3821,316,James Jordan,105,45000.0,Tv,Electronics,offline,Delhi,2026-02-01,3,Cash,0.3,Jam*****@gmail.com,85******13,successful,134999.7,2026-02
3822,365,Lynn Chavez,107,50000.0,Dining Table,Furniture,offline,Mumbai,2026-10-04,1,UPI,0.1,Lyn*****@gmail.com,99******71,successful,49999.9,2026-10
3824,350,Gregory Knapp,104,,Shoes,Cloth,online,Chennai,2025-04-27,1,Cash,0.2,Gre*****@yahoo.com,93******47,successful,,2025-04
3825,295,Samuel Decker,109,65000.0,Refrigerator,Home,online,Mumbai,2025-12-11,2,Card,0.05,Sam*****@yahoo.com,64******76,successful,129999.95,2025-12
3826,701,Dylan Stanley,103,1300.0,Shirt,Cloth,online,Mumbai,2025-11-02,1,Cash,0.05,Dyl*****@gmail.com,80******62,successful,1299.95,2025-11
3827,322,Allison Foster,101,250000.0,Laptop,Elec,offline,Bangalore,2025-07-11,1,NetBanking,0.15,All*****@gmail.com,87******70,successful,249999.85,2025-07
3828,638,Kaitlyn Reed,109,65000.0,Refrigerator,Home,offline,Bangalore,2025-09-19,5,UPI,0.1,Kai*****@gmail.com,68******13,successful,324999.9,2025-09
3829,778,Angela Park,110,45000.0,Microwave,Home Appliances,online,Mumbai,2025-04-30,4,UPI,0.25,Ang*****@outlook.com,73******96,successful,179999.75,2025-04
3831,574,Carl Barrera,109,65000.0,Refrigerator,Home,offline,Bangalore,2025-05-26,4,NetBanking,0.15,Car*****@outlook.com,62******75,successful,259999.85,2025-05
3832,828,Anthony Garner,104,8000.0,Shoes,Clothing,online,Hyderabad,2026-10-02,3,Cash,0.35,Ant*****@gmail.com,73******49,successful,23999.65,2026-10
3833,881,Sarah Guerrero,104,8000.0,Shoes,Clothing,online,Bangalore,2025-05-04,3,UPI,0.05,Sar*****@yahoo.com,71******11,successful,23999.95,2025-05
3834,759,Lisa Butler,101,250000.0,Laptop,Elec,online,Hyderabad,2025-09-27,5,NetBanking,0.15,Lis*****@gmail.com,88******71,successful,1249999.85,2025-09
3835,806,Jacqueline Cantu,108,,Mixer Grinder,Home Appliances,offline,Chennai,2025-11-11,1,NetBanking,0.15,Jac*****@gmail.com,86******33,successful,,2025-11
3836,678,David Barnett,106,80000.0,Sofa,Furn,online,Delhi,2025-07-13,2,UPI,0.2,Dav*****@yahoo.com,61******72,successful,159999.8,2025-07
3838,620,Alexander Meyer,108,15000.0,Mixer Grinder,Home Appliances,offline,Mumbai,2025-12-16,3,Card,0.15,Ale*****@yahoo.com,95******57,successful,44999.85,2025-12
3839,119,Dana Castro,101,250000.0,Laptop,Electronics,online,Delhi,2025-09-12,1,UPI,0.05,Dan*****@yahoo.com,97******72,successful,249999.95,2025-09
3840,580,Meredith Walker,104,8000.0,Shoes,Cloth,online,Chennai,2025-08-31,5,UPI,0.3,Mer*****@yahoo.com,78******46,successful,39999.7,2025-08
3842,155,James Fleming,101,250000.0,Laptop,Electronics,offline,Hyderabad,2025-10-16,1,NetBanking,0.3,Jam*****@gmail.com,60******86,successful,249999.7,2025-10
3843,694,Lori Barrera,105,45000.0,Tv,Elec,offline,Hyderabad,2025-12-14,3,NetBanking,0.05,Lor*****@gmail.com,95******73,successful,134999.95,2025-12
3844,402,Patricia Herring,109,65000.0,Refrigerator,Home Appliances,online,Bangalore,2025-08-27,1,UPI,0.1,Pat*****@gmail.com,83******34,successful,64999.9,2025-08
3845,200,Miguel Proctor,102,70000.0,Phone,Electronics,online,Delhi,2025-07-19,2,UPI,0.15,Mig*****@gmail.com,81******35,successful,139999.85,2025-07
3846,935,Samantha Brewer,106,80000.0,Sofa,Furniture,online,Mumbai,2025-09-24,2,Cash,0.05,Sam*****@outlook.com,92******24,successful,159999.95,2025-09
3847,988,John Thomas,102,,Phone,Elec,offline,Delhi,2025-08-18,1,Card,0.4,Joh*****@gmail.com,91******39,successful,,2025-08
3848,674,Haley Alvarez,104,8000.0,Shoes,Clothing,offline,Bangalore,2025-06-24,5,Card,0.15,Hal*****@outlook.com,99******72,successful,39999.85,2025-06
3849,285,Amanda Anderson,102,70000.0,Phone,Elec,offline,Chennai,2026-09-03,1,Cash,0.15,Ama*****@outlook.com,90******74,successful,69999.85,2026-09
3850,454,Larry Perkins,103,1300.0,Shirt,Cloth,online,Mumbai,2026-04-15,4,Card,0.25,Lar*****@yahoo.com,79******36,successful,5199.75,2026-04
3852,759,Lisa Butler,101,250000.0,Laptop,Elec,offline,Hyderabad,2025-12-15,1,Card,0.35,Lis*****@gmail.com,88******71,successful,249999.65,2025-12
3853,495,John Cummings,101,250000.0,Laptop,Elec,online,Hyderabad,2025-06-17,1,Card,0.2,Joh*****@yahoo.com,88******25,successful,249999.8,2025-06
3854,394,Jeffrey Johnson,105,45000.0,Tv,Electronics,offline,Mumbai,2026-11-04,5,UPI,0.35,Jef*****@yahoo.com,68******41,successful,224999.65,2026-11
3855,188,Allison Oliver,107,50000.0,Dining Table,Furniture,online,Hyderabad,2025-12-12,5,UPI,0.05,All*****@gmail.com,98******24,successful,249999.95,2025-12
3856,494,Russell Estes,107,50000.0,Dining Table,Furniture,offline,Chennai,2026-07-02,1,Card,0.25,Rus*****@yahoo.com,67******27,successful,49999.75,2026-07
3857,699,Kristin Hawkins,106,80000.0,Sofa,Furn,offline,Mumbai,2026-04-08,4,Cash,0.4,Kri*****@yahoo.com,62******16,successful,319999.6,2026-04
3859,994,Amy Edwards,106,80000.0,Sofa,Furniture,offline,Mumbai,2025-06-28,1,NetBanking,0.3,Amy*****@outlook.com,88******33,successful,79999.7,2025-06
3860,911,Kelly Le,108,15000.0,Mixer Grinder,Home,offline,Delhi,2025-11-21,5,Cash,0.35,Kel*****@outlook.com,68******69,successful,74999.65,2025-11
3861,284,Erin Richmond,101,250000.0,Laptop,Electronics,offline,Chennai,2026-07-03,5,UPI,0.05,Eri*****@gmail.com,92******78,successful,1249999.95,2026-07
3862,285,Amanda Anderson,106,80000.0,Sofa,Furn,online,Chennai,2026-04-07,4,Cash,0.3,Ama*****@outlook.com,90******74,successful,319999.7,2026-04
3864,27,Ashley Simpson,105,45000.0,Tv,Electronics,offline,Chennai,2026-01-12,2,NetBanking,0.35,Ash*****@outlook.com,85******05,successful,89999.65,2026-01
3865,70,David Parker,101,250000.0,Laptop,Elec,offline,Delhi,2026-03-04,2,NetBanking,0.2,Dav*****@gmail.com,80******07,successful,499999.8,2026-03
3866,323,Victoria Phillips,110,45000.0,Microwave,Home Appliances,offline,Hyderabad,2026-03-08,5,UPI,0.25,Vic*****@gmail.com,61******94,successful,224999.75,2026-03
3867,613,Vanessa Vasquez,106,80000.0,Sofa,Furn,offline,Hyderabad,2026-02-16,5,UPI,0.15,Van*****@yahoo.com,96******80,successful,399999.85,2026-02
3870,242,James Pham,108,15000.0,Mixer Grinder,Home Appliances,offline,Hyderabad,2025-05-03,3,Cash,0.35,Jam*****@yahoo.com,97******50,successful,44999.65,2025-05
3872,11,James Leblanc,102,70000.0,Phone,Electronics,offline,Delhi,2026-03-14,3,UPI,0.05,Jam*****@gmail.com,82******60,successful,209999.95,2026-03
3873,458,Jared Lane,107,50000.0,Dining Table,Furn,offline,Hyderabad,2026-02-01,3,NetBanking,0.25,Jar*****@gmail.com,74******58,successful,149999.75,2026-02
3875,916,Betty Mcdaniel,109,65000.0,Refrigerator,Home Appliances,offline,Chennai,2025-09-08,3,Cash,0.3,Bet*****@yahoo.com,73******68,successful,194999.7,2025-09
3877,387,Kenneth Rocha,105,45000.0,Tv,Electronics,online,Mumbai,2025-05-09,3,NetBanking,0.35,Ken*****@outlook.com,63******83,successful,134999.65,2025-05
3878,835,Juan Watkins,102,70000.0,Phone,Elec,offline,Delhi,2026-11-04,1,NetBanking,0.3,Jua*****@outlook.com,79******80,successful,69999.7,2026-11
3880,237,Jamie Casey,102,70000.0,Phone,Elec,online,Mumbai,2026-03-30,5,Cash,0.05,Jam*****@yahoo.com,84******10,successful,349999.95,2026-03
3881,476,Jill Bryant,107,50000.0,Dining Table,Furniture,offline,Hyderabad,2026-02-03,2,UPI,0.2,Jil*****@gmail.com,68******21,successful,99999.8,2026-02
3884,489,Jennifer Bell,101,250000.0,Laptop,Elec,online,Hyderabad,2025-09-06,3,UPI,0.1,Jen*****@gmail.com,60******18,successful,749999.9,2025-09
3885,687,Robert Estrada,107,50000.0,Dining Table,Furniture,online,Hyderabad,2026-04-04,5,NetBanking,0.2,Rob*****@yahoo.com,86******73,successful,249999.8,2026-04
3886,335,Jacob Evans,101,250000.0,Laptop,Electronics,offline,Mumbai,2025-09-20,3,Cash,0.05,Jac*****@yahoo.com,64******10,successful,749999.95,2025-09
3887,368,Emily Scott,104,8000.0,Shoes,Clothing,online,Mumbai,2025-08-01,4,UPI,0.2,Emi*****@yahoo.com,91******34,successful,31999.8,2025-08
3888,712,Laura Rogers,102,70000.0,Phone,Elec,offline,Hyderabad,2026-02-22,5,Cash,0.35,Lau*****@outlook.com,65******95,successful,349999.65,2026-02
3890,88,Alex Mccullough,110,,Microwave,Home Appliances,offline,Chennai,2025-06-16,1,NetBanking,0.3,Ale*****@gmail.com,95******31,successful,,2025-06
3891,316,James Jordan,106,80000.0,Sofa,Furn,offline,Delhi,2026-02-18,5,Cash,0.35,Jam*****@gmail.com,85******13,successful,399999.65,2026-02
3892,721,Robert Villa,106,80000.0,Sofa,Furniture,online,Mumbai,2026-02-11,4,UPI,0.3,Rob*****@yahoo.com,82******53,successful,319999.7,2026-02
3893,846,Chris Garcia,109,65000.0,Refrigerator,Home Appliances,offline,Hyderabad,2026-03-12,1,UPI,0.2,Chr*****@yahoo.com,86******91,successful,64999.8,2026-03
3895,792,Jeff Norris,102,70000.0,Phone,Electronics,online,Delhi,2026-02-26,4,Cash,0.4,Jef*****@gmail.com,80******66,successful,279999.6,2026-02
3896,149,Ashley Mejia,104,,Shoes,Cloth,offline,Chennai,2026-04-14,1,UPI,0.25,Ash*****@outlook.com,68******43,successful,,2026-04
3897,658,Douglas Sanders,110,45000.0,Microwave,Home,online,Bangalore,2025-09-12,5,UPI,0.3,Dou*****@gmail.com,63******80,successful,224999.7,2025-09
3898,481,Valerie Phillips,101,,Laptop,Electronics,offline,Chennai,2025-11-10,1,Card,0.15,Val*****@gmail.com,84******27,successful,,2025-11
3899,82,Brittney Watkins,105,45000.0,Tv,Elec,offline,Hyderabad,2025-06-07,3,Card,0.1,Bri*****@outlook.com,81******67,successful,134999.9,2025-06
3902,593,William Taylor,108,15000.0,Mixer Grinder,Home,online,Delhi,2025-12-25,4,UPI,0.05,Wil*****@yahoo.com,69******84,successful,59999.95,2025-12
3903,950,Cheyenne Mason,110,45000.0,Microwave,Home Appliances,online,Delhi,2026-03-07,4,UPI,0.4,Che*****@yahoo.com,73******31,successful,179999.6,2026-03
3904,879,Andrew Johnston,102,70000.0,Phone,Electronics,offline,Mumbai,2025-04-30,4,Cash,0.3,And*****@yahoo.com,92******66,successful,279999.7,2025-04
3905,279,Lucas Stevens,108,15000.0,Mixer Grinder,Home,offline,Hyderabad,2025-09-08,5,UPI,0.1,Luc*****@outlook.com,67******87,successful,74999.9,2025-09
3907,797,Anthony Martinez,106,80000.0,Sofa,Furniture,online,Bangalore,2025-03-08,5,Card,0.05,Ant*****@gmail.com,70******34,successful,399999.95,2025-03
3908,838,Susan Torres,102,70000.0,Phone,Electronics,online,Chennai,2025-06-07,1,Card,0.05,Sus*****@outlook.com,87******26,successful,69999.95,2025-06
3909,516,Brittany Roberts,101,250000.0,Laptop,Electronics,online,Hyderabad,2026-01-06,2,Cash,0.1,Bri*****@outlook.com,84******57,successful,499999.9,2026-01
3910,501,Tammy Gomez,105,45000.0,Tv,Electronics,online,Bangalore,2025-08-18,4,UPI,0.1,Tam*****@yahoo.com,66******01,successful,179999.9,2025-08
3911,67,Jamie Harvey,108,15000.0,Mixer Grinder,Home,online,Chennai,2026-02-05,2,NetBanking,0.3,Jam*****@gmail.com,74******28,successful,29999.7,2026-02
3914,70,David Parker,105,45000.0,Tv,Electronics,online,Delhi,2026-01-21,1,UPI,0.35,Dav*****@gmail.com,80******07,successful,44999.65,2026-01
3915,652,Charles Fleming,108,,Mixer Grinder,Home,offline,Delhi,2025-09-17,2,Card,0.35,Cha*****@yahoo.com,73******99,successful,,2025-09
3918,54,Jessica Hernandez,105,45000.0,Tv,Electronics,online,Hyderabad,2025-06-17,5,UPI,0.35,Jes*****@outlook.com,71******54,successful,224999.65,2025-06
3919,776,Erica Moore,103,1300.0,Shirt,Clothing,online,Chennai,2025-04-16,4,NetBanking,0.15,Eri*****@gmail.com,77******31,successful,5199.85,2025-04
3920,935,Samantha Brewer,103,1300.0,Shirt,Cloth,online,Mumbai,2025-10-17,3,NetBanking,0.15,Sam*****@outlook.com,92******24,successful,3899.85,2025-10
3921,946,Lisa Cochran,102,70000.0,Phone,Electronics,online,Delhi,2025-12-26,5,Cash,0.2,Lis*****@gmail.com,83******19,successful,349999.8,2025-12
3922,338,Lisa Garrison,109,65000.0,Refrigerator,Home Appliances,online,Delhi,2025-12-12,5,UPI,0.1,Lis*****@outlook.com,67******37,successful,324999.9,2025-12
3925,650,Michael Haynes,105,,Tv,Electronics,online,Hyderabad,2026-02-17,3,Card,0.15,Mic*****@yahoo.com,60******33,successful,,2026-02
3926,207,Tonya Lopez,101,250000.0,Laptop,Elec,online,Bangalore,2025-09-09,4,Cash,0.15,Ton*****@gmail.com,80******19,successful,999999.85,2025-09
3927,161,Christopher Davis,103,1300.0,Shirt,Clothing,offline,Mumbai,2026-03-14,1,NetBanking,0.25,Chr*****@gmail.com,82******33,successful,1299.75,2026-03
3928,424,Tiffany Williams,110,45000.0,Microwave,Home,offline,Chennai,2026-02-18,1,Cash,0.05,Tif*****@gmail.com,88******93,successful,44999.95,2026-02
3929,723,Christopher Walter,103,1300.0,Shirt,Cloth,online,Hyderabad,2025-12-06,5,Card,0.3,Chr*****@gmail.com,90******07,successful,6499.7,2025-12
3930,172,Daniel Smith,104,8000.0,Shoes,Clothing,online,Delhi,2026-05-01,5,NetBanking,0.05,Dan*****@gmail.com,65******79,successful,39999.95,2026-05
3931,37,Joshua Nunez,110,45000.0,Microwave,Home Appliances,online,Mumbai,2025-09-25,4,Cash,0.2,Jos*****@yahoo.com,85******85,successful,179999.8,2025-09
3932,815,Kimberly Taylor,101,250000.0,Laptop,Electronics,online,Mumbai,2025-07-22,2,UPI,0.4,Kim*****@gmail.com,93******28,successful,499999.6,2025-07
3933,370,Jessica Moreno,104,8000.0,Shoes,Cloth,offline,Delhi,2025-12-29,2,Cash,0.05,Jes*****@gmail.com,89******38,successful,15999.95,2025-12
3936,771,Matthew Greer,106,80000.0,Sofa,Furniture,offline,Bangalore,2026-03-21,2,Card,0.15,Mat*****@yahoo.com,82******12,successful,159999.85,2026-03
3937,91,Christopher Martin,102,70000.0,Phone,Electronics,offline,Bangalore,2025-11-22,1,Cash,0.35,Chr*****@outlook.com,83******11,successful,69999.65,2025-11
3938,177,Barbara Weber,105,45000.0,Tv,Elec,online,Chennai,2026-08-04,1,NetBanking,0.3,Bar*****@gmail.com,62******42,successful,44999.7,2026-08
3939,618,Alan Torres,109,65000.0,Refrigerator,Home Appliances,online,Chennai,2026-03-04,2,UPI,0.3,Ala*****@yahoo.com,73******05,successful,129999.7,2026-03
3941,130,Bailey Smith,106,80000.0,Sofa,Furniture,offline,Hyderabad,2025-09-28,5,Card,0.15,Bai*****@outlook.com,95******53,successful,399999.85,2025-09
3944,845,Sara Smith,101,250000.0,Laptop,Elec,online,Chennai,2026-03-01,3,UPI,0.4,Sar*****@outlook.com,61******26,successful,749999.6,2026-03
3946,504,Victor Hendricks,102,70000.0,Phone,Elec,offline,Mumbai,2026-01-21,4,Card,0.3,Vic*****@gmail.com,65******07,successful,279999.7,2026-01
3947,394,Jeffrey Johnson,105,45000.0,Tv,Electronics,online,Mumbai,2025-11-24,3,NetBanking,0.35,Jef*****@yahoo.com,68******41,successful,134999.65,2025-11
3948,836,Jennifer Ross,109,65000.0,Refrigerator,Home,online,Chennai,2025-07-02,2,NetBanking,0.3,Jen*****@gmail.com,97******95,successful,129999.7,2025-07
3949,828,Anthony Garner,108,15000.0,Mixer Grinder,Home Appliances,offline,Hyderabad,2026-01-03,1,Cash,0.1,Ant*****@gmail.com,73******49,successful,14999.9,2026-01
3951,335,Jacob Evans,104,8000.0,Shoes,Clothing,offline,Mumbai,2025-10-15,2,Cash,0.15,Jac*****@yahoo.com,64******10,successful,15999.85,2025-10
3952,932,Jessica Harrell,110,45000.0,Microwave,Home,online,Hyderabad,2025-07-23,2,Cash,0.1,Jes*****@outlook.com,69******25,successful,89999.9,2025-07
3953,847,Eric Mejia,108,15000.0,Mixer Grinder,Home Appliances,offline,Delhi,2025-05-17,4,UPI,0.25,Eri*****@gmail.com,91******86,successful,59999.75,2025-05
3954,513,Brandon Sims,101,250000.0,Laptop,Elec,offline,Chennai,2026-02-25,5,NetBanking,0.1,Bra*****@outlook.com,70******19,successful,1249999.9,2026-02
3955,395,John Lee,108,,Mixer Grinder,Home Appliances,online,Mumbai,2025-06-10,5,Cash,0.05,Joh*****@yahoo.com,65******21,successful,,2025-06
3956,421,Rebecca Holland,107,50000.0,Dining Table,Furniture,online,Delhi,2026-02-21,3,NetBanking,0.15,Reb*****@gmail.com,61******60,successful,149999.85,2026-02
3958,742,Wesley Davis,110,45000.0,Microwave,Home Appliances,online,Delhi,2025-05-12,4,UPI,0.15,Wes*****@outlook.com,69******46,successful,179999.85,2025-05
3959,930,Jason Hubbard,105,45000.0,Tv,Electronics,online,Chennai,2026-04-07,5,Card,0.2,Jas*****@gmail.com,70******28,successful,224999.8,2026-04
3960,736,Lisa Lee,106,80000.0,Sofa,Furn,offline,Delhi,2025-10-23,3,NetBanking,0.4,Lis*****@gmail.com,70******21,successful,239999.6,2025-10
3961,505,Samantha Hull,104,8000.0,Shoes,Clothing,online,Chennai,2026-02-07,1,NetBanking,0.4,Sam*****@outlook.com,74******65,successful,7999.6,2026-02
3964,141,Brooke Nunez,102,70000.0,Phone,Electronics,offline,Bangalore,2025-07-19,4,UPI,0.3,Bro*****@gmail.com,80******05,successful,279999.7,2025-07
3965,370,Jessica Moreno,104,8000.0,Shoes,Clothing,online,Delhi,2025-06-08,3,Cash,0.1,Jes*****@gmail.com,89******38,successful,23999.9,2025-06
3966,766,Stacey Jones,105,45000.0,Tv,Electronics,offline,Mumbai,2026-02-20,4,UPI,0.1,Sta*****@outlook.com,80******77,successful,179999.9,2026-02
3967,334,Brenda Gonzales,104,8000.0,Shoes,Clothing,offline,Chennai,2025-11-04,2,NetBanking,0.25,Bre*****@gmail.com,90******83,successful,15999.75,2025-11
3968,253,Emily Rodriguez,109,65000.0,Refrigerator,Home Appliances,offline,Delhi,2025-08-07,4,NetBanking,0.15,Emi*****@gmail.com,95******45,successful,259999.85,2025-08
3969,876,David Whitaker,108,15000.0,Mixer Grinder,Home,offline,Chennai,2025-09-19,3,Cash,0.3,Dav*****@gmail.com,90******57,successful,44999.7,2025-09
3972,288,Darren Parker,110,45000.0,Microwave,Home Appliances,online,Hyderabad,2025-11-18,4,Cash,0.4,Dar*****@outlook.com,77******69,successful,179999.6,2025-11
3973,114,Mark Baird,102,70000.0,Phone,Electronics,offline,Mumbai,2025-07-18,1,UPI,0.1,Mar*****@outlook.com,63******74,successful,69999.9,2025-07
3974,445,Steven Byrd,102,70000.0,Phone,Elec,online,Chennai,2025-08-06,5,NetBanking,0.35,Ste*****@gmail.com,65******24,successful,349999.65,2025-08
3975,627,Nicole Allen,106,80000.0,Sofa,Furniture,offline,Bangalore,2025-09-11,2,Card,0.15,Nic*****@gmail.com,64******56,successful,159999.85,2025-09
3976,792,Jeff Norris,101,250000.0,Laptop,Elec,offline,Delhi,2025-08-01,5,NetBanking,0.2,Jef*****@gmail.com,80******66,successful,1249999.8,2025-08
3977,849,Mark Carson,101,250000.0,Laptop,Elec,online,Bangalore,2025-08-28,5,UPI,0.05,Mar*****@yahoo.com,94******25,successful,1249999.95,2025-08
3978,534,Deborah Lopez,102,70000.0,Phone,Elec,online,Delhi,2026-01-09,4,UPI,0.2,Deb*****@yahoo.com,91******18,successful,279999.8,2026-01
3979,239,Tyler Greene,106,80000.0,Sofa,Furniture,online,Delhi,2025-10-11,5,Card,0.3,Tyl*****@gmail.com,81******07,successful,399999.7,2025-10
3980,336,Gregory Mitchell,101,250000.0,Laptop,Electronics,online,Chennai,2025-10-30,4,NetBanking,0.2,Gre*****@gmail.com,86******45,successful,999999.8,2025-10
3981,721,Robert Villa,103,1300.0,Shirt,Clothing,online,Mumbai,2025-04-25,2,UPI,0.1,Rob*****@yahoo.com,82******53,successful,2599.9,2025-04
3982,364,Kelly Graves,108,15000.0,Mixer Grinder,Home Appliances,online,Bangalore,2026-01-15,4,Cash,0.35,Kel*****@gmail.com,62******43,successful,59999.65,2026-01
3983,264,Kelli Johnson,110,45000.0,Microwave,Home,offline,Bangalore,2025-05-21,5,Cash,0.1,Kel*****@gmail.com,98******31,successful,224999.9,2025-05
3984,257,Courtney Terrell,109,65000.0,Refrigerator,Home Appliances,online,Mumbai,2025-05-26,4,Cash,0.2,Cou*****@gmail.com,81******54,successful,259999.8,2025-05
3986,404,Julian Cox,106,80000.0,Sofa,Furn,offline,Delhi,2025-06-23,3,Card,0.15,Jul*****@outlook.com,99******39,successful,239999.85,2025-06
3987,691,Clayton Miles,108,15000.0,Mixer Grinder,Home Appliances,online,Mumbai,2025-09-21,3,Cash,0.35,Cla*****@gmail.com,68******37,successful,44999.65,2025-09
3988,933,Zachary Khan,104,8000.0,Shoes,Cloth,online,Bangalore,2025-06-28,4,Cash,0.05,Zac*****@gmail.com,93******81,successful,31999.95,2025-06
3989,940,Nicole Briggs,104,8000.0,Shoes,Cloth,online,Chennai,2026-03-15,3,Card,0.15,Nic*****@gmail.com,66******93,successful,23999.85,2026-03
3990,275,Edward Beck,109,65000.0,Refrigerator,Home,offline,Bangalore,2025-04-19,3,Cash,0.25,Edw*****@yahoo.com,87******34,successful,194999.75,2025-04
3991,950,Cheyenne Mason,107,50000.0,Dining Table,Furniture,online,Delhi,2026-04-04,1,UPI,0.35,Che*****@yahoo.com,73******31,successful,49999.65,2026-04
3992,551,Joel Coleman,109,65000.0,Refrigerator,Home Appliances,online,Bangalore,2025-03-09,4,UPI,0.1,Joe*****@gmail.com,89******40,successful,259999.9,2025-03
3993,694,Lori Barrera,107,50000.0,Dining Table,Furniture,offline,Hyderabad,2025-06-15,2,NetBanking,0.25,Lor*****@gmail.com,95******73,successful,99999.75,2025-06
3994,417,Kristina Lewis,102,70000.0,Phone,Elec,offline,Delhi,2026-01-05,5,NetBanking,0.4,Kri*****@gmail.com,78******32,successful,349999.6,2026-01
3996,173,Joshua Smith,105,45000.0,Tv,Elec,offline,Delhi,2025-05-01,3,UPI,0.1,Jos*****@outlook.com,93******78,successful,134999.9,2025-05
3997,654,Amy Ramos,105,45000.0,Tv,Electronics,offline,Chennai,2026-02-18,4,UPI,0.1,Amy*****@gmail.com,83******59,successful,179999.9,2026-02
3998,751,Christina Brown,105,,Tv,Elec,offline,Hyderabad,2025-07-11,1,Cash,0.35,Chr*****@yahoo.com,95******83,successful,,2025-07
3999,727,Rodney Simmons,107,50000.0,Dining Table,Furn,online,Bangalore,2025-12-08,3,Cash,0.05,Rod*****@outlook.com,77******82,successful,149999.95,2025-12
4002,1125,Jeanne Suarez,105,45000.0,Tv,Electronics,online,Mumbai,2025-08-07,3,Card,0.1,Jea*****@yahoo.com,64******12,successful,134999.9,2025-08
4004,1570,John Wilkins,107,50000.0,Dining Table,Furn,offline,Delhi,2025-11-20,2,Cash,0.4,Joh*****@outlook.com,64******29,successful,99999.6,2025-11
4005,1433,Joseph Knapp,108,15000.0,Mixer Grinder,Home Appliances,online,Bangalore,2025-09-29,5,Cash,0.25,Jos*****@gmail.com,92******37,successful,74999.75,2025-09
4006,1307,George Hall,101,250000.0,Laptop,Electronics,offline,Bangalore,2025-05-25,3,Card,0.4,Geo*****@outlook.com,63******07,successful,749999.6,2025-05
4008,1435,Jeffrey Wood,108,15000.0,Mixer Grinder,Home,offline,Hyderabad,2025-12-21,3,NetBanking,0.3,Jef*****@gmail.com,72******89,successful,44999.7,2025-12
4012,1572,Linda Cummings,103,1300.0,Shirt,Cloth,offline,Hyderabad,2025-07-07,3,Cash,0.3,Lin*****@yahoo.com,73******94,successful,3899.7,2025-07
4014,1320,Ryan Jacobs,102,70000.0,Phone,Electronics,offline,Chennai,2025-08-27,5,Cash,0.35,Rya*****@yahoo.com,79******00,successful,349999.65,2025-08
4015,1153,Thomas Sanchez,108,15000.0,Mixer Grinder,Home Appliances,offline,Mumbai,2026-04-05,2,NetBanking,0.2,Tho*****@gmail.com,84******82,successful,29999.8,2026-04
4016,1213,David Davis,109,65000.0,Refrigerator,Home Appliances,online,Delhi,2025-01-06,4,UPI,0.1,Dav*****@gmail.com,75******49,successful,259999.9,2025-01
4017,1125,Jeanne Suarez,106,80000.0,Sofa,Furniture,offline,Mumbai,2026-01-07,2,NetBanking,0.15,Jea*****@yahoo.com,64******12,successful,159999.85,2026-01
4018,1086,Samuel George,108,15000.0,Mixer Grinder,Home Appliances,online,Delhi,2025-08-07,3,UPI,0.4,Sam*****@yahoo.com,82******95,successful,44999.6,2025-08
4019,1857,Kyle Kennedy,106,,Sofa,Furn,online,Mumbai,2025-12-04,5,NetBanking,0.05,Kyl*****@gmail.com,67******00,successful,,2025-12
4021,1351,Scott Martinez,109,,Refrigerator,Home,online,Hyderabad,2025-08-16,1,UPI,0.35,Sco*****@gmail.com,82******29,successful,,2025-08
4022,1407,Laura Adams,106,80000.0,Sofa,Furniture,offline,Bangalore,2025-05-07,5,Cash,0.15,Lau*****@gmail.com,60******68,successful,399999.85,2025-05
4023,1534,Matthew Harrington,102,70000.0,Phone,Electronics,offline,Delhi,2026-02-04,3,Card,0.05,Mat*****@yahoo.com,76******86,successful,209999.95,2026-02
4024,1365,Patrick Preston,103,1300.0,Shirt,Cloth,offline,Delhi,2025-09-17,1,UPI,0.25,Pat*****@gmail.com,60******01,successful,1299.75,2025-09
4026,1825,Mary Malone,108,15000.0,Mixer Grinder,Home Appliances,offline,Delhi,2025-08-03,2,UPI,0.3,Mar*****@outlook.com,70******80,successful,29999.7,2025-08
4027,1548,Christina Porter,104,8000.0,Shoes,Clothing,offline,Hyderabad,2026-01-28,2,UPI,0.3,Chr*****@yahoo.com,77******59,successful,15999.7,2026-01
4028,1321,Daniel Taylor,106,80000.0,Sofa,Furniture,offline,Hyderabad,2025-12-10,2,UPI,0.1,Dan*****@gmail.com,69******62,successful,159999.9,2025-12
4029,1752,Ryan Heath,103,1300.0,Shirt,Clothing,online,Hyderabad,2025-12-18,3,NetBanking,0.2,Rya*****@yahoo.com,94******40,successful,3899.8,2025-12
4030,1770,Daniel Lester,110,45000.0,Microwave,Home Appliances,offline,Chennai,2026-01-22,4,Card,0.25,Dan*****@gmail.com,72******11,successful,179999.75,2026-01
4031,1932,Eric Mitchell,107,50000.0,Dining Table,Furniture,online,Hyderabad,2025-05-02,2,Card,0.4,Eri*****@gmail.com,73******00,successful,99999.6,2025-05
4032,1142,Joseph Chavez,101,250000.0,Laptop,Elec,online,Hyderabad,2025-08-23,4,NetBanking,0.25,Jos*****@gmail.com,74******91,successful,999999.75,2025-08
4033,1171,William Orr,110,45000.0,Microwave,Home,online,Bangalore,2026-02-12,2,NetBanking,0.05,Wil*****@gmail.com,93******79,successful,89999.95,2026-02
4034,1663,Michael Holder,109,65000.0,Refrigerator,Home,offline,Chennai,2026-01-22,5,Card,0.05,Mic*****@outlook.com,81******32,successful,324999.95,2026-01
4035,1182,Nancy Jones,106,,Sofa,Furniture,offline,Delhi,2025-07-23,4,NetBanking,0.1,Nan*****@outlook.com,99******38,successful,,2025-07
4036,1753,Laura Dougherty,104,8000.0,Shoes,Clothing,online,Chennai,2025-04-19,1,NetBanking,0.3,Lau*****@outlook.com,93******17,successful,7999.7,2025-04
4037,1034,Laura Landry,108,15000.0,Mixer Grinder,Home,online,Mumbai,2026-04-07,5,UPI,0.05,Lau*****@yahoo.com,79******46,successful,74999.95,2026-04
4038,1169,Randy Stevens,110,45000.0,Microwave,Home,online,Bangalore,2025-01-09,4,NetBanking,0.15,Ran*****@gmail.com,72******19,successful,179999.85,2025-01
4039,1504,Matthew Byrd,104,8000.0,Shoes,Clothing,offline,Delhi,2026-02-03,3,UPI,0.2,Mat*****@outlook.com,75******18,successful,23999.8,2026-02
4040,1208,Andrew Collins,110,45000.0,Microwave,Home Appliances,online,Mumbai,2025-10-06,2,UPI,0.3,And*****@gmail.com,63******60,successful,89999.7,2025-10
4043,1781,Michael Knox,101,250000.0,Laptop,Electronics,offline,Bangalore,2025-10-24,3,UPI,0.15,Mic*****@gmail.com,87******18,successful,749999.85,2025-10
4044,1245,Carlos Bennett,102,70000.0,Phone,Elec,online,Mumbai,2025-10-01,1,Card,0.05,Car*****@gmail.com,72******37,successful,69999.95,2025-10
4045,1833,Angela Coleman,105,45000.0,Tv,Electronics,online,Chennai,2026-01-03,2,Card,0.3,Ang*****@gmail.com,70******98,successful,89999.7,2026-01
4046,1503,Patrick Lopez,110,45000.0,Microwave,Home,offline,Chennai,2026-03-26,5,NetBanking,0.1,Pat*****@gmail.com,72******47,successful,224999.9,2026-03
4047,1746,Lawrence Coffey,110,45000.0,Microwave,Home Appliances,offline,Chennai,2025-09-13,2,Card,0.05,Law*****@gmail.com,71******71,successful,89999.95,2025-09
4048,1408,Mark Dunn,106,80000.0,Sofa,Furn,online,Hyderabad,2025-11-07,3,Cash,0.3,Mar*****@outlook.com,89******17,successful,239999.7,2025-11
4049,1368,Brandon Medina,110,45000.0,Microwave,Home,offline,Delhi,2025-01-07,3,NetBanking,0.05,Bra*****@yahoo.com,64******63,successful,134999.95,2025-01
4050,1799,Matthew Rodriguez,107,50000.0,Dining Table,Furniture,offline,Bangalore,2026-01-09,2,UPI,0.1,Mat*****@gmail.com,64******99,successful,99999.9,2026-01
4051,1263,Morgan Daniel,101,250000.0,Laptop,Electronics,offline,Chennai,2026-04-12,2,NetBanking,0.3,Mor*****@outlook.com,73******48,successful,499999.7,2026-04
4052,1802,Joshua Singh,106,80000.0,Sofa,Furniture,offline,Mumbai,2025-05-07,3,NetBanking,0.2,Jos*****@gmail.com,80******90,successful,239999.8,2025-05
4053,1731,Miranda Evans,105,45000.0,Tv,Electronics,online,Bangalore,2025-05-15,4,Card,0.1,Mir*****@gmail.com,75******40,successful,179999.9,2025-05
4054,1817,Debra Jenkins,102,70000.0,Phone,Elec,online,Chennai,2025-04-21,5,UPI,0.2,Deb*****@outlook.com,63******18,successful,349999.8,2025-04
4055,1411,Luis Jackson,101,250000.0,Laptop,Electronics,online,Mumbai,2025-04-16,5,Card,0.05,Lui*****@gmail.com,66******17,successful,1249999.95,2025-04
4056,1182,Nancy Jones,107,,Dining Table,Furn,offline,Delhi,2025-09-05,1,Cash,0.25,Nan*****@outlook.com,99******38,successful,,2025-09
4057,1573,David Rasmussen,103,,Shirt,Cloth,offline,Delhi,2026-01-24,3,UPI,0.05,Dav*****@outlook.com,61******38,successful,,2026-01
4059,1184,Oscar Tucker,102,70000.0,Phone,Electronics,offline,Delhi,2025-05-07,1,NetBanking,0.2,Osc*****@gmail.com,83******09,successful,69999.8,2025-05
4060,1311,Elizabeth Peck,107,50000.0,Dining Table,Furniture,offline,Hyderabad,2025-05-22,2,Cash,0.05,Eli*****@yahoo.com,91******30,successful,99999.95,2025-05
4061,1285,Ryan Dawson,101,250000.0,Laptop,Elec,offline,Mumbai,2026-01-24,5,NetBanking,0.3,Rya*****@gmail.com,81******46,successful,1249999.7,2026-01
4062,1840,Kelly Chang,108,15000.0,Mixer Grinder,Home Appliances,offline,Hyderabad,2026-04-06,3,UPI,0.1,Kel*****@yahoo.com,85******24,successful,44999.9,2026-04
4063,1287,Roy Mack,109,65000.0,Refrigerator,Home,online,Mumbai,2025-07-08,4,Card,0.1,Roy*****@gmail.com,72******81,successful,259999.9,2025-07
4064,1573,David Rasmussen,103,1300.0,Shirt,Clothing,online,Delhi,2025-04-19,5,NetBanking,0.4,Dav*****@outlook.com,61******38,successful,6499.6,2025-04
4065,1074,Justin Cooper,101,250000.0,Laptop,Electronics,offline,Chennai,2025-07-19,1,Cash,0.3,Jus*****@gmail.com,90******53,successful,249999.7,2025-07
4066,1678,Joshua Faulkner,102,70000.0,Phone,Elec,offline,Chennai,2025-10-28,2,Cash,0.35,Jos*****@gmail.com,89******35,successful,139999.65,2025-10
4067,1601,Jay English,109,65000.0,Refrigerator,Home Appliances,offline,Delhi,2025-07-01,1,UPI,0.15,Jay*****@outlook.com,68******52,successful,64999.85,2025-07
4068,1059,Justin Taylor,107,50000.0,Dining Table,Furniture,offline,Hyderabad,2025-06-13,2,Cash,0.35,Jus*****@gmail.com,74******41,successful,99999.65,2025-06
4069,1185,Ian Park,101,250000.0,Laptop,Elec,offline,Hyderabad,2025-01-11,2,Card,0.15,Ian*****@gmail.com,77******29,successful,499999.85,2025-01
4071,1453,Tanner Smith,108,15000.0,Mixer Grinder,Home,offline,Mumbai,2025-11-06,1,Card,0.1,Tan*****@outlook.com,79******25,successful,14999.9,2025-11
4072,1829,Tamara Brown,107,,Dining Table,Furn,offline,Hyderabad,2025-07-21,1,UPI,0.05,Tam*****@yahoo.com,97******07,successful,,2025-07
4074,1540,Derek Brooks,107,50000.0,Dining Table,Furniture,online,Hyderabad,2026-01-14,2,UPI,0.35,Der*****@gmail.com,86******81,successful,99999.65,2026-01
4076,1281,Mark Harper,103,1300.0,Shirt,Cloth,online,Bangalore,2025-09-19,1,Card,0.3,Mar*****@gmail.com,84******15,successful,1299.7,2025-09
4077,1291,Kathryn Moore,103,1300.0,Shirt,Cloth,offline,Chennai,2026-04-04,5,NetBanking,0.15,Kat*****@gmail.com,97******31,successful,6499.85,2026-04
4078,1217,Colin Yang,105,45000.0,Tv,Electronics,offline,Chennai,2025-09-27,4,Cash,0.35,Col*****@yahoo.com,70******64,successful,179999.65,2025-09
4079,1322,Heather Escobar,110,,Microwave,Home,online,Bangalore,2025-05-09,5,UPI,0.4,Hea*****@gmail.com,84******20,successful,,2025-05
4081,1294,Peter Reed,102,70000.0,Phone,Electronics,offline,Hyderabad,2025-08-22,4,Cash,0.3,Pet*****@yahoo.com,70******25,successful,279999.7,2025-08
4083,1872,Jennifer Hogan,110,45000.0,Microwave,Home Appliances,online,Bangalore,2025-08-05,1,Card,0.4,Jen*****@gmail.com,81******64,successful,44999.6,2025-08
4084,1721,Alison Robinson,104,8000.0,Shoes,Clothing,offline,Chennai,2026-10-01,2,Card,0.2,Ali*****@gmail.com,91******44,successful,15999.8,2026-10
4085,1399,Kristen Buchanan,101,250000.0,Laptop,Electronics,offline,Bangalore,2025-11-08,2,Cash,0.05,Kri*****@yahoo.com,74******97,successful,499999.95,2025-11
4086,1893,Michael Gibbs,102,70000.0,Phone,Electronics,offline,Delhi,2025-12-14,5,UPI,0.2,Mic*****@outlook.com,65******15,successful,349999.8,2025-12
4087,1745,Monique Bird,103,1300.0,Shirt,Clothing,online,Delhi,2026-01-03,3,NetBanking,0.1,Mon*****@yahoo.com,76******67,successful,3899.9,2026-01
4088,1540,Derek Brooks,105,45000.0,Tv,Elec,offline,Hyderabad,2026-01-20,3,UPI,0.3,Der*****@gmail.com,86******81,successful,134999.7,2026-01
4089,1293,James Crawford,103,1300.0,Shirt,Clothing,offline,Hyderabad,2025-06-15,3,UPI,0.4,Jam*****@yahoo.com,83******88,successful,3899.6,2025-06
4091,1502,Jillian Soto,102,70000.0,Phone,Elec,offline,Hyderabad,2025-11-26,1,NetBanking,0.15,Jil*****@gmail.com,85******29,successful,69999.85,2025-11
4093,1549,Brent Delacruz,109,65000.0,Refrigerator,Home Appliances,offline,Hyderabad,2025-06-01,2,Card,0.25,Bre*****@gmail.com,98******65,successful,129999.75,2025-06
4094,1060,John Barron,103,1300.0,Shirt,Cloth,offline,Mumbai,2026-03-13,5,Cash,0.35,Joh*****@outlook.com,85******62,successful,6499.65,2026-03
4095,1605,Brian Taylor,109,65000.0,Refrigerator,Home Appliances,offline,Hyderabad,2025-11-08,2,NetBanking,0.2,Bri*****@outlook.com,90******70,successful,129999.8,2025-11
4096,1511,Manuel Hernandez,110,45000.0,Microwave,Home Appliances,online,Hyderabad,2025-12-08,1,Cash,0.15,Man*****@outlook.com,99******39,successful,44999.85,2025-12
4098,1903,Mary Richardson,109,65000.0,Refrigerator,Home Appliances,online,Mumbai,2026-12-01,2,Cash,0.2,Mar*****@outlook.com,66******95,successful,129999.8,2026-12
4099,1080,Randy Hoffman,107,50000.0,Dining Table,Furn,offline,Bangalore,2025-06-05,1,Cash,0.05,Ran*****@gmail.com,89******74,successful,49999.95,2025-06
4102,1130,Brian Diaz,103,1300.0,Shirt,Clothing,online,Delhi,2025-10-11,1,Cash,0.05,Bri*****@outlook.com,82******76,successful,1299.95,2025-10
4103,1261,Paul Jones,101,250000.0,Laptop,Elec,offline,Hyderabad,2025-05-10,4,Cash,0.15,Pau*****@gmail.com,92******04,successful,999999.85,2025-05
4104,1981,Jennifer Foster,109,65000.0,Refrigerator,Home Appliances,online,Chennai,2025-04-18,5,UPI,0.2,Jen*****@outlook.com,96******94,successful,324999.8,2025-04
4105,1618,Malik Torres,110,45000.0,Microwave,Home Appliances,online,Chennai,2025-03-08,3,Card,0.1,Mal*****@gmail.com,69******12,successful,134999.9,2025-03
4106,1022,Vanessa Taylor,106,80000.0,Sofa,Furn,online,Mumbai,2025-06-30,3,Cash,0.1,Van*****@outlook.com,60******79,successful,239999.9,2025-06
4108,1077,Mandy Hess,103,1300.0,Shirt,Clothing,offline,Mumbai,2025-10-27,2,Card,0.2,Man*****@yahoo.com,86******56,successful,2599.8,2025-10
4110,1091,Elaine Austin,106,,Sofa,Furniture,offline,Mumbai,2025-05-18,2,Cash,0.1,Ela*****@gmail.com,67******11,successful,,2025-05
4111,1309,Jonathan Turner,107,50000.0,Dining Table,Furniture,offline,Hyderabad,2026-03-04,2,Cash,0.4,Jon*****@outlook.com,92******06,successful,99999.6,2026-03
4112,1154,Tammy Mitchell,104,,Shoes,Clothing,online,Chennai,2025-11-30,2,Cash,0.1,Tam*****@outlook.com,64******10,successful,,2025-11
4113,1670,Joan Miller,108,15000.0,Mixer Grinder,Home,offline,Mumbai,2026-03-22,4,Cash,0.35,Joa*****@gmail.com,79******78,successful,59999.65,2026-03
4114,1240,Mark Reyes,102,70000.0,Phone,Elec,offline,Bangalore,2025-10-08,5,Cash,0.35,Mar*****@yahoo.com,84******66,successful,349999.65,2025-10
4115,1988,Roger Mcmillan,107,50000.0,Dining Table,Furniture,offline,Chennai,2025-12-15,1,Cash,0.4,Rog*****@gmail.com,64******10,successful,49999.6,2025-12
4116,1089,Jessica Avila,102,70000.0,Phone,Elec,offline,Bangalore,2026-06-02,5,NetBanking,0.4,Jes*****@outlook.com,61******57,successful,349999.6,2026-06
4117,1988,Roger Mcmillan,104,,Shoes,Clothing,offline,Chennai,2025-10-13,1,Card,0.4,Rog*****@gmail.com,64******10,successful,,2025-10
4118,1004,Sean Davis,104,8000.0,Shoes,Clothing,offline,Mumbai,2025-07-17,1,Cash,0.15,Sea*****@gmail.com,65******89,successful,7999.85,2025-07
4119,1119,Valerie Hines,101,,Laptop,Electronics,offline,Hyderabad,2025-12-26,2,Cash,0.3,Val*****@outlook.com,78******95,successful,,2025-12
4120,1335,James Lewis,109,65000.0,Refrigerator,Home Appliances,online,Delhi,2025-04-05,5,NetBanking,0.4,Jam*****@yahoo.com,70******40,successful,324999.6,2025-04
4121,1708,Lori Bell,102,70000.0,Phone,Electronics,online,Chennai,2026-03-10,4,Card,0.25,Lor*****@outlook.com,90******47,successful,279999.75,2026-03
4122,1137,Kelly Jackson,105,,Tv,Electronics,offline,Bangalore,2025-06-10,1,NetBanking,0.05,Kel*****@outlook.com,97******18,successful,,2025-06
4123,1658,Brian Macdonald,105,45000.0,Tv,Elec,offline,Delhi,2026-03-30,1,UPI,0.4,Bri*****@outlook.com,84******60,successful,44999.6,2026-03
4124,1250,Brooke Santiago,104,8000.0,Shoes,Clothing,offline,Delhi,2026-02-06,2,Cash,0.4,Bro*****@gmail.com,67******76,successful,15999.6,2026-02
4125,1845,Brendan Ruiz,107,50000.0,Dining Table,Furn,offline,Bangalore,2025-01-05,1,UPI,0.25,Bre*****@gmail.com,78******41,successful,49999.75,2025-01
4126,1922,Thomas Rivera,104,8000.0,Shoes,Clothing,offline,Bangalore,2025-07-25,3,NetBanking,0.4,Tho*****@gmail.com,75******21,successful,23999.6,2025-07
4127,1639,John Marshall,110,45000.0,Microwave,Home Appliances,offline,Delhi,2025-09-04,1,Card,0.35,Joh*****@gmail.com,90******27,successful,44999.65,2025-09
4130,1890,Kim Massey,109,65000.0,Refrigerator,Home Appliances,offline,Chennai,2025-10-04,5,NetBanking,0.15,Kim*****@gmail.com,61******13,successful,324999.85,2025-10
4132,1936,Lisa Wiggins,103,1300.0,Shirt,Clothing,online,Bangalore,2025-10-15,5,NetBanking,0.1,Lis*****@gmail.com,61******25,successful,6499.9,2025-10
4133,1316,Carmen Hernandez,105,45000.0,Tv,Electronics,online,Bangalore,2026-01-23,4,Card,0.25,Car*****@gmail.com,90******24,successful,179999.75,2026-01
4134,1607,Adrian Singleton,102,70000.0,Phone,Electronics,online,Mumbai,2026-01-04,2,NetBanking,0.25,Adr*****@yahoo.com,88******94,successful,139999.75,2026-01
4136,1729,Samuel Bishop,101,250000.0,Laptop,Electronics,offline,Bangalore,2025-06-16,5,Card,0.3,Sam*****@outlook.com,89******60,successful,1249999.7,2025-06
4137,1514,Stephanie Duncan,101,250000.0,Laptop,Electronics,online,Chennai,2025-12-17,5,NetBanking,0.35,Ste*****@gmail.com,91******60,successful,1249999.65,2025-12
4138,1834,David Thomas,102,70000.0,Phone,Electronics,online,Mumbai,2026-04-13,3,NetBanking,0.35,Dav*****@yahoo.com,66******27,successful,209999.65,2026-04
4139,1100,John Jones,101,250000.0,Laptop,Elec,offline,Mumbai,2026-03-16,5,NetBanking,0.4,Joh*****@outlook.com,92******82,successful,1249999.6,2026-03
4143,1784,Jason Chavez,107,50000.0,Dining Table,Furn,offline,Mumbai,2026-04-12,4,Cash,0.25,Jas*****@outlook.com,79******42,successful,199999.75,2026-04
4144,1977,Donna Ayers,102,70000.0,Phone,Electronics,online,Hyderabad,2025-08-09,3,Card,0.35,Don*****@yahoo.com,63******87,successful,209999.65,2025-08
4145,1034,Laura Landry,107,50000.0,Dining Table,Furniture,offline,Mumbai,2025-05-03,4,Card,0.15,Lau*****@yahoo.com,79******46,successful,199999.85,2025-05
4147,1427,Sarah Williams,108,15000.0,Mixer Grinder,Home Appliances,online,Hyderabad,2026-10-02,4,Card,0.05,Sar*****@gmail.com,82******38,successful,59999.95,2026-10
4150,1873,Mitchell Johnson,107,50000.0,Dining Table,Furn,offline,Delhi,2026-01-01,5,Cash,0.1,Mit*****@outlook.com,66******92,successful,249999.9,2026-01
4151,1132,Sara Perez,108,15000.0,Mixer Grinder,Home Appliances,online,Chennai,2025-11-08,1,NetBanking,0.35,Sar*****@outlook.com,68******23,successful,14999.65,2025-11
4152,1897,Spencer Carpenter,109,65000.0,Refrigerator,Home,offline,Delhi,2025-06-07,4,NetBanking,0.05,Spe*****@yahoo.com,76******21,successful,259999.95,2025-06
4153,1276,Thomas Williamson,104,8000.0,Shoes,Clothing,online,Mumbai,2026-04-06,2,NetBanking,0.05,Tho*****@outlook.com,90******37,successful,15999.95,2026-04
4154,1854,Randy Hayes,109,65000.0,Refrigerator,Home Appliances,offline,Delhi,2025-10-24,4,UPI,0.05,Ran*****@outlook.com,85******75,successful,259999.95,2025-10
4155,1506,Nicholas Ponce,102,70000.0,Phone,Electronics,offline,Mumbai,2025-12-13,3,Card,0.05,Nic*****@gmail.com,60******92,successful,209999.95,2025-12
4156,1548,Christina Porter,108,15000.0,Mixer Grinder,Home,offline,Hyderabad,2025-10-08,3,Card,0.25,Chr*****@yahoo.com,77******59,successful,44999.75,2025-10
4157,1205,Timothy Jimenez,106,80000.0,Sofa,Furniture,online,Bangalore,2026-01-14,3,Cash,0.3,Tim*****@gmail.com,72******88,successful,239999.7,2026-01
4160,1764,Lisa Matthews,105,45000.0,Tv,Electronics,offline,Mumbai,2026-04-02,5,Card,0.1,Lis*****@outlook.com,74******11,successful,224999.9,2026-04
4161,1185,Ian Park,108,15000.0,Mixer Grinder,Home Appliances,online,Hyderabad,2025-04-20,4,Card,0.05,Ian*****@gmail.com,77******29,successful,59999.95,2025-04
4164,1445,Samantha Clark,104,8000.0,Shoes,Clothing,offline,Chennai,2026-03-17,3,UPI,0.3,Sam*****@gmail.com,78******17,successful,23999.7,2026-03
4165,1549,Brent Delacruz,108,15000.0,Mixer Grinder,Home Appliances,offline,Hyderabad,2026-02-05,2,Card,0.15,Bre*****@gmail.com,98******65,successful,29999.85,2026-02
4166,1430,Jennifer Gregory,107,50000.0,Dining Table,Furniture,offline,Delhi,2025-08-05,4,UPI,0.4,Jen*****@yahoo.com,98******72,successful,199999.6,2025-08
4167,1570,John Wilkins,107,50000.0,Dining Table,Furn,offline,Delhi,2026-07-03,1,Card,0.2,Joh*****@outlook.com,64******29,successful,49999.8,2026-07
4168,1011,Gina Price,106,80000.0,Sofa,Furniture,offline,Mumbai,2026-01-07,2,UPI,0.1,Gin*****@yahoo.com,73******62,successful,159999.9,2026-01
4169,1480,Kelly Davis,108,15000.0,Mixer Grinder,Home Appliances,offline,Hyderabad,2026-04-10,4,NetBanking,0.4,Kel*****@gmail.com,81******24,successful,59999.6,2026-04
4170,1798,James Rodriguez,110,45000.0,Microwave,Home,online,Mumbai,2025-11-28,2,Card,0.35,Jam*****@yahoo.com,78******91,successful,89999.65,2025-11
4171,1489,Kevin Hall,101,250000.0,Laptop,Electronics,online,Hyderabad,2025-09-06,5,NetBanking,0.4,Kev*****@yahoo.com,68******13,successful,1249999.6,2025-09
4172,1667,Maria Tate,101,250000.0,Laptop,Elec,online,Delhi,2025-11-20,2,Card,0.1,Mar*****@yahoo.com,84******81,successful,499999.9,2025-11
4174,1893,Michael Gibbs,110,45000.0,Microwave,Home Appliances,online,Delhi,2025-10-27,2,Card,0.1,Mic*****@outlook.com,65******15,successful,89999.9,2025-10
4175,1114,Anthony Wright,103,1300.0,Shirt,Clothing,offline,Chennai,2025-09-13,4,Card,0.25,Ant*****@outlook.com,98******13,successful,5199.75,2025-09
4176,1667,Maria Tate,101,250000.0,Laptop,Elec,offline,Delhi,2025-09-22,2,Card,0.25,Mar*****@yahoo.com,84******81,successful,499999.75,2025-09
4177,1496,Amanda Davis,109,65000.0,Refrigerator,Home,online,Bangalore,2025-11-07,3,Card,0.1,Ama*****@outlook.com,94******40,successful,194999.9,2025-11
4178,1468,Gina Hendricks,109,65000.0,Refrigerator,Home Appliances,online,Bangalore,2026-02-12,2,NetBanking,0.3,Gin*****@yahoo.com,70******48,successful,129999.7,2026-02
4179,1353,Tonya Johnson,104,8000.0,Shoes,Cloth,online,Delhi,2025-07-01,1,Card,0.2,Ton*****@gmail.com,99******16,successful,7999.8,2025-07
4180,1580,Thomas Griffin,108,15000.0,Mixer Grinder,Home Appliances,offline,Hyderabad,2025-08-11,2,UPI,0.4,Tho*****@yahoo.com,90******90,successful,29999.6,2025-08
4182,1861,Tyler Chandler,103,1300.0,Shirt,Clothing,online,Bangalore,2025-12-25,4,Card,0.35,Tyl*****@outlook.com,83******68,successful,5199.65,2025-12
4184,1101,Timothy Smith,107,50000.0,Dining Table,Furn,offline,Delhi,2026-02-20,3,Card,0.35,Tim*****@gmail.com,66******04,successful,149999.65,2026-02
4185,1880,Jeremy Mendez,110,45000.0,Microwave,Home Appliances,offline,Mumbai,2025-09-22,4,UPI,0.15,Jer*****@gmail.com,90******45,successful,179999.85,2025-09
4187,1207,Sydney Sanchez,109,65000.0,Refrigerator,Home,offline,Hyderabad,2025-05-04,5,UPI,0.2,Syd*****@yahoo.com,75******42,successful,324999.8,2025-05
4188,1933,Michael Hernandez,105,,Tv,Elec,online,Chennai,2025-07-10,2,NetBanking,0.35,Mic*****@gmail.com,95******89,successful,,2025-07
4189,1312,Brian White,109,65000.0,Refrigerator,Home,offline,Mumbai,2025-07-01,1,NetBanking,0.3,Bri*****@yahoo.com,81******73,successful,64999.7,2025-07
4190,1271,Anita Choi,108,15000.0,Mixer Grinder,Home,offline,Mumbai,2026-03-01,4,Cash,0.25,Ani*****@yahoo.com,64******65,successful,59999.75,2026-03
4191,1648,David Martin,104,8000.0,Shoes,Clothing,online,Delhi,2025-07-05,5,UPI,0.05,Dav*****@outlook.com,80******20,successful,39999.95,2025-07
4193,1370,Kyle Washington,109,65000.0,Refrigerator,Home,online,Hyderabad,2026-03-07,2,Cash,0.25,Kyl*****@yahoo.com,88******49,successful,129999.75,2026-03
4194,1995,James Hernandez,107,,Dining Table,Furniture,offline,Hyderabad,2025-06-15,3,NetBanking,0.2,Jam*****@outlook.com,73******62,successful,,2025-06
4195,1936,Lisa Wiggins,107,50000.0,Dining Table,Furniture,online,Bangalore,2025-08-09,4,Cash,0.1,Lis*****@gmail.com,61******25,successful,199999.9,2025-08
4197,1993,Samantha Lambert,108,15000.0,Mixer Grinder,Home,online,Bangalore,2026-03-06,2,UPI,0.1,Sam*****@yahoo.com,68******94,successful,29999.9,2026-03
4198,1686,Jennifer Perry,104,8000.0,Shoes,Clothing,online,Hyderabad,2025-12-21,4,NetBanking,0.3,Jen*****@yahoo.com,93******51,successful,31999.7,2025-12
4199,1461,Michael Cook,108,15000.0,Mixer Grinder,Home Appliances,offline,Delhi,2025-12-01,5,Card,0.15,Mic*****@gmail.com,90******03,successful,74999.85,2025-12
4200,1915,Benjamin Perez,109,65000.0,Refrigerator,Home Appliances,online,Delhi,2025-01-08,1,UPI,0.2,Ben*****@outlook.com,97******35,successful,64999.8,2025-01
4201,1507,David Pierce,102,70000.0,Phone,Electronics,offline,Mumbai,2026-01-21,2,Cash,0.35,Dav*****@outlook.com,91******55,successful,139999.65,2026-01
4202,1856,Katelyn Wallace,104,8000.0,Shoes,Cloth,offline,Delhi,2025-04-10,1,UPI,0.3,Kat*****@yahoo.com,85******43,successful,7999.7,2025-04
4204,1044,Joseph Stephens,102,70000.0,Phone,Electronics,online,Hyderabad,2026-04-05,2,Cash,0.15,Jos*****@yahoo.com,69******83,successful,139999.85,2026-04
4205,1677,Emily Clark,106,80000.0,Sofa,Furniture,offline,Delhi,2026-02-12,5,Cash,0.3,Emi*****@gmail.com,88******51,successful,399999.7,2026-02
4206,1530,Edward Murphy,109,65000.0,Refrigerator,Home Appliances,offline,Hyderabad,2025-09-23,3,UPI,0.05,Edw*****@gmail.com,82******65,successful,194999.95,2025-09
4207,1722,Shari House,103,1300.0,Shirt,Clothing,online,Bangalore,2025-06-09,5,UPI,0.4,Sha*****@gmail.com,64******43,successful,6499.6,2025-06
4208,1616,Mark Taylor,103,1300.0,Shirt,Clothing,offline,Mumbai,2025-07-09,4,NetBanking,0.2,Mar*****@outlook.com,86******71,successful,5199.8,2025-07
4210,1629,Jonathon Wallace,108,15000.0,Mixer Grinder,Home Appliances,online,Hyderabad,2025-11-17,2,Cash,0.05,Jon*****@yahoo.com,71******72,successful,29999.95,2025-11
4211,1636,Natalie Robinson,108,15000.0,Mixer Grinder,Home,offline,Hyderabad,2025-12-02,4,Card,0.1,Nat*****@outlook.com,82******80,successful,59999.9,2025-12
4212,1253,Dawn Ward,105,45000.0,Tv,Elec,online,Mumbai,2025-06-24,2,Cash,0.05,Daw*****@gmail.com,62******67,successful,89999.95,2025-06
4213,1640,Daniel Morris,105,,Tv,Electronics,online,Hyderabad,2025-05-16,4,Cash,0.15,Dan*****@outlook.com,87******03,successful,,2025-05
4214,1799,Matthew Rodriguez,101,250000.0,Laptop,Electronics,online,Bangalore,2025-08-10,1,UPI,0.05,Mat*****@gmail.com,64******99,successful,249999.95,2025-08
4215,1895,Teresa Anthony,109,65000.0,Refrigerator,Home Appliances,offline,Bangalore,2025-05-07,1,NetBanking,0.35,Ter*****@yahoo.com,83******25,successful,64999.65,2025-05
4216,1064,Marco Green,105,,Tv,Elec,offline,Delhi,2025-12-31,3,UPI,0.05,Mar*****@gmail.com,89******13,successful,,2025-12
4217,1386,Emily Vasquez,103,1300.0,Shirt,Clothing,offline,Mumbai,2025-03-05,5,Card,0.05,Emi*****@yahoo.com,66******71,successful,6499.95,2025-03
4218,1740,Aaron Mitchell,102,70000.0,Phone,Electronics,offline,Hyderabad,2025-10-16,2,UPI,0.1,Aar*****@gmail.com,99******22,successful,139999.9,2025-10
4219,1914,Miranda Sanchez,109,65000.0,Refrigerator,Home,online,Chennai,2026-04-05,1,Card,0.2,Mir*****@gmail.com,78******77,successful,64999.8,2026-04
4220,1569,Rebecca Jensen,101,250000.0,Laptop,Electronics,offline,Mumbai,2026-02-11,4,Card,0.3,Reb*****@gmail.com,75******70,successful,999999.7,2026-02
4221,1326,Anthony Sloan,102,70000.0,Phone,Electronics,offline,Chennai,2025-08-16,2,UPI,0.15,Ant*****@yahoo.com,87******92,successful,139999.85,2025-08
4222,1620,Craig Jacobs,108,15000.0,Mixer Grinder,Home Appliances,online,Bangalore,2025-04-05,5,UPI,0.3,Cra*****@gmail.com,62******01,successful,74999.7,2025-04
4224,1022,Vanessa Taylor,104,,Shoes,Clothing,offline,Mumbai,2025-06-14,5,NetBanking,0.2,Van*****@outlook.com,60******79,successful,,2025-06
4225,1846,Ronald West,102,70000.0,Phone,Electronics,online,Delhi,2026-01-06,1,Cash,0.35,Ron*****@gmail.com,71******38,successful,69999.65,2026-01
4226,1773,Timothy Contreras,106,80000.0,Sofa,Furn,offline,Chennai,2025-10-26,1,Cash,0.2,Tim*****@yahoo.com,61******95,successful,79999.8,2025-10
4227,1691,Anthony Guzman,101,250000.0,Laptop,Electronics,offline,Delhi,2026-01-20,3,Card,0.15,Ant*****@gmail.com,75******19,successful,749999.85,2026-01
4228,1818,Brooke Miles,109,65000.0,Refrigerator,Home,offline,Hyderabad,2025-08-14,2,UPI,0.4,Bro*****@gmail.com,64******46,successful,129999.6,2025-08
4229,1779,Vanessa Maxwell,108,15000.0,Mixer Grinder,Home Appliances,offline,Bangalore,2025-04-05,5,Cash,0.15,Van*****@gmail.com,75******67,successful,74999.85,2025-04
4230,1829,Tamara Brown,110,45000.0,Microwave,Home Appliances,online,Hyderabad,2025-10-22,4,NetBanking,0.1,Tam*****@yahoo.com,97******07,successful,179999.9,2025-10
4231,1508,John Carrillo,106,80000.0,Sofa,Furn,offline,Delhi,2025-05-20,3,UPI,0.25,Joh*****@outlook.com,86******67,successful,239999.75,2025-05
4233,1406,Preston Baldwin,106,,Sofa,Furn,offline,Delhi,2025-09-07,4,Cash,0.3,Pre*****@gmail.com,94******49,successful,,2025-09
4234,1724,Kelly Adams,104,8000.0,Shoes,Clothing,offline,Hyderabad,2026-01-25,4,NetBanking,0.25,Kel*****@gmail.com,77******65,successful,31999.75,2026-01
4235,1375,Kevin Rodriguez,103,1300.0,Shirt,Cloth,online,Bangalore,2025-05-11,5,Card,0.3,Kev*****@gmail.com,79******37,successful,6499.7,2025-05
4236,1363,Seth Everett,101,250000.0,Laptop,Electronics,online,Mumbai,2025-09-09,3,UPI,0.05,Set*****@gmail.com,83******39,successful,749999.95,2025-09
4237,1641,Nicholas Hill,104,8000.0,Shoes,Clothing,offline,Delhi,2026-09-02,4,Card,0.35,Nic*****@yahoo.com,83******25,successful,31999.65,2026-09
4238,1670,Joan Miller,102,70000.0,Phone,Electronics,offline,Mumbai,2025-10-10,4,NetBanking,0.3,Joa*****@gmail.com,79******78,successful,279999.7,2025-10
4239,1996,Jeremy Conley,109,65000.0,Refrigerator,Home Appliances,online,Chennai,2025-08-27,1,UPI,0.2,Jer*****@gmail.com,82******87,successful,64999.8,2025-08
4241,1054,Ruth Gonzales,109,65000.0,Refrigerator,Home Appliances,online,Mumbai,2026-04-06,1,Cash,0.25,Rut*****@yahoo.com,79******76,successful,64999.75,2026-04
4242,1827,Monique Lee,102,70000.0,Phone,Electronics,offline,Delhi,2025-07-19,3,UPI,0.1,Mon*****@gmail.com,97******44,successful,209999.9,2025-07
4244,1270,Sara Randolph,106,80000.0,Sofa,Furniture,online,Mumbai,2025-06-30,4,UPI,0.35,Sar*****@gmail.com,90******48,successful,319999.65,2025-06
4246,1380,Victoria Patterson,110,45000.0,Microwave,Home Appliances,online,Mumbai,2025-04-28,3,Cash,0.05,Vic*****@outlook.com,76******33,successful,134999.95,2025-04
4248,1428,James Mccoy,106,80000.0,Sofa,Furniture,offline,Bangalore,2025-12-28,3,Cash,0.25,Jam*****@gmail.com,66******77,successful,239999.75,2025-12
4250,1222,Vincent Shannon,101,250000.0,Laptop,Electronics,offline,Delhi,2025-05-03,3,NetBanking,0.2,Vin*****@gmail.com,81******94,successful,749999.8,2025-05
4251,1517,Kyle Patel,108,15000.0,Mixer Grinder,Home,offline,Hyderabad,2025-09-24,4,Cash,0.1,Kyl*****@outlook.com,89******98,successful,59999.9,2025-09
4252,1402,Alyssa Hopkins,105,45000.0,Tv,Elec,online,Hyderabad,2026-06-04,2,Card,0.05,Aly*****@gmail.com,73******15,successful,89999.95,2026-06
4253,1107,Matthew Gonzalez,109,65000.0,Refrigerator,Home Appliances,offline,Bangalore,2025-04-29,4,UPI,0.35,Mat*****@yahoo.com,73******94,successful,259999.65,2025-04
4254,1569,Rebecca Jensen,104,8000.0,Shoes,Cloth,offline,Mumbai,2025-11-23,1,Card,0.4,Reb*****@gmail.com,75******70,successful,7999.6,2025-11
4255,1128,Autumn Morgan,103,1300.0,Shirt,Clothing,offline,Chennai,2026-04-03,4,Card,0.1,Aut*****@gmail.com,80******06,successful,5199.9,2026-04
4256,1058,Edward Campbell,107,50000.0,Dining Table,Furniture,online,Bangalore,2026-03-16,2,NetBanking,0.25,Edw*****@outlook.com,66******86,successful,99999.75,2026-03
4257,1812,Duane Lawrence,109,65000.0,Refrigerator,Home Appliances,online,Delhi,2025-11-16,4,NetBanking,0.05,Dua*****@gmail.com,98******88,successful,259999.95,2025-11
4258,1087,Cathy Callahan,106,80000.0,Sofa,Furniture,online,Mumbai,2025-06-04,2,Cash,0.35,Cat*****@gmail.com,60******76,successful,159999.65,2025-06
4260,1349,Jessica Hall,109,65000.0,Refrigerator,Home Appliances,online,Delhi,2025-12-09,4,Card,0.3,Jes*****@gmail.com,90******81,successful,259999.7,2025-12
4261,1403,Timothy Wright,108,15000.0,Mixer Grinder,Home Appliances,online,Mumbai,2025-05-24,2,NetBanking,0.05,Tim*****@gmail.com,93******31,successful,29999.95,2025-05
4262,1157,Regina Bradford,102,70000.0,Phone,Electronics,online,Chennai,2025-11-14,2,UPI,0.15,Reg*****@gmail.com,85******50,successful,139999.85,2025-11
4263,1068,Andrew Cole,106,80000.0,Sofa,Furn,offline,Hyderabad,2025-07-03,1,UPI,0.2,And*****@outlook.com,67******93,successful,79999.8,2025-07
4264,1390,Monica Shaffer,101,250000.0,Laptop,Electronics,online,Hyderabad,2025-01-06,3,UPI,0.05,Mon*****@gmail.com,65******54,successful,749999.95,2025-01
4266,1911,Marc Morales,108,15000.0,Mixer Grinder,Home,online,Delhi,2025-10-15,2,Cash,0.05,Mar*****@outlook.com,99******59,successful,29999.95,2025-10
4267,1839,Ryan Wilkinson,102,70000.0,Phone,Elec,online,Hyderabad,2026-01-17,1,UPI,0.1,Rya*****@gmail.com,75******45,successful,69999.9,2026-01
4268,1554,Darrell Watson,110,45000.0,Microwave,Home,offline,Mumbai,2026-03-07,4,Card,0.15,Dar*****@gmail.com,94******32,successful,179999.85,2026-03
4270,1949,Michael Williams,107,50000.0,Dining Table,Furniture,online,Hyderabad,2025-08-24,1,Cash,0.3,Mic*****@yahoo.com,79******53,successful,49999.7,2025-08
4271,1246,James Webb,108,15000.0,Mixer Grinder,Home,online,Hyderabad,2026-03-24,5,NetBanking,0.3,Jam*****@gmail.com,70******60,successful,74999.7,2026-03
4272,1579,Jennifer Randall,105,45000.0,Tv,Elec,offline,Hyderabad,2025-09-08,5,Card,0.05,Jen*****@outlook.com,89******52,successful,224999.95,2025-09
4273,1484,Cindy Long,107,50000.0,Dining Table,Furn,online,Delhi,2025-09-12,1,UPI,0.35,Cin*****@gmail.com,60******65,successful,49999.65,2025-09
4274,1511,Manuel Hernandez,102,70000.0,Phone,Elec,offline,Hyderabad,2026-01-24,2,NetBanking,0.05,Man*****@outlook.com,99******39,successful,139999.95,2026-01
4275,1815,Victoria Ellis,101,250000.0,Laptop,Electronics,online,Mumbai,2025-11-22,4,Cash,0.4,Vic*****@yahoo.com,75******21,successful,999999.6,2025-11
4276,1720,Melissa Archer,107,50000.0,Dining Table,Furn,online,Mumbai,2025-09-02,3,Cash,0.3,Mel*****@gmail.com,72******05,successful,149999.7,2025-09
4277,1141,Roberta Boyd,106,,Sofa,Furniture,online,Delhi,2026-01-14,5,UPI,0.15,Rob*****@yahoo.com,71******28,successful,,2026-01
4278,1376,Mark Clark,104,8000.0,Shoes,Clothing,offline,Delhi,2025-09-18,4,Cash,0.4,Mar*****@yahoo.com,92******59,successful,31999.6,2025-09
4279,1014,Nicholas Stephens,107,50000.0,Dining Table,Furniture,offline,Delhi,2025-10-14,2,Card,0.35,Nic*****@gmail.com,75******71,successful,99999.65,2025-10
4280,1790,Max Guzman,110,,Microwave,Home Appliances,online,Mumbai,2026-01-03,5,NetBanking,0.4,Max*****@yahoo.com,60******12,successful,,2026-01
4282,1049,Alicia Blair,106,80000.0,Sofa,Furn,online,Delhi,2025-05-11,3,NetBanking,0.15,Ali*****@outlook.com,94******00,successful,239999.85,2025-05
4283,1477,Leah Mitchell,110,45000.0,Microwave,Home Appliances,online,Chennai,2025-09-06,2,NetBanking,0.4,Lea*****@gmail.com,65******41,successful,89999.6,2025-09
4284,1093,Anthony Wood,108,15000.0,Mixer Grinder,Home,offline,Bangalore,2025-12-27,1,Card,0.4,Ant*****@gmail.com,64******84,successful,14999.6,2025-12
4285,1560,Julie Williams,106,80000.0,Sofa,Furniture,online,Mumbai,2025-12-21,5,NetBanking,0.15,Jul*****@gmail.com,75******36,successful,399999.85,2025-12
4286,1183,Aaron Ramirez,102,70000.0,Phone,Electronics,offline,Chennai,2026-04-13,3,NetBanking,0.25,Aar*****@gmail.com,92******90,successful,209999.75,2026-04
4287,1333,Douglas Thompson,104,,Shoes,Cloth,offline,Delhi,2025-09-01,4,Cash,0.15,Dou*****@outlook.com,65******46,successful,,2025-09
4288,1816,Allison Young,101,250000.0,Laptop,Elec,online,Mumbai,2025-09-08,4,Cash,0.2,All*****@gmail.com,68******13,successful,999999.8,2025-09
4292,1765,Holly Bennett,110,45000.0,Microwave,Home,offline,Mumbai,2025-11-16,2,Card,0.05,Hol*****@gmail.com,92******21,successful,89999.95,2025-11
4293,1850,Jasmine Rose,104,8000.0,Shoes,Clothing,offline,Bangalore,2025-07-03,1,NetBanking,0.4,Jas*****@gmail.com,95******70,successful,7999.6,2025-07
4295,1304,Charlotte Odom,108,15000.0,Mixer Grinder,Home Appliances,online,Hyderabad,2025-02-08,4,Card,0.25,Cha*****@outlook.com,81******94,successful,59999.75,2025-02
4296,1421,Terry Parker,106,80000.0,Sofa,Furniture,online,Chennai,2025-06-24,3,Cash,0.05,Ter*****@outlook.com,60******41,successful,239999.95,2025-06
4297,1436,Charles Osborne,107,50000.0,Dining Table,Furniture,offline,Hyderabad,2025-04-26,3,NetBanking,0.25,Cha*****@yahoo.com,86******02,successful,149999.75,2025-04
4298,1538,Benjamin Ramirez,104,8000.0,Shoes,Clothing,online,Hyderabad,2025-12-04,1,Card,0.2,Ben*****@yahoo.com,64******29,successful,7999.8,2025-12
4299,1365,Patrick Preston,108,15000.0,Mixer Grinder,Home,offline,Delhi,2025-08-17,2,NetBanking,0.05,Pat*****@gmail.com,60******01,successful,29999.95,2025-08
4300,1974,James Davis,104,8000.0,Shoes,Clothing,offline,Delhi,2025-01-07,4,UPI,0.05,Jam*****@outlook.com,70******61,successful,31999.95,2025-01
4301,1711,Neil Farley,108,15000.0,Mixer Grinder,Home Appliances,online,Mumbai,2025-08-20,1,Cash,0.35,Nei*****@yahoo.com,71******83,successful,14999.65,2025-08
4302,1275,Mary Lawrence,103,1300.0,Shirt,Cloth,online,Delhi,2025-10-03,2,Card,0.2,Mar*****@yahoo.com,85******23,successful,2599.8,2025-10
4303,1325,Jennifer Morgan,104,,Shoes,Cloth,offline,Delhi,2025-04-20,4,UPI,0.4,Jen*****@outlook.com,74******76,successful,,2025-04
4305,1078,Jeremy Miller,105,45000.0,Tv,Electronics,offline,Delhi,2025-09-19,2,Cash,0.3,Jer*****@gmail.com,88******89,successful,89999.7,2025-09
4306,1718,Juan Hoover,101,250000.0,Laptop,Electronics,offline,Delhi,2025-08-13,3,NetBanking,0.4,Jua*****@gmail.com,72******67,successful,749999.6,2025-08
4308,1680,Peter Perez,102,70000.0,Phone,Electronics,online,Delhi,2026-03-08,5,Card,0.25,Pet*****@yahoo.com,79******23,successful,349999.75,2026-03
4309,1375,Kevin Rodriguez,110,45000.0,Microwave,Home Appliances,online,Bangalore,2026-01-19,1,Card,0.05,Kev*****@gmail.com,79******37,successful,44999.95,2026-01
4310,1964,Teresa Jordan,104,8000.0,Shoes,Clothing,online,Hyderabad,2025-09-07,3,Cash,0.3,Ter*****@gmail.com,68******32,successful,23999.7,2025-09
4311,1366,Kimberly Stevenson,104,8000.0,Shoes,Cloth,online,Bangalore,2025-11-16,1,Cash,0.25,Kim*****@yahoo.com,87******53,successful,7999.75,2025-11
4312,1056,Dana Perry,101,,Laptop,Electronics,offline,Hyderabad,2025-07-12,3,Card,0.4,Dan*****@gmail.com,98******62,successful,,2025-07
4313,1422,Holly Rivera,109,,Refrigerator,Home Appliances,offline,Bangalore,2025-09-20,3,Cash,0.1,Hol*****@outlook.com,70******59,successful,,2025-09
4314,1179,Alexandra May,106,80000.0,Sofa,Furniture,online,Chennai,2025-08-18,4,Card,0.1,Ale*****@yahoo.com,77******05,successful,319999.9,2025-08
4315,1700,Jennifer Olson,105,45000.0,Tv,Elec,online,Hyderabad,2026-04-04,2,NetBanking,0.2,Jen*****@gmail.com,72******81,successful,89999.8,2026-04
4316,1036,Eric Johnson,107,50000.0,Dining Table,Furniture,online,Bangalore,2025-11-25,5,UPI,0.4,Eri*****@yahoo.com,68******17,successful,249999.6,2025-11
4317,1577,Diana Brewer,102,,Phone,Elec,offline,Bangalore,2025-04-07,5,Cash,0.25,Dia*****@gmail.com,68******19,successful,,2025-04
4318,1035,Erin Johnson,104,,Shoes,Clothing,online,Hyderabad,2025-10-19,5,UPI,0.15,Eri*****@yahoo.com,82******32,successful,,2025-10
4319,1402,Alyssa Hopkins,107,50000.0,Dining Table,Furn,offline,Hyderabad,2025-06-12,5,Cash,0.2,Aly*****@gmail.com,73******15,successful,249999.8,2025-06
4322,1001,Debbie Johnson,101,250000.0,Laptop,Elec,offline,Bangalore,2025-04-20,1,Card,0.4,Deb*****@gmail.com,81******28,successful,249999.6,2025-04
4324,1126,Caitlin Ortiz,106,80000.0,Sofa,Furniture,online,Bangalore,2025-05-24,1,Card,0.35,Cai*****@gmail.com,68******32,successful,79999.65,2025-05
4326,1606,David Burgess,101,250000.0,Laptop,Electronics,online,Bangalore,2026-03-22,2,Cash,0.4,Dav*****@yahoo.com,95******11,successful,499999.6,2026-03
4327,1070,Mark Holt,104,8000.0,Shoes,Cloth,offline,Delhi,2025-08-27,2,UPI,0.4,Mar*****@gmail.com,60******62,successful,15999.6,2025-08
4328,1832,Crystal Mays,109,65000.0,Refrigerator,Home Appliances,online,Hyderabad,2025-02-06,4,Cash,0.3,Cry*****@gmail.com,69******99,successful,259999.7,2025-02
4329,1090,Richard Walker,104,8000.0,Shoes,Clothing,online,Chennai,2026-02-28,4,Card,0.1,Ric*****@outlook.com,77******58,successful,31999.9,2026-02
4330,1265,Jane Hines,105,45000.0,Tv,Electronics,offline,Chennai,2026-01-22,5,Cash,0.3,Jan*****@outlook.com,82******07,successful,224999.7,2026-01
4331,1591,Autumn Sanders,106,80000.0,Sofa,Furn,offline,Hyderabad,2026-01-30,5,UPI,0.15,Aut*****@gmail.com,64******14,successful,399999.85,2026-01
4333,1306,Curtis Knight,104,8000.0,Shoes,Clothing,online,Delhi,2025-08-12,1,UPI,0.35,Cur*****@gmail.com,63******89,successful,7999.65,2025-08
4336,1424,Karen White,102,70000.0,Phone,Electronics,online,Hyderabad,2025-12-02,1,UPI,0.35,Kar*****@gmail.com,97******60,successful,69999.65,2025-12
4337,1881,David Stevens,103,1300.0,Shirt,Clothing,online,Mumbai,2026-02-09,4,Cash,0.3,Dav*****@yahoo.com,81******76,successful,5199.7,2026-02
4338,1324,Carol Cordova,104,8000.0,Shoes,Clothing,offline,Mumbai,2025-09-24,2,UPI,0.3,Car*****@outlook.com,76******10,successful,15999.7,2025-09
4339,1433,Joseph Knapp,106,80000.0,Sofa,Furniture,online,Bangalore,2026-02-19,5,Cash,0.15,Jos*****@gmail.com,92******37,successful,399999.85,2026-02
4340,1127,Wayne Singleton,108,15000.0,Mixer Grinder,Home Appliances,online,Hyderabad,2026-02-28,3,NetBanking,0.3,Way*****@gmail.com,67******02,successful,44999.7,2026-02
4341,1707,Brittany Garcia,105,45000.0,Tv,Electronics,online,Bangalore,2026-03-24,1,NetBanking,0.05,Bri*****@yahoo.com,67******06,successful,44999.95,2026-03
4342,1672,Tiffany Perry,101,250000.0,Laptop,Elec,offline,Delhi,2025-08-03,3,UPI,0.3,Tif*****@gmail.com,61******93,successful,749999.7,2025-08
4344,1533,Stephanie Todd,110,45000.0,Microwave,Home Appliances,online,Mumbai,2025-06-26,5,Card,0.05,Ste*****@gmail.com,61******86,successful,224999.95,2025-06
4345,1269,Nicholas Fuller,104,8000.0,Shoes,Clothing,online,Hyderabad,2025-05-10,5,UPI,0.05,Nic*****@yahoo.com,94******00,successful,39999.95,2025-05
4348,1160,Patrick Gross,104,8000.0,Shoes,Clothing,offline,Delhi,2025-07-03,2,Cash,0.25,Pat*****@gmail.com,96******49,successful,15999.75,2025-07
4349,1492,Benjamin Thomas,106,80000.0,Sofa,Furniture,offline,Chennai,2026-03-20,5,Card,0.15,Ben*****@outlook.com,77******09,successful,399999.85,2026-03
4351,1228,William Case,104,8000.0,Shoes,Cloth,offline,Hyderabad,2025-06-28,5,Card,0.2,Wil*****@gmail.com,83******00,successful,39999.8,2025-06
4352,1808,Michael Johns,102,,Phone,Elec,offline,Mumbai,2026-04-06,4,UPI,0.3,Mic*****@outlook.com,83******50,successful,,2026-04
4354,1375,Kevin Rodriguez,103,1300.0,Shirt,Clothing,online,Bangalore,2025-05-04,1,UPI,0.05,Kev*****@gmail.com,79******37,successful,1299.95,2025-05
4355,1156,Danielle Fisher,109,65000.0,Refrigerator,Home Appliances,offline,Delhi,2026-04-16,1,NetBanking,0.25,Dan*****@yahoo.com,79******86,successful,64999.75,2026-04
4356,1377,Steven Keith,109,65000.0,Refrigerator,Home Appliances,online,Delhi,2026-01-18,2,UPI,0.1,Ste*****@gmail.com,74******01,successful,129999.9,2026-01
4357,1626,Luke Martin,101,,Laptop,Electronics,offline,Chennai,2025-11-29,3,Card,0.35,Luk*****@outlook.com,92******87,successful,,2025-11
4358,1834,David Thomas,109,65000.0,Refrigerator,Home Appliances,online,Mumbai,2025-09-11,3,NetBanking,0.35,Dav*****@yahoo.com,66******27,successful,194999.65,2025-09
4359,1058,Edward Campbell,105,45000.0,Tv,Electronics,offline,Bangalore,2025-07-16,4,UPI,0.15,Edw*****@outlook.com,66******86,successful,179999.85,2025-07
4360,1740,Aaron Mitchell,109,,Refrigerator,Home,offline,Hyderabad,2026-02-03,5,UPI,0.05,Aar*****@gmail.com,99******22,successful,,2026-02
4362,1479,Jacob Gomez,105,45000.0,Tv,Elec,offline,Chennai,2026-02-01,1,Card,0.25,Jac*****@gmail.com,81******20,successful,44999.75,2026-02
4363,1783,Cynthia Galvan,102,70000.0,Phone,Electronics,offline,Delhi,2025-11-30,2,UPI,0.2,Cyn*****@gmail.com,83******69,successful,139999.8,2025-11
4364,1384,Hayley Anthony,102,70000.0,Phone,Elec,online,Mumbai,2026-03-25,3,Cash,0.1,Hay*****@yahoo.com,65******07,successful,209999.9,2026-03
4366,1666,Regina Johnson,104,8000.0,Shoes,Clothing,online,Hyderabad,2026-02-23,1,NetBanking,0.35,Reg*****@yahoo.com,64******17,successful,7999.65,2026-02
4368,1746,Lawrence Coffey,108,,Mixer Grinder,Home,offline,Chennai,2025-06-15,2,Cash,0.1,Law*****@gmail.com,71******71,successful,,2025-06
4369,1860,Rhonda Henderson,107,50000.0,Dining Table,Furn,offline,Hyderabad,2025-11-03,5,Cash,0.1,Rho*****@gmail.com,76******09,successful,249999.9,2025-11
4370,1138,Darren Hall,104,8000.0,Shoes,Cloth,online,Hyderabad,2025-08-29,5,Cash,0.2,Dar*****@outlook.com,78******94,successful,39999.8,2025-08
4371,1086,Samuel George,108,15000.0,Mixer Grinder,Home Appliances,offline,Delhi,2025-07-17,4,UPI,0.15,Sam*****@yahoo.com,82******95,successful,59999.85,2025-07
4375,1709,Savannah Lee,109,65000.0,Refrigerator,Home Appliances,offline,Bangalore,2025-05-28,1,UPI,0.05,Sav*****@outlook.com,66******08,successful,64999.95,2025-05
4376,1583,Dorothy Alexander,101,,Laptop,Electronics,offline,Chennai,2025-05-07,3,Cash,0.3,Dor*****@yahoo.com,65******88,successful,,2025-05
4378,1287,Roy Mack,107,50000.0,Dining Table,Furniture,offline,Mumbai,2025-06-08,2,UPI,0.1,Roy*****@gmail.com,72******81,successful,99999.9,2025-06
4379,1656,Brandon Powell,102,,Phone,Elec,online,Chennai,2025-05-06,5,Card,0.35,Bra*****@gmail.com,93******06,successful,,2025-05
4380,1486,Nancy Hart,102,,Phone,Electronics,online,Mumbai,2026-10-04,1,Cash,0.15,Nan*****@outlook.com,65******90,successful,,2026-10
4381,1769,Jennifer Fisher,103,1300.0,Shirt,Cloth,offline,Delhi,2026-02-20,2,Cash,0.2,Jen*****@yahoo.com,80******66,successful,2599.8,2026-02
4384,1283,Dwayne Newman,110,45000.0,Microwave,Home,offline,Hyderabad,2025-06-18,2,NetBanking,0.15,Dwa*****@outlook.com,83******73,successful,89999.85,2025-06
4385,1635,Joseph Lee,105,45000.0,Tv,Electronics,offline,Mumbai,2025-11-09,2,NetBanking,0.05,Jos*****@gmail.com,75******95,successful,89999.95,2025-11
4386,1571,Carly Fox,110,45000.0,Microwave,Home Appliances,online,Mumbai,2025-07-05,5,UPI,0.1,Car*****@gmail.com,75******27,successful,224999.9,2025-07
4388,1819,Karen Martin,104,8000.0,Shoes,Cloth,online,Hyderabad,2025-06-12,2,UPI,0.05,Kar*****@yahoo.com,65******41,successful,15999.95,2025-06
4389,1345,Alexander Clark,104,8000.0,Shoes,Cloth,online,Mumbai,2025-11-14,5,Card,0.2,Ale*****@yahoo.com,89******17,successful,39999.8,2025-11
4390,1592,Stephanie Buchanan,104,,Shoes,Clothing,offline,Chennai,2026-11-02,5,UPI,0.1,Ste*****@outlook.com,95******68,successful,,2026-11
4391,1163,Adriana Saunders,104,,Shoes,Clothing,offline,Mumbai,2025-07-16,3,NetBanking,0.15,Adr*****@outlook.com,80******02,successful,,2025-07
4392,1836,Valerie Hayes,105,45000.0,Tv,Elec,offline,Chennai,2025-05-21,5,Card,0.25,Val*****@gmail.com,96******69,successful,224999.75,2025-05
4394,1818,Brooke Miles,108,15000.0,Mixer Grinder,Home Appliances,offline,Hyderabad,2026-01-11,5,Cash,0.25,Bro*****@gmail.com,64******46,successful,74999.75,2026-01
4395,1485,Thomas Jackson,105,45000.0,Tv,Electronics,online,Mumbai,2025-08-17,1,Cash,0.15,Tho*****@yahoo.com,90******88,successful,44999.85,2025-08
4396,1890,Kim Massey,102,70000.0,Phone,Electronics,online,Chennai,2025-07-06,2,Card,0.1,Kim*****@gmail.com,61******13,successful,139999.9,2025-07
4397,1607,Adrian Singleton,108,,Mixer Grinder,Home,offline,Mumbai,2025-11-01,2,Card,0.3,Adr*****@yahoo.com,88******94,successful,,2025-11
4398,1895,Teresa Anthony,106,80000.0,Sofa,Furn,offline,Bangalore,2025-03-05,4,Cash,0.05,Ter*****@yahoo.com,83******25,successful,319999.95,2025-03
4400,1467,Darryl Coleman,108,15000.0,Mixer Grinder,Home Appliances,online,Mumbai,2026-03-01,1,Cash,0.35,Dar*****@gmail.com,80******30,successful,14999.65,2026-03
4401,1274,Mark Castro,102,70000.0,Phone,Electronics,offline,Mumbai,2025-08-05,3,NetBanking,0.35,Mar*****@outlook.com,94******62,successful,209999.65,2025-08
4403,1072,Morgan Moore,103,1300.0,Shirt,Clothing,offline,Hyderabad,2025-10-06,3,NetBanking,0.2,Mor*****@gmail.com,82******92,successful,3899.8,2025-10
4404,1470,Suzanne Miranda,106,,Sofa,Furniture,online,Chennai,2026-03-01,1,NetBanking,0.25,Suz*****@outlook.com,68******57,successful,,2026-03
4405,1417,Michael Wade,107,50000.0,Dining Table,Furn,online,Chennai,2025-09-19,2,UPI,0.35,Mic*****@outlook.com,97******22,successful,99999.65,2025-09
4406,1877,Elizabeth Barron,105,45000.0,Tv,Electronics,offline,Mumbai,2026-03-18,3,Cash,0.1,Eli*****@gmail.com,64******82,successful,134999.9,2026-03
4407,1118,Darrell Thomas,110,45000.0,Microwave,Home Appliances,online,Bangalore,2025-09-17,3,Cash,0.2,Dar*****@gmail.com,84******66,successful,134999.8,2025-09
4408,1150,Gary Williams,102,70000.0,Phone,Elec,offline,Bangalore,2025-05-17,5,UPI,0.4,Gar*****@outlook.com,65******28,successful,349999.6,2025-05
4409,1865,Alicia Jackson,101,,Laptop,Electronics,online,Bangalore,2025-11-01,2,UPI,0.4,Ali*****@outlook.com,88******40,successful,,2025-11
4410,1119,Valerie Hines,102,70000.0,Phone,Electronics,offline,Hyderabad,2025-07-18,1,NetBanking,0.3,Val*****@outlook.com,78******95,successful,69999.7,2025-07
4411,1270,Sara Randolph,102,70000.0,Phone,Electronics,offline,Mumbai,2025-04-26,5,NetBanking,0.4,Sar*****@gmail.com,90******48,successful,349999.6,2025-04
4413,1317,Kathleen Ferrell,104,8000.0,Shoes,Clothing,offline,Delhi,2025-05-05,4,Card,0.05,Kat*****@gmail.com,84******36,successful,31999.95,2025-05
4414,1859,Joseph Herrera,110,45000.0,Microwave,Home Appliances,offline,Delhi,2025-10-11,4,NetBanking,0.35,Jos*****@gmail.com,63******28,successful,179999.65,2025-10
4415,1270,Sara Randolph,109,,Refrigerator,Home,online,Mumbai,2025-09-05,1,Card,0.05,Sar*****@gmail.com,90******48,successful,,2025-09
4416,1853,Tiffany Watts,106,80000.0,Sofa,Furn,online,Delhi,2026-01-31,4,NetBanking,0.4,Tif*****@outlook.com,73******54,successful,319999.6,2026-01
4417,1466,Joyce Sims,108,15000.0,Mixer Grinder,Home Appliances,offline,Hyderabad,2025-04-20,1,NetBanking,0.3,Joy*****@gmail.com,97******44,successful,14999.7,2025-04
4418,1043,Kelly Johnson,104,8000.0,Shoes,Clothing,online,Bangalore,2025-06-03,2,Card,0.15,Kel*****@outlook.com,69******90,successful,15999.85,2025-06
4419,1603,Holly Wilson,107,50000.0,Dining Table,Furniture,online,Hyderabad,2025-12-28,2,NetBanking,0.1,Hol*****@gmail.com,83******48,successful,99999.9,2025-12
4420,1885,Emma Wolf,109,,Refrigerator,Home,online,Bangalore,2026-01-07,3,NetBanking,0.2,Emm*****@yahoo.com,77******63,successful,,2026-01
4422,1761,Gina Nichols,108,15000.0,Mixer Grinder,Home,online,Chennai,2025-12-01,4,Card,0.35,Gin*****@outlook.com,94******38,successful,59999.65,2025-12
4423,1117,Jeremy Nichols,101,250000.0,Laptop,Electronics,offline,Bangalore,2026-02-27,1,Card,0.4,Jer*****@yahoo.com,93******50,successful,249999.6,2026-02
4424,1100,John Jones,103,1300.0,Shirt,Cloth,online,Mumbai,2025-07-28,1,UPI,0.05,Joh*****@outlook.com,92******82,successful,1299.95,2025-07
4426,1267,Thomas Crawford,109,65000.0,Refrigerator,Home Appliances,online,Bangalore,2026-04-15,1,Card,0.2,Tho*****@gmail.com,83******50,successful,64999.8,2026-04
4427,1058,Edward Campbell,109,65000.0,Refrigerator,Home Appliances,offline,Bangalore,2025-04-19,2,NetBanking,0.05,Edw*****@outlook.com,66******86,successful,129999.95,2025-04
4428,1785,Mikayla Joyce,109,65000.0,Refrigerator,Home Appliances,offline,Chennai,2025-11-16,1,Card,0.3,Mik*****@gmail.com,60******38,successful,64999.7,2025-11
4429,1293,James Crawford,107,50000.0,Dining Table,Furniture,online,Hyderabad,2025-11-29,1,NetBanking,0.3,Jam*****@yahoo.com,83******88,successful,49999.7,2025-11
4430,1890,Kim Massey,106,80000.0,Sofa,Furniture,online,Chennai,2025-12-26,1,UPI,0.4,Kim*****@gmail.com,61******13,successful,79999.6,2025-12
4432,1540,Derek Brooks,108,15000.0,Mixer Grinder,Home Appliances,online,Hyderabad,2025-11-04,5,Cash,0.2,Der*****@gmail.com,86******81,successful,74999.8,2025-11
4435,1499,Paula Mcbride,105,45000.0,Tv,Electronics,online,Hyderabad,2026-03-04,4,Cash,0.25,Pau*****@gmail.com,83******05,successful,179999.75,2026-03
4436,1253,Dawn Ward,102,70000.0,Phone,Elec,offline,Mumbai,2025-09-26,3,NetBanking,0.05,Daw*****@gmail.com,62******67,successful,209999.95,2025-09
4438,1575,Virginia Pacheco,107,50000.0,Dining Table,Furniture,offline,Chennai,2026-01-20,5,Cash,0.1,Vir*****@gmail.com,93******56,successful,249999.9,2026-01
4439,1584,Megan Cruz,101,250000.0,Laptop,Electronics,online,Mumbai,2025-07-03,1,Card,0.25,Meg*****@yahoo.com,69******64,successful,249999.75,2025-07
4440,1233,Heather Reilly,110,45000.0,Microwave,Home,offline,Bangalore,2025-12-29,1,Card,0.3,Hea*****@gmail.com,95******68,successful,44999.7,2025-12
4441,1373,Sarah Rodriguez,106,80000.0,Sofa,Furn,online,Delhi,2025-01-07,1,Cash,0.35,Sar*****@yahoo.com,88******01,successful,79999.65,2025-01
4442,1306,Curtis Knight,110,45000.0,Microwave,Home,offline,Delhi,2025-10-18,4,Card,0.3,Cur*****@gmail.com,63******89,successful,179999.7,2025-10
4443,1141,Roberta Boyd,108,15000.0,Mixer Grinder,Home Appliances,offline,Delhi,2026-08-02,3,UPI,0.35,Rob*****@yahoo.com,71******28,successful,44999.65,2026-08
4444,1492,Benjamin Thomas,101,250000.0,Laptop,Electronics,online,Chennai,2025-06-23,4,Card,0.4,Ben*****@outlook.com,77******09,successful,999999.6,2025-06
4445,1333,Douglas Thompson,109,65000.0,Refrigerator,Home Appliances,online,Delhi,2025-06-28,2,UPI,0.15,Dou*****@outlook.com,65******46,successful,129999.85,2025-06
4446,1961,Teresa Dalton,105,45000.0,Tv,Electronics,online,Hyderabad,2026-02-26,4,Card,0.1,Ter*****@outlook.com,89******50,successful,179999.9,2026-02
4448,1470,Suzanne Miranda,104,8000.0,Shoes,Clothing,offline,Chennai,2025-05-17,5,NetBanking,0.1,Suz*****@outlook.com,68******57,successful,39999.9,2025-05
4449,1996,Jeremy Conley,104,8000.0,Shoes,Clothing,offline,Chennai,2026-03-04,3,Card,0.35,Jer*****@gmail.com,82******87,successful,23999.65,2026-03
4450,1198,Christopher Villa,106,,Sofa,Furn,online,Delhi,2026-04-11,3,Card,0.2,Chr*****@yahoo.com,79******74,successful,,2026-04
4452,1109,Michael Wilkins,105,45000.0,Tv,Electronics,online,Delhi,2025-06-14,4,NetBanking,0.3,Mic*****@yahoo.com,79******88,successful,179999.7,2025-06
4453,1378,Joyce Simmons,105,45000.0,Tv,Elec,offline,Hyderabad,2025-01-05,2,Card,0.4,Joy*****@yahoo.com,78******49,successful,89999.6,2025-01
4454,1901,Michael Harrison,108,15000.0,Mixer Grinder,Home,offline,Hyderabad,2025-12-04,1,Cash,0.4,Mic*****@yahoo.com,88******36,successful,14999.6,2025-12
4455,1454,Shelly Smith,104,8000.0,Shoes,Clothing,online,Mumbai,2026-02-21,4,NetBanking,0.25,She*****@gmail.com,77******47,successful,31999.75,2026-02
4456,1776,Jason Johns,104,8000.0,Shoes,Cloth,online,Chennai,2025-12-11,1,UPI,0.4,Jas*****@gmail.com,91******61,successful,7999.6,2025-12
4459,1465,Sharon Hernandez,105,45000.0,Tv,Electronics,online,Delhi,2025-07-14,5,NetBanking,0.25,Sha*****@gmail.com,96******90,successful,224999.75,2025-07
4460,1147,Kimberly Martin,104,8000.0,Shoes,Clothing,offline,Delhi,2025-07-16,5,Card,0.35,Kim*****@gmail.com,68******66,successful,39999.65,2025-07
4461,1806,Michele Lewis,109,65000.0,Refrigerator,Home Appliances,offline,Bangalore,2025-12-20,5,Card,0.25,Mic*****@yahoo.com,78******42,successful,324999.75,2025-12
4462,1852,Henry Wyatt,107,50000.0,Dining Table,Furniture,offline,Delhi,2025-04-22,2,Cash,0.4,Hen*****@gmail.com,66******90,successful,99999.6,2025-04
4463,1070,Mark Holt,103,,Shirt,Clothing,online,Delhi,2025-10-11,5,Card,0.4,Mar*****@gmail.com,60******62,successful,,2025-10
4464,1442,Donna Jackson,109,,Refrigerator,Home Appliances,online,Bangalore,2025-08-24,4,NetBanking,0.35,Don*****@gmail.com,86******85,successful,,2025-08
4465,1661,Amanda Huff,110,45000.0,Microwave,Home Appliances,offline,Chennai,2025-12-30,1,UPI,0.05,Ama*****@gmail.com,74******38,successful,44999.95,2025-12
4466,1353,Tonya Johnson,110,45000.0,Microwave,Home Appliances,online,Delhi,2025-06-04,5,NetBanking,0.25,Ton*****@gmail.com,99******16,successful,224999.75,2025-06
4467,1494,Pamela Wong,101,250000.0,Laptop,Electronics,offline,Chennai,2025-11-08,1,UPI,0.3,Pam*****@outlook.com,80******60,successful,249999.7,2025-11
4469,1090,Richard Walker,106,80000.0,Sofa,Furniture,online,Chennai,2025-05-06,1,Card,0.25,Ric*****@outlook.com,77******58,successful,79999.75,2025-05
4470,1618,Malik Torres,108,15000.0,Mixer Grinder,Home Appliances,online,Chennai,2025-08-23,3,UPI,0.25,Mal*****@gmail.com,69******12,successful,44999.75,2025-08
4471,1729,Samuel Bishop,106,80000.0,Sofa,Furniture,online,Bangalore,2025-06-12,3,NetBanking,0.4,Sam*****@outlook.com,89******60,successful,239999.6,2025-06
4472,1443,Hailey Watson,109,65000.0,Refrigerator,Home Appliances,online,Bangalore,2025-05-02,5,Card,0.4,Hai*****@outlook.com,85******65,successful,324999.6,2025-05
4473,1981,Jennifer Foster,107,50000.0,Dining Table,Furniture,offline,Chennai,2026-01-13,3,Card,0.3,Jen*****@outlook.com,96******94,successful,149999.7,2026-01
4474,1441,Alison Tucker,101,250000.0,Laptop,Elec,offline,Hyderabad,2026-02-17,4,Card,0.25,Ali*****@gmail.com,63******94,successful,999999.75,2026-02
4475,1748,Misty Hensley,104,8000.0,Shoes,Clothing,online,Delhi,2025-06-04,2,Cash,0.05,Mis*****@gmail.com,80******98,successful,15999.95,2025-06
4476,1791,Brenda Owens,104,8000.0,Shoes,Clothing,offline,Bangalore,2025-10-11,3,UPI,0.4,Bre*****@gmail.com,73******30,successful,23999.6,2025-10
4478,1875,Jason Prince,103,1300.0,Shirt,Cloth,offline,Chennai,2025-06-27,3,Card,0.3,Jas*****@yahoo.com,62******06,successful,3899.7,2025-06
4479,1976,Hannah Snow,108,,Mixer Grinder,Home Appliances,online,Hyderabad,2025-12-10,1,Card,0.1,Han*****@gmail.com,80******89,successful,,2025-12
4481,1369,Ashley Myers,104,,Shoes,Clothing,online,Chennai,2026-03-04,2,Card,0.2,Ash*****@gmail.com,70******31,successful,,2026-03
4482,1084,Nicole Moss,103,1300.0,Shirt,Clothing,offline,Delhi,2025-07-10,1,Card,0.15,Nic*****@gmail.com,92******93,successful,1299.85,2025-07
4483,1233,Heather Reilly,110,,Microwave,Home Appliances,offline,Bangalore,2025-10-07,4,UPI,0.15,Hea*****@gmail.com,95******68,successful,,2025-10
4484,1686,Jennifer Perry,104,8000.0,Shoes,Cloth,online,Hyderabad,2025-06-20,3,NetBanking,0.05,Jen*****@yahoo.com,93******51,successful,23999.95,2025-06
4485,1398,Nancy Howell,108,15000.0,Mixer Grinder,Home,online,Bangalore,2025-08-13,3,UPI,0.4,Nan*****@gmail.com,89******13,successful,44999.6,2025-08
4486,1321,Daniel Taylor,107,50000.0,Dining Table,Furniture,online,Hyderabad,2025-12-07,1,UPI,0.15,Dan*****@gmail.com,69******62,successful,49999.85,2025-12
4488,1287,Roy Mack,106,80000.0,Sofa,Furniture,online,Mumbai,2025-06-29,5,UPI,0.3,Roy*****@gmail.com,72******81,successful,399999.7,2025-06
4489,1858,Christopher Hansen,103,1300.0,Shirt,Clothing,offline,Delhi,2025-08-16,1,Cash,0.25,Chr*****@yahoo.com,95******04,successful,1299.75,2025-08
4490,1392,William Montgomery,101,250000.0,Laptop,Electronics,offline,Chennai,2026-02-03,4,UPI,0.4,Wil*****@yahoo.com,87******50,successful,999999.6,2026-02
4491,1340,Abigail Schmidt,106,80000.0,Sofa,Furniture,online,Delhi,2026-03-19,1,UPI,0.05,Abi*****@gmail.com,82******92,successful,79999.95,2026-03
4492,1075,Peter Long,101,250000.0,Laptop,Electronics,online,Chennai,2025-11-05,3,Cash,0.35,Pet*****@outlook.com,77******41,successful,749999.65,2025-11
4493,1930,Angie Landry,107,,Dining Table,Furn,online,Mumbai,2025-08-04,5,Cash,0.25,Ang*****@outlook.com,63******70,successful,,2025-08
4494,1413,Emily Hinton,110,45000.0,Microwave,Home Appliances,offline,Delhi,2025-07-29,1,Cash,0.4,Emi*****@yahoo.com,80******89,successful,44999.6,2025-07
4495,1894,Marcus Bentley,101,250000.0,Laptop,Electronics,offline,Delhi,2025-05-13,3,NetBanking,0.25,Mar*****@yahoo.com,61******62,successful,749999.75,2025-05
4496,1158,Bryan Cunningham,102,70000.0,Phone,Electronics,online,Chennai,2026-10-04,4,UPI,0.05,Bry*****@yahoo.com,87******78,successful,279999.95,2026-10
4498,1033,Craig Osborn,102,70000.0,Phone,Electronics,online,Mumbai,2025-10-28,1,Cash,0.4,Cra*****@outlook.com,64******63,successful,69999.6,2025-10
4499,1435,Jeffrey Wood,102,70000.0,Phone,Electronics,online,Hyderabad,2025-10-10,3,UPI,0.1,Jef*****@gmail.com,72******89,successful,209999.9,2025-10
4500,1816,Allison Young,101,250000.0,Laptop,Electronics,online,Mumbai,2025-05-20,1,Card,0.15,All*****@gmail.com,68******13,successful,249999.85,2025-05
4501,1703,Elizabeth Richards,110,45000.0,Microwave,Home Appliances,online,Bangalore,2025-11-03,3,UPI,0.15,Eli*****@gmail.com,71******57,successful,134999.85,2025-11
4502,1120,Jennifer Young,103,1300.0,Shirt,Clothing,online,Mumbai,2026-02-28,5,NetBanking,0.15,Jen*****@gmail.com,63******39,successful,6499.85,2026-02
4503,1092,Darrell Hines,110,45000.0,Microwave,Home,offline,Chennai,2025-09-06,2,UPI,0.25,Dar*****@outlook.com,64******14,successful,89999.75,2025-09
4504,1693,Deanna Mcguire,101,250000.0,Laptop,Electronics,online,Mumbai,2026-06-02,5,Card,0.4,Dea*****@gmail.com,88******71,successful,1249999.6,2026-06
4506,1083,Tina Hawkins,109,65000.0,Refrigerator,Home Appliances,offline,Delhi,2025-07-22,2,Card,0.3,Tin*****@yahoo.com,80******36,successful,129999.7,2025-07
4507,1593,Michael Lucas,110,45000.0,Microwave,Home,online,Hyderabad,2026-02-11,3,NetBanking,0.15,Mic*****@yahoo.com,66******28,successful,134999.85,2026-02
4508,1809,David Nelson,104,8000.0,Shoes,Clothing,online,Delhi,2025-03-08,3,NetBanking,0.1,Dav*****@gmail.com,71******53,successful,23999.9,2025-03
4509,1475,Jeremiah Jensen,107,50000.0,Dining Table,Furniture,online,Delhi,2026-03-11,2,Card,0.25,Jer*****@gmail.com,87******61,successful,99999.75,2026-03
4511,1345,Alexander Clark,105,,Tv,Elec,online,Mumbai,2025-09-10,5,Card,0.35,Ale*****@yahoo.com,89******17,successful,,2025-09
4513,1644,Kathy Davis,108,15000.0,Mixer Grinder,Home Appliances,online,Delhi,2026-02-11,2,UPI,0.05,Kat*****@gmail.com,79******35,successful,29999.95,2026-02
4514,1845,Brendan Ruiz,101,250000.0,Laptop,Electronics,offline,Bangalore,2026-01-04,1,Cash,0.2,Bre*****@gmail.com,78******41,successful,249999.8,2026-01
4515,1859,Joseph Herrera,109,65000.0,Refrigerator,Home,offline,Delhi,2025-08-01,1,NetBanking,0.3,Jos*****@gmail.com,63******28,successful,64999.7,2025-08
4516,1019,Judy Graham,107,50000.0,Dining Table,Furn,offline,Hyderabad,2026-04-10,3,Cash,0.2,Jud*****@outlook.com,88******95,successful,149999.8,2026-04
4518,1605,Brian Taylor,104,8000.0,Shoes,Cloth,online,Hyderabad,2026-12-01,1,Cash,0.35,Bri*****@outlook.com,90******70,successful,7999.65,2026-12
4519,1139,Eric Hunter,102,70000.0,Phone,Electronics,offline,Delhi,2025-09-16,4,Card,0.1,Eri*****@outlook.com,79******92,successful,279999.9,2025-09
4522,1548,Christina Porter,107,50000.0,Dining Table,Furniture,offline,Hyderabad,2025-05-11,3,UPI,0.35,Chr*****@yahoo.com,77******59,successful,149999.65,2025-05
4523,1070,Mark Holt,102,70000.0,Phone,Elec,offline,Delhi,2026-06-01,1,NetBanking,0.05,Mar*****@gmail.com,60******62,successful,69999.95,2026-06
4526,1504,Matthew Byrd,104,8000.0,Shoes,Clothing,offline,Delhi,2025-05-22,1,Card,0.25,Mat*****@outlook.com,75******18,successful,7999.75,2025-05
4527,1132,Sara Perez,108,15000.0,Mixer Grinder,Home,online,Chennai,2026-01-26,1,Card,0.25,Sar*****@outlook.com,68******23,successful,14999.75,2026-01
4528,1675,Karen Cain,106,,Sofa,Furniture,online,Bangalore,2025-11-01,3,NetBanking,0.35,Kar*****@gmail.com,89******31,successful,,2025-11
4530,1968,Bill Wong,106,80000.0,Sofa,Furniture,online,Hyderabad,2025-11-07,1,NetBanking,0.2,Bil*****@gmail.com,89******95,successful,79999.8,2025-11
4532,1812,Duane Lawrence,105,45000.0,Tv,Elec,online,Delhi,2025-06-27,1,UPI,0.35,Dua*****@gmail.com,98******88,successful,44999.65,2025-06
4533,1821,Frank Bean,107,50000.0,Dining Table,Furniture,online,Hyderabad,2025-10-25,5,UPI,0.25,Fra*****@outlook.com,65******96,successful,249999.75,2025-10
4534,1216,Patricia Larson,107,,Dining Table,Furniture,offline,Mumbai,2025-10-13,3,UPI,0.3,Pat*****@gmail.com,69******90,successful,,2025-10
4538,1926,David Johnson,107,50000.0,Dining Table,Furniture,online,Bangalore,2025-09-19,5,Card,0.25,Dav*****@gmail.com,64******88,successful,249999.75,2025-09
4539,1982,Isaiah Hartman,108,15000.0,Mixer Grinder,Home Appliances,online,Chennai,2025-08-25,5,UPI,0.35,Isa*****@gmail.com,68******84,successful,74999.65,2025-08
4541,1693,Deanna Mcguire,109,65000.0,Refrigerator,Home Appliances,online,Mumbai,2026-10-04,3,UPI,0.3,Dea*****@gmail.com,88******71,successful,194999.7,2026-10
4545,1502,Jillian Soto,105,45000.0,Tv,Electronics,online,Hyderabad,2026-04-07,2,Cash,0.1,Jil*****@gmail.com,85******29,successful,89999.9,2026-04
4546,1953,Andrea Smith,102,70000.0,Phone,Elec,online,Hyderabad,2025-12-02,2,NetBanking,0.1,And*****@gmail.com,85******74,successful,139999.9,2025-12
4547,1968,Bill Wong,106,80000.0,Sofa,Furn,offline,Hyderabad,2025-10-15,4,NetBanking,0.1,Bil*****@gmail.com,89******95,successful,319999.9,2025-10
4549,1101,Timothy Smith,105,45000.0,Tv,Electronics,offline,Delhi,2025-11-11,1,NetBanking,0.1,Tim*****@gmail.com,66******04,successful,44999.9,2025-11
4550,1791,Brenda Owens,106,80000.0,Sofa,Furniture,offline,Bangalore,2026-03-04,1,Card,0.4,Bre*****@gmail.com,73******30,successful,79999.6,2026-03
4553,1662,Matthew Brown,104,8000.0,Shoes,Clothing,online,Mumbai,2025-10-29,2,UPI,0.35,Mat*****@gmail.com,76******09,successful,15999.65,2025-10
4554,1217,Colin Yang,107,50000.0,Dining Table,Furniture,online,Chennai,2025-11-17,3,UPI,0.15,Col*****@yahoo.com,70******64,successful,149999.85,2025-11
4557,1384,Hayley Anthony,104,8000.0,Shoes,Clothing,offline,Mumbai,2025-09-21,3,UPI,0.25,Hay*****@yahoo.com,65******07,successful,23999.75,2025-09
4559,1012,Cynthia Hudson,103,1300.0,Shirt,Clothing,online,Mumbai,2026-01-05,5,Cash,0.4,Cyn*****@yahoo.com,95******38,successful,6499.6,2026-01
4561,1063,Renee Liu,104,8000.0,Shoes,Cloth,online,Delhi,2025-12-13,4,NetBanking,0.1,Ren*****@outlook.com,91******61,successful,31999.9,2025-12
4565,1651,Keith Baker,109,65000.0,Refrigerator,Home Appliances,online,Hyderabad,2025-07-09,1,NetBanking,0.1,Kei*****@yahoo.com,80******65,successful,64999.9,2025-07
4566,1990,Regina Coleman,108,15000.0,Mixer Grinder,Home Appliances,online,Mumbai,2025-05-27,4,NetBanking,0.35,Reg*****@gmail.com,81******04,successful,59999.65,2025-05
4567,1304,Charlotte Odom,109,65000.0,Refrigerator,Home Appliances,offline,Hyderabad,2026-02-14,5,UPI,0.1,Cha*****@outlook.com,81******94,successful,324999.9,2026-02
4569,1311,Elizabeth Peck,105,,Tv,Electronics,online,Hyderabad,2026-02-11,4,Cash,0.15,Eli*****@yahoo.com,91******30,successful,,2026-02
4570,1824,Blake Brown,103,1300.0,Shirt,Clothing,offline,Hyderabad,2025-12-06,1,NetBanking,0.3,Bla*****@yahoo.com,67******66,successful,1299.7,2025-12
4573,1161,Lucas Brown,109,65000.0,Refrigerator,Home Appliances,online,Delhi,2025-05-15,2,NetBanking,0.1,Luc*****@outlook.com,78******84,successful,129999.9,2025-05
4574,1252,Brad Galloway,110,45000.0,Microwave,Home Appliances,online,Bangalore,2025-11-17,2,Cash,0.25,Bra*****@gmail.com,77******45,successful,89999.75,2025-11
4575,1325,Jennifer Morgan,108,,Mixer Grinder,Home,offline,Delhi,2025-08-07,5,Card,0.3,Jen*****@outlook.com,74******76,successful,,2025-08
4576,1643,Evelyn Cordova,104,,Shoes,Clothing,offline,Chennai,2025-11-11,1,NetBanking,0.25,Eve*****@gmail.com,65******10,successful,,2025-11
4578,1021,Isaiah Campbell,110,45000.0,Microwave,Home Appliances,online,Chennai,2026-01-15,1,Cash,0.15,Isa*****@yahoo.com,87******09,successful,44999.85,2026-01
4580,1201,Kimberly Lawrence,104,8000.0,Shoes,Cloth,offline,Mumbai,2026-04-04,5,Card,0.25,Kim*****@gmail.com,71******07,successful,39999.75,2026-04
4582,1385,Christina Bates,104,8000.0,Shoes,Clothing,offline,Hyderabad,2025-12-28,5,UPI,0.05,Chr*****@gmail.com,92******78,successful,39999.95,2025-12
4583,1322,Heather Escobar,104,8000.0,Shoes,Cloth,online,Bangalore,2025-09-21,5,UPI,0.35,Hea*****@gmail.com,84******20,successful,39999.65,2025-09
4584,1864,Dennis Beard,102,70000.0,Phone,Electronics,offline,Hyderabad,2025-08-10,4,NetBanking,0.1,Den*****@gmail.com,98******10,successful,279999.9,2025-08
4585,1135,Brian Foster,101,250000.0,Laptop,Electronics,offline,Hyderabad,2025-04-10,1,Card,0.35,Bri*****@gmail.com,91******85,successful,249999.65,2025-04
4586,1636,Natalie Robinson,105,45000.0,Tv,Elec,online,Hyderabad,2026-04-15,1,NetBanking,0.35,Nat*****@outlook.com,82******80,successful,44999.65,2026-04
4587,1179,Alexandra May,104,8000.0,Shoes,Clothing,online,Chennai,2025-07-22,3,UPI,0.05,Ale*****@yahoo.com,77******05,successful,23999.95,2025-07
4588,1905,Christopher Love,106,80000.0,Sofa,Furniture,online,Bangalore,2026-06-04,4,Cash,0.1,Chr*****@gmail.com,85******88,successful,319999.9,2026-06
4590,1594,Mike Chase,107,50000.0,Dining Table,Furniture,online,Mumbai,2026-02-23,3,NetBanking,0.15,Mik*****@gmail.com,82******67,successful,149999.85,2026-02
4591,1268,Jill Curtis,102,70000.0,Phone,Electronics,online,Hyderabad,2025-10-09,5,UPI,0.15,Jil*****@gmail.com,71******83,successful,349999.85,2025-10
4592,1672,Tiffany Perry,108,15000.0,Mixer Grinder,Home Appliances,online,Delhi,2025-10-10,2,UPI,0.35,Tif*****@gmail.com,61******93,successful,29999.65,2025-10
4593,1664,Diane King,101,250000.0,Laptop,Elec,online,Bangalore,2025-07-23,4,UPI,0.35,Dia*****@yahoo.com,97******28,successful,999999.65,2025-07
4596,1587,Dylan Colon,108,15000.0,Mixer Grinder,Home,offline,Bangalore,2025-07-08,3,Cash,0.35,Dyl*****@gmail.com,73******82,successful,44999.65,2025-07
4597,1081,Robert Lucas,102,70000.0,Phone,Electronics,online,Hyderabad,2025-06-06,1,NetBanking,0.3,Rob*****@outlook.com,67******15,successful,69999.7,2025-06
4598,1770,Daniel Lester,108,15000.0,Mixer Grinder,Home Appliances,offline,Chennai,2025-09-24,2,Cash,0.05,Dan*****@gmail.com,72******11,successful,29999.95,2025-09
4599,1794,Diana Anderson,107,50000.0,Dining Table,Furn,online,Delhi,2025-08-31,2,Cash,0.25,Dia*****@outlook.com,70******94,successful,99999.75,2025-08
4600,1950,Steven Patel,105,45000.0,Tv,Elec,online,Chennai,2025-12-08,1,NetBanking,0.35,Ste*****@gmail.com,91******95,successful,44999.65,2025-12
4601,1920,Caitlin Stokes,105,45000.0,Tv,Elec,offline,Chennai,2025-06-13,5,Cash,0.15,Cai*****@gmail.com,61******28,successful,224999.85,2025-06
4602,1856,Katelyn Wallace,107,50000.0,Dining Table,Furn,offline,Delhi,2025-12-13,4,Card,0.05,Kat*****@yahoo.com,85******43,successful,199999.95,2025-12
4603,1553,Brandon Terry,103,1300.0,Shirt,Clothing,offline,Bangalore,2025-10-26,3,Cash,0.15,Bra*****@gmail.com,64******44,successful,3899.85,2025-10
4604,1849,Laura Cox,101,250000.0,Laptop,Elec,online,Delhi,2025-11-12,4,UPI,0.15,Lau*****@gmail.com,78******25,successful,999999.85,2025-11
4605,1624,Krista Miller,108,15000.0,Mixer Grinder,Home Appliances,online,Chennai,2025-11-03,3,Cash,0.25,Kri*****@outlook.com,66******50,successful,44999.75,2025-11
4606,1891,Rachael Harper,105,45000.0,Tv,Electronics,offline,Chennai,2026-02-07,3,NetBanking,0.1,Rac*****@gmail.com,76******29,successful,134999.9,2026-02
4608,1103,Steven Martinez,108,15000.0,Mixer Grinder,Home Appliances,online,Mumbai,2026-08-02,2,NetBanking,0.35,Ste*****@gmail.com,63******77,successful,29999.65,2026-08
4609,1044,Joseph Stephens,101,250000.0,Laptop,Electronics,offline,Hyderabad,2025-12-20,3,Cash,0.4,Jos*****@yahoo.com,69******83,successful,749999.6,2025-12
4611,1045,Natalie Gibson,103,1300.0,Shirt,Cloth,offline,Chennai,2026-03-03,2,NetBanking,0.05,Nat*****@outlook.com,80******04,successful,2599.95,2026-03
4612,1806,Michele Lewis,102,,Phone,Elec,offline,Bangalore,2026-02-18,5,NetBanking,0.35,Mic*****@yahoo.com,78******42,successful,,2026-02
4614,1019,Judy Graham,104,8000.0,Shoes,Clothing,offline,Hyderabad,2025-12-02,5,NetBanking,0.15,Jud*****@outlook.com,88******95,successful,39999.85,2025-12
4615,1289,Robert Mccoy,103,1300.0,Shirt,Clothing,offline,Bangalore,2025-05-06,4,UPI,0.1,Rob*****@outlook.com,72******27,successful,5199.9,2025-05
4616,1419,Jessica Mays,101,250000.0,Laptop,Electronics,online,Bangalore,2025-06-23,2,Cash,0.4,Jes*****@gmail.com,67******45,successful,499999.6,2025-06
4617,1455,Jason Taylor,106,80000.0,Sofa,Furniture,offline,Mumbai,2025-09-25,5,UPI,0.15,Jas*****@outlook.com,84******42,successful,399999.85,2025-09
4618,1393,Alejandro Bonilla,102,70000.0,Phone,Elec,offline,Mumbai,2025-12-26,5,NetBanking,0.15,Ale*****@outlook.com,78******53,successful,349999.85,2025-12
4619,1110,Thomas Travis,101,250000.0,Laptop,Electronics,online,Hyderabad,2025-09-02,2,NetBanking,0.4,Tho*****@gmail.com,68******50,successful,499999.6,2025-09
4620,1446,Patrick Conner,102,70000.0,Phone,Elec,online,Bangalore,2025-10-31,2,Card,0.35,Pat*****@gmail.com,64******78,successful,139999.65,2025-10
4621,1759,Tamara Carter,108,15000.0,Mixer Grinder,Home Appliances,online,Hyderabad,2026-07-03,3,NetBanking,0.3,Tam*****@outlook.com,65******55,successful,44999.7,2026-07
4622,1347,George Hill,106,80000.0,Sofa,Furniture,offline,Chennai,2026-03-19,5,UPI,0.2,Geo*****@gmail.com,96******92,successful,399999.8,2026-03
4624,1579,Jennifer Randall,102,70000.0,Phone,Elec,offline,Hyderabad,2025-11-15,1,Card,0.35,Jen*****@outlook.com,89******52,successful,69999.65,2025-11
4626,1761,Gina Nichols,103,1300.0,Shirt,Clothing,online,Chennai,2025-07-14,1,Card,0.15,Gin*****@outlook.com,94******38,successful,1299.85,2025-07
4628,1118,Darrell Thomas,106,80000.0,Sofa,Furn,offline,Bangalore,2025-10-23,2,Cash,0.1,Dar*****@gmail.com,84******66,successful,159999.9,2025-10
4630,1099,Mike Sanders,109,65000.0,Refrigerator,Home,online,Mumbai,2025-07-24,2,UPI,0.2,Mik*****@gmail.com,86******33,successful,129999.8,2025-07
4631,1290,Devin Adams,104,8000.0,Shoes,Clothing,offline,Bangalore,2025-11-10,3,NetBanking,0.3,Dev*****@gmail.com,86******22,successful,23999.7,2025-11
4632,1063,Renee Liu,102,70000.0,Phone,Electronics,offline,Delhi,2025-05-29,3,NetBanking,0.05,Ren*****@outlook.com,91******61,successful,209999.95,2025-05
4633,1610,Amy Scott,107,50000.0,Dining Table,Furn,online,Bangalore,2025-06-13,4,UPI,0.3,Amy*****@yahoo.com,77******51,successful,199999.7,2025-06
4634,1382,Natalie Daniels,108,,Mixer Grinder,Home,offline,Chennai,2025-04-17,5,UPI,0.05,Nat*****@yahoo.com,65******06,successful,,2025-04
4635,1321,Daniel Taylor,107,50000.0,Dining Table,Furn,offline,Hyderabad,2025-12-19,4,Card,0.25,Dan*****@gmail.com,69******62,successful,199999.75,2025-12
4636,1896,Chelsea Roberts,102,70000.0,Phone,Elec,online,Chennai,2026-03-03,2,Card,0.4,Che*****@gmail.com,73******07,successful,139999.6,2026-03
4638,1377,Steven Keith,107,,Dining Table,Furniture,offline,Delhi,2025-09-21,3,Card,0.15,Ste*****@gmail.com,74******01,successful,,2025-09
4639,1407,Laura Adams,101,250000.0,Laptop,Elec,offline,Bangalore,2025-06-06,4,Cash,0.3,Lau*****@gmail.com,60******68,successful,999999.7,2025-06
4640,1104,Jennifer Guerrero,104,8000.0,Shoes,Cloth,offline,Hyderabad,2026-02-16,3,Cash,0.35,Jen*****@gmail.com,66******74,successful,23999.65,2026-02
4641,1411,Luis Jackson,108,15000.0,Mixer Grinder,Home Appliances,online,Mumbai,2025-06-12,4,Card,0.3,Lui*****@gmail.com,66******17,successful,59999.7,2025-06
4642,1048,Darlene Eaton,102,70000.0,Phone,Elec,online,Delhi,2025-10-31,3,Cash,0.25,Dar*****@yahoo.com,67******39,successful,209999.75,2025-10
4643,1176,Mallory Hernandez,101,,Laptop,Elec,online,Chennai,2025-10-24,5,Card,0.1,Mal*****@gmail.com,73******19,successful,,2025-10
4644,1070,Mark Holt,105,45000.0,Tv,Electronics,offline,Delhi,2025-05-11,2,NetBanking,0.2,Mar*****@gmail.com,60******62,successful,89999.8,2025-05
4647,1378,Joyce Simmons,104,8000.0,Shoes,Clothing,online,Hyderabad,2025-12-16,2,Card,0.15,Joy*****@yahoo.com,78******49,successful,15999.85,2025-12
4648,1455,Jason Taylor,101,250000.0,Laptop,Elec,online,Mumbai,2025-07-13,4,Card,0.3,Jas*****@outlook.com,84******42,successful,999999.7,2025-07
4649,1541,Emily Brown,105,45000.0,Tv,Electronics,offline,Delhi,2026-01-21,2,UPI,0.05,Emi*****@outlook.com,62******54,successful,89999.95,2026-01
4653,1902,Sandra Buck,105,45000.0,Tv,Electronics,offline,Chennai,2025-12-07,3,Cash,0.25,San*****@yahoo.com,84******65,successful,134999.75,2025-12
4654,1469,Dennis Perry,107,50000.0,Dining Table,Furniture,offline,Mumbai,2026-01-20,4,NetBanking,0.4,Den*****@outlook.com,74******51,successful,199999.6,2026-01
4655,1287,Roy Mack,104,8000.0,Shoes,Cloth,online,Mumbai,2026-04-07,5,UPI,0.25,Roy*****@gmail.com,72******81,successful,39999.75,2026-04
4657,1374,Anthony Kelley,106,80000.0,Sofa,Furniture,online,Hyderabad,2025-09-28,1,UPI,0.3,Ant*****@gmail.com,99******08,successful,79999.7,2025-09
4658,1709,Savannah Lee,103,1300.0,Shirt,Clothing,online,Bangalore,2026-03-17,2,Cash,0.35,Sav*****@outlook.com,66******08,successful,2599.65,2026-03
4659,1891,Rachael Harper,105,45000.0,Tv,Electronics,online,Chennai,2025-07-05,4,Card,0.15,Rac*****@gmail.com,76******29,successful,179999.85,2025-07
4660,1279,Martin Bass,109,65000.0,Refrigerator,Home Appliances,online,Chennai,2025-07-09,3,UPI,0.05,Mar*****@gmail.com,88******62,successful,194999.95,2025-07
4661,1354,Jordan Donaldson,101,250000.0,Laptop,Electronics,online,Bangalore,2026-01-31,1,NetBanking,0.4,Jor*****@gmail.com,70******32,successful,249999.6,2026-01
4662,1089,Jessica Avila,109,65000.0,Refrigerator,Home Appliances,offline,Bangalore,2025-06-04,2,Card,0.25,Jes*****@outlook.com,61******57,successful,129999.75,2025-06
4663,1298,Jeremy Barton,109,,Refrigerator,Home Appliances,online,Chennai,2025-08-24,1,NetBanking,0.35,Jer*****@outlook.com,68******67,successful,,2025-08
4665,1824,Blake Brown,103,,Shirt,Clothing,offline,Hyderabad,2025-07-29,5,UPI,0.4,Bla*****@yahoo.com,67******66,successful,,2025-07
4666,1613,Deborah Cortez,105,45000.0,Tv,Electronics,offline,Mumbai,2025-09-25,3,Cash,0.15,Deb*****@gmail.com,93******18,successful,134999.85,2025-09
4667,1084,Nicole Moss,108,15000.0,Mixer Grinder,Home Appliances,offline,Delhi,2025-09-20,1,UPI,0.4,Nic*****@gmail.com,92******93,successful,14999.6,2025-09
4668,1336,Kelsey Ochoa,110,45000.0,Microwave,Home Appliances,online,Hyderabad,2025-11-14,1,Card,0.1,Kel*****@gmail.com,85******73,successful,44999.9,2025-11
4669,1167,Gabriel Sanchez,107,50000.0,Dining Table,Furn,offline,Mumbai,2026-08-01,3,Cash,0.05,Gab*****@gmail.com,95******68,successful,149999.95,2026-08
4671,1463,Matthew Mathis,110,45000.0,Microwave,Home Appliances,online,Delhi,2025-06-05,3,Card,0.15,Mat*****@yahoo.com,96******17,successful,134999.85,2025-06
4672,1576,Christopher Shepherd,104,,Shoes,Clothing,offline,Bangalore,2025-04-12,5,Cash,0.05,Chr*****@yahoo.com,80******15,successful,,2025-04
4673,1234,Robin Dean,105,45000.0,Tv,Electronics,online,Mumbai,2025-12-08,5,UPI,0.25,Rob*****@gmail.com,71******81,successful,224999.75,2025-12
4675,1967,Elizabeth Good,107,50000.0,Dining Table,Furn,offline,Delhi,2025-10-01,3,UPI,0.15,Eli*****@gmail.com,75******06,successful,149999.85,2025-10
4676,1131,Susan Ramirez,104,8000.0,Shoes,Clothing,online,Chennai,2025-11-20,2,Cash,0.35,Sus*****@gmail.com,85******76,successful,15999.65,2025-11
4677,1536,Michael Chavez,107,50000.0,Dining Table,Furniture,offline,Chennai,2026-04-14,1,NetBanking,0.3,Mic*****@yahoo.com,98******85,successful,49999.7,2026-04
4678,1631,Vincent Riley,108,15000.0,Mixer Grinder,Home,online,Delhi,2025-10-22,2,Cash,0.2,Vin*****@gmail.com,76******30,successful,29999.8,2025-10
4679,1083,Tina Hawkins,109,65000.0,Refrigerator,Home Appliances,offline,Delhi,2025-09-13,4,Card,0.4,Tin*****@yahoo.com,80******36,successful,259999.6,2025-09
4681,1391,James Williams,106,80000.0,Sofa,Furniture,online,Hyderabad,2025-12-30,2,UPI,0.35,Jam*****@outlook.com,98******81,successful,159999.65,2025-12
4682,1876,Bonnie Cole,107,50000.0,Dining Table,Furniture,offline,Bangalore,2026-01-03,2,Card,0.05,Bon*****@gmail.com,88******23,successful,99999.95,2026-01
4683,1559,Jason Johnson,108,15000.0,Mixer Grinder,Home Appliances,online,Delhi,2026-03-02,2,UPI,0.15,Jas*****@yahoo.com,97******10,successful,29999.85,2026-03
4684,1577,Diana Brewer,101,250000.0,Laptop,Electronics,online,Bangalore,2025-06-04,1,Cash,0.05,Dia*****@gmail.com,68******19,successful,249999.95,2025-06
4685,1985,Allison Garner,101,250000.0,Laptop,Elec,offline,Bangalore,2025-05-11,5,NetBanking,0.3,All*****@gmail.com,74******83,successful,1249999.7,2025-05
4687,1374,Anthony Kelley,102,70000.0,Phone,Electronics,offline,Hyderabad,2025-09-14,2,Card,0.35,Ant*****@gmail.com,99******08,successful,139999.65,2025-09
4688,1257,Angela Hodges,104,8000.0,Shoes,Clothing,offline,Mumbai,2026-01-31,1,Card,0.4,Ang*****@gmail.com,87******24,successful,7999.6,2026-01
4689,1355,Daniel Ward,103,,Shirt,Cloth,offline,Mumbai,2025-04-27,5,Card,0.15,Dan*****@gmail.com,82******38,successful,,2025-04
4691,1628,Michael Garcia,105,45000.0,Tv,Elec,offline,Hyderabad,2025-04-24,1,Cash,0.15,Mic*****@gmail.com,69******17,successful,44999.85,2025-04
4692,1887,Jessica Harris,107,50000.0,Dining Table,Furniture,online,Delhi,2025-08-04,4,Cash,0.25,Jes*****@outlook.com,86******86,successful,199999.75,2025-08
4696,1410,Emily Johnson,106,80000.0,Sofa,Furniture,offline,Chennai,2025-09-13,4,Card,0.35,Emi*****@outlook.com,84******44,successful,319999.65,2025-09
4698,1229,Alexis Miranda,104,8000.0,Shoes,Cloth,offline,Bangalore,2025-07-28,1,UPI,0.3,Ale*****@gmail.com,95******01,successful,7999.7,2025-07
4699,1527,James Ramirez,103,1300.0,Shirt,Cloth,online,Chennai,2025-05-07,3,NetBanking,0.3,Jam*****@outlook.com,73******74,successful,3899.7,2025-05
4701,1846,Ronald West,102,70000.0,Phone,Electronics,online,Delhi,2025-07-21,2,NetBanking,0.05,Ron*****@gmail.com,71******38,successful,139999.95,2025-07
4702,1441,Alison Tucker,105,,Tv,Electronics,online,Hyderabad,2026-01-17,5,Cash,0.15,Ali*****@gmail.com,63******94,successful,,2026-01
4703,1618,Malik Torres,106,80000.0,Sofa,Furniture,offline,Chennai,2025-06-06,4,Cash,0.2,Mal*****@gmail.com,69******12,successful,319999.8,2025-06
4704,1519,Rebecca Contreras,104,8000.0,Shoes,Clothing,offline,Bangalore,2025-06-28,3,UPI,0.4,Reb*****@outlook.com,72******36,successful,23999.6,2025-06
4706,1948,Jerry Campbell,104,8000.0,Shoes,Clothing,online,Delhi,2025-10-08,2,UPI,0.1,Jer*****@outlook.com,65******67,successful,15999.9,2025-10
4708,1569,Rebecca Jensen,106,80000.0,Sofa,Furn,online,Mumbai,2026-02-24,5,UPI,0.2,Reb*****@gmail.com,75******70,successful,399999.8,2026-02
4710,1704,Christina Williams,108,15000.0,Mixer Grinder,Home Appliances,offline,Mumbai,2025-04-18,5,UPI,0.15,Chr*****@outlook.com,86******67,successful,74999.85,2025-04
4712,1702,Steven Atkinson,105,45000.0,Tv,Elec,offline,Hyderabad,2026-03-11,3,Card,0.2,Ste*****@gmail.com,81******36,successful,134999.8,2026-03
4713,1532,Heather Garcia,107,50000.0,Dining Table,Furniture,offline,Delhi,2026-03-01,5,UPI,0.3,Hea*****@outlook.com,99******06,successful,249999.7,2026-03
4714,1271,Anita Choi,106,80000.0,Sofa,Furniture,online,Mumbai,2026-12-03,5,NetBanking,0.35,Ani*****@yahoo.com,64******65,successful,399999.65,2026-12
4715,1823,Karen Kelley,108,15000.0,Mixer Grinder,Home,online,Bangalore,2025-06-01,2,UPI,0.2,Kar*****@gmail.com,76******64,successful,29999.8,2025-06
4716,1619,Jon Perry,106,,Sofa,Furniture,online,Chennai,2025-10-11,4,NetBanking,0.2,Jon*****@yahoo.com,76******02,successful,,2025-10
4717,1901,Michael Harrison,105,45000.0,Tv,Elec,online,Hyderabad,2025-06-06,3,Card,0.4,Mic*****@yahoo.com,88******36,successful,134999.6,2025-06
4718,1809,David Nelson,104,8000.0,Shoes,Clothing,online,Delhi,2025-11-15,2,Card,0.4,Dav*****@gmail.com,71******53,successful,15999.6,2025-11
4719,1984,Adam Davis,104,8000.0,Shoes,Clothing,online,Mumbai,2026-01-03,3,UPI,0.2,Ada*****@gmail.com,86******51,successful,23999.8,2026-01
4720,1974,James Davis,102,70000.0,Phone,Electronics,online,Delhi,2025-12-21,1,Card,0.05,Jam*****@outlook.com,70******61,successful,69999.95,2025-12
4721,1028,Katie Robbins,103,1300.0,Shirt,Clothing,offline,Hyderabad,2025-07-29,4,UPI,0.2,Kat*****@yahoo.com,93******02,successful,5199.8,2025-07
4722,1859,Joseph Herrera,105,45000.0,Tv,Electronics,online,Delhi,2025-10-24,5,UPI,0.35,Jos*****@gmail.com,63******28,successful,224999.65,2025-10
4723,1757,James Williams,110,45000.0,Microwave,Home Appliances,online,Chennai,2025-09-07,1,Card,0.4,Jam*****@yahoo.com,65******59,successful,44999.6,2025-09
4725,1947,Rebecca Wright,101,250000.0,Laptop,Electronics,online,Chennai,2025-11-08,5,NetBanking,0.15,Reb*****@gmail.com,91******85,successful,1249999.85,2025-11
4726,1245,Carlos Bennett,102,,Phone,Electronics,online,Mumbai,2025-05-11,4,Cash,0.1,Car*****@gmail.com,72******37,successful,,2025-05
4727,1772,Alexandra Lane,104,,Shoes,Clothing,offline,Mumbai,2025-09-11,1,UPI,0.1,Ale*****@gmail.com,64******27,successful,,2025-09
4728,1438,Paul Webster,101,250000.0,Laptop,Electronics,online,Bangalore,2025-07-28,3,NetBanking,0.4,Pau*****@gmail.com,98******43,successful,749999.6,2025-07
4729,1983,Tara David,101,250000.0,Laptop,Elec,offline,Mumbai,2025-02-06,1,Card,0.15,Tar*****@outlook.com,91******48,successful,249999.85,2025-02
4730,1337,Charles Anderson,108,15000.0,Mixer Grinder,Home Appliances,offline,Chennai,2025-10-23,3,Card,0.05,Cha*****@gmail.com,71******97,successful,44999.95,2025-10
4731,1975,Timothy Nichols,108,,Mixer Grinder,Home,offline,Bangalore,2025-12-12,5,Cash,0.35,Tim*****@gmail.com,78******86,successful,,2025-12
4732,1421,Terry Parker,102,70000.0,Phone,Electronics,online,Chennai,2025-05-04,1,Card,0.05,Ter*****@outlook.com,60******41,successful,69999.95,2025-05
4733,1248,Emily Landry,108,15000.0,Mixer Grinder,Home Appliances,online,Mumbai,2026-01-25,3,Card,0.1,Emi*****@gmail.com,79******88,successful,44999.9,2026-01
4734,1275,Mary Lawrence,106,80000.0,Sofa,Furniture,offline,Delhi,2026-01-01,1,Card,0.3,Mar*****@yahoo.com,85******23,successful,79999.7,2026-01
4735,1317,Kathleen Ferrell,109,65000.0,Refrigerator,Home,online,Delhi,2025-10-04,5,UPI,0.2,Kat*****@gmail.com,84******36,successful,324999.8,2025-10
4736,1772,Alexandra Lane,103,1300.0,Shirt,Cloth,offline,Mumbai,2026-01-19,4,Card,0.2,Ale*****@gmail.com,64******27,successful,5199.8,2026-01
4737,1736,Michael Williams,104,8000.0,Shoes,Clothing,offline,Mumbai,2026-01-13,3,Cash,0.35,Mic*****@outlook.com,66******16,successful,23999.65,2026-01
4738,1675,Karen Cain,110,45000.0,Microwave,Home,offline,Bangalore,2026-02-09,5,UPI,0.4,Kar*****@gmail.com,89******31,successful,224999.6,2026-02
4739,1461,Michael Cook,107,50000.0,Dining Table,Furniture,online,Delhi,2025-10-30,5,NetBanking,0.2,Mic*****@gmail.com,90******03,successful,249999.8,2025-10
4740,1706,Kathryn Stokes,107,,Dining Table,Furniture,offline,Delhi,2025-05-06,5,UPI,0.15,Kat*****@gmail.com,79******27,successful,,2025-05
4742,1306,Curtis Knight,102,70000.0,Phone,Electronics,online,Delhi,2025-08-29,1,Card,0.2,Cur*****@gmail.com,63******89,successful,69999.8,2025-08
4743,1459,Richard Jensen,108,15000.0,Mixer Grinder,Home,online,Delhi,2025-06-14,5,Card,0.25,Ric*****@yahoo.com,72******99,successful,74999.75,2025-06
4745,1728,Jeff Walton,102,70000.0,Phone,Electronics,offline,Chennai,2025-11-21,4,Cash,0.1,Jef*****@outlook.com,76******43,successful,279999.9,2025-11
4747,1175,Justin Friedman,103,1300.0,Shirt,Clothing,offline,Chennai,2025-07-13,4,UPI,0.35,Jus*****@gmail.com,80******95,successful,5199.65,2025-07
4748,1429,Joshua Henry,105,45000.0,Tv,Electronics,online,Hyderabad,2025-11-03,2,Cash,0.25,Jos*****@gmail.com,99******98,successful,89999.75,2025-11
4749,1137,Kelly Jackson,107,50000.0,Dining Table,Furniture,online,Bangalore,2025-07-04,4,UPI,0.25,Kel*****@outlook.com,97******18,successful,199999.75,2025-07
4750,1930,Angie Landry,108,15000.0,Mixer Grinder,Home Appliances,offline,Mumbai,2025-12-15,1,Card,0.1,Ang*****@outlook.com,63******70,successful,14999.9,2025-12
4752,1738,Tiffany Monroe,107,50000.0,Dining Table,Furniture,offline,Bangalore,2026-03-07,4,NetBanking,0.35,Tif*****@outlook.com,73******88,successful,199999.65,2026-03
4753,1306,Curtis Knight,101,250000.0,Laptop,Electronics,offline,Delhi,2026-03-02,1,UPI,0.35,Cur*****@gmail.com,63******89,successful,249999.65,2026-03
4754,1151,Dennis Johnston,105,45000.0,Tv,Elec,online,Mumbai,2025-07-25,1,Cash,0.1,Den*****@yahoo.com,89******63,successful,44999.9,2025-07
4755,1131,Susan Ramirez,107,,Dining Table,Furniture,offline,Chennai,2025-09-20,4,Card,0.05,Sus*****@gmail.com,85******76,successful,,2025-09
4756,1880,Jeremy Mendez,106,80000.0,Sofa,Furniture,online,Mumbai,2025-06-06,5,UPI,0.25,Jer*****@gmail.com,90******45,successful,399999.75,2025-06
4757,1989,Jeremy Kelley,105,45000.0,Tv,Electronics,offline,Bangalore,2025-11-20,3,Cash,0.3,Jer*****@gmail.com,94******37,successful,134999.7,2025-11
4758,1875,Jason Prince,106,80000.0,Sofa,Furn,online,Chennai,2025-11-07,3,Cash,0.1,Jas*****@yahoo.com,62******06,successful,239999.9,2025-11
4760,1079,Jeffrey Jones,104,8000.0,Shoes,Clothing,offline,Mumbai,2025-11-20,1,Card,0.3,Jef*****@outlook.com,75******47,successful,7999.7,2025-11
4761,1078,Jeremy Miller,106,80000.0,Sofa,Furniture,online,Delhi,2025-08-06,3,Card,0.1,Jer*****@gmail.com,88******89,successful,239999.9,2025-08
4763,1021,Isaiah Campbell,102,70000.0,Phone,Electronics,online,Chennai,2026-02-19,3,Cash,0.25,Isa*****@yahoo.com,87******09,successful,209999.75,2026-02
4764,1381,Cassandra Green,104,8000.0,Shoes,Cloth,online,Bangalore,2026-01-17,3,Cash,0.1,Cas*****@gmail.com,80******51,successful,23999.9,2026-01
4765,1708,Lori Bell,106,80000.0,Sofa,Furn,online,Chennai,2025-09-29,2,UPI,0.05,Lor*****@outlook.com,90******47,successful,159999.95,2025-09
4766,1694,Kristen Simmons,108,15000.0,Mixer Grinder,Home,offline,Mumbai,2025-12-13,1,NetBanking,0.2,Kri*****@gmail.com,62******34,successful,14999.8,2025-12
4767,1270,Sara Randolph,102,70000.0,Phone,Electronics,online,Mumbai,2025-07-24,3,NetBanking,0.15,Sar*****@gmail.com,90******48,successful,209999.85,2025-07
4768,1197,Bradley Yates,106,80000.0,Sofa,Furn,online,Bangalore,2025-08-15,4,UPI,0.15,Bra*****@gmail.com,70******48,successful,319999.85,2025-08
4769,1134,Jennifer Williams,103,1300.0,Shirt,Clothing,online,Mumbai,2025-10-06,2,Card,0.05,Jen*****@yahoo.com,89******26,successful,2599.95,2025-10
4770,1258,Erica Smith,107,50000.0,Dining Table,Furniture,offline,Bangalore,2025-08-22,4,UPI,0.3,Eri*****@outlook.com,92******42,successful,199999.7,2025-08
4771,1866,Michelle Mitchell,104,8000.0,Shoes,Clothing,offline,Mumbai,2026-03-09,2,UPI,0.4,Mic*****@yahoo.com,72******84,successful,15999.6,2026-03
4772,1784,Jason Chavez,102,70000.0,Phone,Elec,online,Mumbai,2026-02-05,5,NetBanking,0.05,Jas*****@outlook.com,79******42,successful,349999.95,2026-02
4774,1199,Richard Davis,108,15000.0,Mixer Grinder,Home Appliances,online,Hyderabad,2026-01-07,2,UPI,0.05,Ric*****@outlook.com,75******58,successful,29999.95,2026-01
4775,1551,Pamela Rodriguez,102,70000.0,Phone,Elec,offline,Bangalore,2025-05-10,4,Cash,0.4,Pam*****@yahoo.com,84******11,successful,279999.6,2025-05
4776,1254,Brandon Turner,106,,Sofa,Furn,online,Chennai,2025-03-05,5,Card,0.05,Bra*****@gmail.com,75******96,successful,,2025-03
4779,1979,Raymond Mckinney,101,250000.0,Laptop,Elec,online,Mumbai,2025-05-06,4,Cash,0.05,Ray*****@yahoo.com,60******84,successful,999999.95,2025-05
4780,1866,Michelle Mitchell,109,65000.0,Refrigerator,Home,online,Mumbai,2025-12-12,1,UPI,0.25,Mic*****@yahoo.com,72******84,successful,64999.75,2025-12
4782,1779,Vanessa Maxwell,108,15000.0,Mixer Grinder,Home Appliances,online,Bangalore,2025-12-04,5,Card,0.15,Van*****@gmail.com,75******67,successful,74999.85,2025-12
4783,1330,Deanna Cannon,106,80000.0,Sofa,Furniture,online,Hyderabad,2026-03-27,4,Card,0.15,Dea*****@outlook.com,85******46,successful,319999.85,2026-03
4784,1778,Joseph Tucker,105,,Tv,Electronics,offline,Hyderabad,2026-01-08,5,Cash,0.1,Jos*****@gmail.com,79******67,successful,,2026-01
4785,1633,Kathryn Morgan,105,,Tv,Electronics,offline,Bangalore,2025-11-05,5,UPI,0.35,Kat*****@gmail.com,89******07,successful,,2025-11
4786,1802,Joshua Singh,104,,Shoes,Cloth,offline,Mumbai,2025-12-11,2,UPI,0.2,Jos*****@gmail.com,80******90,successful,,2025-12
4788,1908,Nicole James,101,250000.0,Laptop,Elec,offline,Hyderabad,2025-07-19,3,Cash,0.4,Nic*****@gmail.com,62******72,successful,749999.6,2025-07
4789,1691,Anthony Guzman,105,,Tv,Electronics,offline,Delhi,2025-12-08,1,Card,0.2,Ant*****@gmail.com,75******19,successful,,2025-12
4790,1933,Michael Hernandez,107,50000.0,Dining Table,Furn,offline,Chennai,2026-01-19,4,UPI,0.1,Mic*****@gmail.com,95******89,successful,199999.9,2026-01
4792,1816,Allison Young,103,1300.0,Shirt,Clothing,online,Mumbai,2025-07-09,2,UPI,0.4,All*****@gmail.com,68******13,successful,2599.6,2025-07
4794,1479,Jacob Gomez,108,15000.0,Mixer Grinder,Home Appliances,online,Chennai,2025-05-20,3,UPI,0.1,Jac*****@gmail.com,81******20,successful,44999.9,2025-05
4797,1457,Carla Smith,108,15000.0,Mixer Grinder,Home,online,Chennai,2026-10-03,4,UPI,0.4,Car*****@yahoo.com,93******95,successful,59999.6,2026-10
4798,1491,Jeremy Garcia,108,15000.0,Mixer Grinder,Home Appliances,offline,Mumbai,2025-05-16,4,Card,0.35,Jer*****@gmail.com,76******84,successful,59999.65,2025-05
4799,1126,Caitlin Ortiz,105,45000.0,Tv,Elec,online,Bangalore,2026-04-08,2,Cash,0.15,Cai*****@gmail.com,68******32,successful,89999.85,2026-04
4800,1543,Victoria Moore,109,65000.0,Refrigerator,Home,online,Mumbai,2026-01-28,3,Card,0.1,Vic*****@gmail.com,91******29,successful,194999.9,2026-01
4801,1104,Jennifer Guerrero,103,1300.0,Shirt,Clothing,offline,Hyderabad,2025-11-26,1,Cash,0.35,Jen*****@gmail.com,66******74,successful,1299.65,2025-11
4802,1787,Shawn Holt,107,50000.0,Dining Table,Furniture,online,Bangalore,2025-05-14,4,Cash,0.4,Sha*****@gmail.com,77******81,successful,199999.6,2025-05
4803,1877,Elizabeth Barron,107,50000.0,Dining Table,Furn,offline,Mumbai,2025-12-12,2,UPI,0.3,Eli*****@gmail.com,64******82,successful,99999.7,2025-12
4805,1194,Stephanie Jackson,107,,Dining Table,Furniture,online,Chennai,2025-05-07,5,Cash,0.25,Ste*****@outlook.com,67******41,successful,,2025-05
4807,1335,James Lewis,109,,Refrigerator,Home Appliances,offline,Delhi,2025-08-19,4,UPI,0.25,Jam*****@yahoo.com,70******40,successful,,2025-08
4809,1028,Katie Robbins,104,8000.0,Shoes,Cloth,offline,Hyderabad,2026-02-13,1,NetBanking,0.1,Kat*****@yahoo.com,93******02,successful,7999.9,2026-02
4810,1222,Vincent Shannon,103,1300.0,Shirt,Clothing,offline,Delhi,2025-12-11,4,NetBanking,0.05,Vin*****@gmail.com,81******94,successful,5199.95,2025-12
4811,1884,Sandra Moore,105,45000.0,Tv,Elec,online,Delhi,2025-10-27,4,Cash,0.3,San*****@yahoo.com,79******23,successful,179999.7,2025-10
4812,1261,Paul Jones,108,15000.0,Mixer Grinder,Home Appliances,offline,Hyderabad,2025-10-03,1,NetBanking,0.05,Pau*****@gmail.com,92******04,successful,14999.95,2025-10
4814,1124,Richard Hopkins,101,,Laptop,Electronics,online,Chennai,2025-08-24,1,Cash,0.25,Ric*****@outlook.com,94******95,successful,,2025-08
4816,1282,Nicole Bennett,105,45000.0,Tv,Electronics,online,Delhi,2026-01-14,3,NetBanking,0.4,Nic*****@gmail.com,72******85,successful,134999.6,2026-01
4817,1961,Teresa Dalton,102,70000.0,Phone,Electronics,offline,Hyderabad,2026-03-22,2,Cash,0.3,Ter*****@outlook.com,89******50,successful,139999.7,2026-03
4818,1599,Breanna Clements,105,45000.0,Tv,Electronics,online,Hyderabad,2025-09-29,4,Card,0.35,Bre*****@gmail.com,96******33,successful,179999.65,2025-09
4819,1106,Evan Hall,103,1300.0,Shirt,Clothing,offline,Hyderabad,2025-05-18,2,NetBanking,0.2,Eva*****@yahoo.com,87******44,successful,2599.8,2025-05
4820,1596,Amy Lopez,109,65000.0,Refrigerator,Home,online,Bangalore,2025-07-15,1,Cash,0.2,Amy*****@outlook.com,70******00,successful,64999.8,2025-07
4821,1219,Sarah Walsh,106,80000.0,Sofa,Furniture,offline,Delhi,2026-07-04,1,Card,0.2,Sar*****@gmail.com,79******70,successful,79999.8,2026-07
4822,1711,Neil Farley,102,70000.0,Phone,Electronics,offline,Mumbai,2025-10-31,2,Card,0.15,Nei*****@yahoo.com,71******83,successful,139999.85,2025-10
4823,1491,Jeremy Garcia,102,70000.0,Phone,Electronics,online,Mumbai,2025-10-13,4,Card,0.4,Jer*****@gmail.com,76******84,successful,279999.6,2025-10
4824,1977,Donna Ayers,103,1300.0,Shirt,Clothing,online,Hyderabad,2025-05-07,3,Card,0.4,Don*****@yahoo.com,63******87,successful,3899.6,2025-05
4828,1459,Richard Jensen,106,80000.0,Sofa,Furniture,offline,Delhi,2025-07-13,5,UPI,0.35,Ric*****@yahoo.com,72******99,successful,399999.65,2025-07
4829,1501,Jeffery Bird,103,1300.0,Shirt,Cloth,offline,Chennai,2026-03-09,1,NetBanking,0.1,Jef*****@gmail.com,67******76,successful,1299.9,2026-03
4831,1478,Susan Davis,108,15000.0,Mixer Grinder,Home Appliances,offline,Bangalore,2026-03-08,2,UPI,0.3,Sus*****@outlook.com,78******80,successful,29999.7,2026-03
4833,1726,Heather Hill,110,45000.0,Microwave,Home,online,Hyderabad,2025-05-04,3,Cash,0.2,Hea*****@gmail.com,94******87,successful,134999.8,2025-05
4834,1394,Tiffany Randolph,105,45000.0,Tv,Elec,online,Delhi,2026-03-23,1,Card,0.1,Tif*****@gmail.com,84******85,successful,44999.9,2026-03
4835,1868,Andrew Martin,106,80000.0,Sofa,Furniture,online,Delhi,2025-04-17,3,NetBanking,0.2,And*****@gmail.com,79******36,successful,239999.8,2025-04
4836,1126,Caitlin Ortiz,108,15000.0,Mixer Grinder,Home,offline,Bangalore,2025-06-14,1,Card,0.05,Cai*****@gmail.com,68******32,successful,14999.95,2025-06
4837,1691,Anthony Guzman,108,15000.0,Mixer Grinder,Home Appliances,online,Delhi,2026-04-10,2,NetBanking,0.35,Ant*****@gmail.com,75******19,successful,29999.65,2026-04
4838,1812,Duane Lawrence,102,70000.0,Phone,Electronics,offline,Delhi,2025-06-12,1,UPI,0.1,Dua*****@gmail.com,98******88,successful,69999.9,2025-06
4839,1313,Sandra Murphy,105,45000.0,Tv,Electronics,online,Delhi,2025-02-09,5,UPI,0.1,San*****@outlook.com,66******00,successful,224999.9,2025-02
4840,1131,Susan Ramirez,109,65000.0,Refrigerator,Home,offline,Chennai,2025-09-29,5,Cash,0.05,Sus*****@gmail.com,85******76,successful,324999.95,2025-09
4841,1486,Nancy Hart,102,,Phone,Electronics,offline,Mumbai,2025-12-06,1,Cash,0.15,Nan*****@outlook.com,65******90,successful,,2025-12
4842,1029,Kimberly Montes,104,8000.0,Shoes,Cloth,online,Chennai,2026-01-30,4,Card,0.15,Kim*****@outlook.com,76******80,successful,31999.85,2026-01
4843,1837,Jennifer Thomas,104,,Shoes,Cloth,online,Delhi,2026-01-17,2,Card,0.3,Jen*****@gmail.com,60******33,successful,,2026-01
4844,1319,Debra Williams,106,80000.0,Sofa,Furniture,offline,Chennai,2025-09-06,4,NetBanking,0.15,Deb*****@gmail.com,92******76,successful,319999.85,2025-09
4845,1174,Kathleen Anderson,101,,Laptop,Elec,offline,Hyderabad,2026-02-18,2,UPI,0.35,Kat*****@gmail.com,81******21,successful,,2026-02
4846,1034,Laura Landry,109,65000.0,Refrigerator,Home Appliances,online,Mumbai,2025-06-23,2,Cash,0.25,Lau*****@yahoo.com,79******46,successful,129999.75,2025-06
4847,1377,Steven Keith,107,50000.0,Dining Table,Furn,online,Delhi,2026-01-15,2,Cash,0.05,Ste*****@gmail.com,74******01,successful,99999.95,2026-01
4848,1337,Charles Anderson,109,65000.0,Refrigerator,Home Appliances,online,Chennai,2026-02-14,5,Card,0.3,Cha*****@gmail.com,71******97,successful,324999.7,2026-02
4849,1089,Jessica Avila,108,15000.0,Mixer Grinder,Home Appliances,offline,Bangalore,2026-03-10,5,Cash,0.15,Jes*****@outlook.com,61******57,successful,74999.85,2026-03
4850,1346,Eric Romero,110,45000.0,Microwave,Home,online,Hyderabad,2026-02-04,2,NetBanking,0.15,Eri*****@gmail.com,64******95,successful,89999.85,2026-02
4851,1477,Leah Mitchell,109,65000.0,Refrigerator,Home Appliances,offline,Chennai,2025-10-12,4,Card,0.25,Lea*****@gmail.com,65******41,successful,259999.75,2025-10
4852,1230,Christina Richardson,102,70000.0,Phone,Electronics,online,Chennai,2025-05-06,5,UPI,0.3,Chr*****@gmail.com,88******32,successful,349999.7,2025-05
4853,1379,Anthony Howard,101,250000.0,Laptop,Elec,online,Delhi,2025-01-05,2,Card,0.25,Ant*****@gmail.com,81******33,successful,499999.75,2025-01
4854,1830,Sandra Gray,110,45000.0,Microwave,Home Appliances,offline,Bangalore,2025-08-09,2,Card,0.1,San*****@gmail.com,85******30,successful,89999.9,2025-08
4855,1427,Sarah Williams,101,250000.0,Laptop,Electronics,online,Hyderabad,2026-04-15,2,Cash,0.05,Sar*****@gmail.com,82******38,successful,499999.95,2026-04
4857,1328,Toni Crawford,107,,Dining Table,Furniture,online,Hyderabad,2026-02-15,3,Cash,0.15,Ton*****@yahoo.com,77******57,successful,,2026-02
4858,1284,Lisa Hansen,103,1300.0,Shirt,Cloth,offline,Delhi,2025-07-23,5,UPI,0.2,Lis*****@gmail.com,86******15,successful,6499.8,2025-07
4860,1294,Peter Reed,101,250000.0,Laptop,Elec,offline,Hyderabad,2025-08-06,4,UPI,0.4,Pet*****@yahoo.com,70******25,successful,999999.6,2025-08
4861,1262,Jessica Hawkins,101,250000.0,Laptop,Electronics,online,Delhi,2025-05-09,4,UPI,0.1,Jes*****@gmail.com,73******77,successful,999999.9,2025-05
4862,1072,Morgan Moore,108,15000.0,Mixer Grinder,Home Appliances,online,Hyderabad,2025-07-12,5,Card,0.35,Mor*****@gmail.com,82******92,successful,74999.65,2025-07
4863,1606,David Burgess,109,65000.0,Refrigerator,Home,offline,Bangalore,2025-10-23,1,Card,0.1,Dav*****@yahoo.com,95******11,successful,64999.9,2025-10
4864,1734,David Jackson,105,,Tv,Elec,offline,Hyderabad,2025-05-12,3,UPI,0.1,Dav*****@yahoo.com,62******58,successful,,2025-05
4865,1834,David Thomas,103,1300.0,Shirt,Cloth,online,Mumbai,2026-04-15,5,Card,0.2,Dav*****@yahoo.com,66******27,successful,6499.8,2026-04
4866,1461,Michael Cook,110,45000.0,Microwave,Home Appliances,offline,Delhi,2026-02-15,1,NetBanking,0.1,Mic*****@gmail.com,90******03,successful,44999.9,2026-02
4868,1644,Kathy Davis,104,8000.0,Shoes,Clothing,online,Delhi,2025-02-08,3,UPI,0.05,Kat*****@gmail.com,79******35,successful,23999.95,2025-02
4869,1879,Carol Lane,101,,Laptop,Electronics,online,Hyderabad,2025-04-30,5,UPI,0.1,Car*****@outlook.com,83******02,successful,,2025-04
4871,1520,Kelly Jordan,103,1300.0,Shirt,Clothing,offline,Chennai,2025-11-02,4,Card,0.4,Kel*****@outlook.com,69******48,successful,5199.6,2025-11
4872,1415,Jennifer Jackson,104,8000.0,Shoes,Clothing,offline,Mumbai,2025-12-12,4,Card,0.15,Jen*****@gmail.com,89******93,successful,31999.85,2025-12
4873,1747,Sarah Cain,103,1300.0,Shirt,Cloth,online,Delhi,2025-10-22,4,Card,0.3,Sar*****@gmail.com,69******26,successful,5199.7,2025-10
4874,1524,Emily Davidson,110,45000.0,Microwave,Home Appliances,online,Chennai,2026-02-03,4,Cash,0.25,Emi*****@yahoo.com,76******96,successful,179999.75,2026-02
4875,1600,William Schneider,104,8000.0,Shoes,Clothing,offline,Chennai,2026-02-12,5,NetBanking,0.2,Wil*****@outlook.com,77******64,successful,39999.8,2026-02
4876,1101,Timothy Smith,105,45000.0,Tv,Electronics,online,Delhi,2025-04-22,3,Card,0.2,Tim*****@gmail.com,66******04,successful,134999.8,2025-04
4877,1605,Brian Taylor,110,45000.0,Microwave,Home,offline,Hyderabad,2025-10-30,5,UPI,0.35,Bri*****@outlook.com,90******70,successful,224999.65,2025-10
4878,1714,Trevor Jones,104,8000.0,Shoes,Cloth,offline,Delhi,2025-07-29,2,NetBanking,0.15,Tre*****@gmail.com,81******72,successful,15999.85,2025-07
4880,1911,Marc Morales,108,15000.0,Mixer Grinder,Home Appliances,offline,Delhi,2025-10-22,5,NetBanking,0.25,Mar*****@outlook.com,99******59,successful,74999.75,2025-10
4881,1027,Joseph Hunt,104,8000.0,Shoes,Clothing,online,Mumbai,2025-09-16,5,Cash,0.25,Jos*****@outlook.com,79******16,successful,39999.75,2025-09
4882,1131,Susan Ramirez,104,8000.0,Shoes,Clothing,offline,Chennai,2026-01-04,2,Card,0.3,Sus*****@gmail.com,85******76,successful,15999.7,2026-01
4884,1010,Robert Jackson,104,8000.0,Shoes,Cloth,offline,Hyderabad,2025-10-07,1,Card,0.05,Rob*****@gmail.com,72******14,successful,7999.95,2025-10
4885,1149,Michael Levine,101,250000.0,Laptop,Elec,offline,Hyderabad,2025-08-10,3,NetBanking,0.35,Mic*****@yahoo.com,71******03,successful,749999.65,2025-08
4886,1986,Steve White,106,,Sofa,Furniture,offline,Hyderabad,2025-06-01,4,Card,0.35,Ste*****@gmail.com,72******18,successful,,2025-06
4887,1809,David Nelson,101,250000.0,Laptop,Electronics,online,Delhi,2025-10-06,2,Cash,0.25,Dav*****@gmail.com,71******53,successful,499999.75,2025-10
4888,1901,Michael Harrison,106,,Sofa,Furniture,offline,Hyderabad,2025-08-09,5,Cash,0.4,Mic*****@yahoo.com,88******36,successful,,2025-08
4889,1034,Laura Landry,104,8000.0,Shoes,Cloth,online,Mumbai,2025-04-22,2,NetBanking,0.35,Lau*****@yahoo.com,79******46,successful,15999.65,2025-04
4890,1547,Katie Griffin,110,45000.0,Microwave,Home Appliances,offline,Mumbai,2026-08-03,2,UPI,0.3,Kat*****@gmail.com,83******58,successful,89999.7,2026-08
4891,1660,Jamie Russo,104,8000.0,Shoes,Clothing,offline,Delhi,2026-01-12,3,Card,0.25,Jam*****@gmail.com,83******16,successful,23999.75,2026-01
4896,1683,Rachel King,101,250000.0,Laptop,Electronics,online,Bangalore,2025-05-04,3,NetBanking,0.1,Rac*****@gmail.com,63******20,successful,749999.9,2025-05
4897,1207,Sydney Sanchez,101,250000.0,Laptop,Elec,online,Hyderabad,2026-01-21,3,UPI,0.4,Syd*****@yahoo.com,75******42,successful,749999.6,2026-01
4898,1898,Thomas Levy,108,15000.0,Mixer Grinder,Home,offline,Chennai,2026-03-10,3,UPI,0.3,Tho*****@gmail.com,61******13,successful,44999.7,2026-03
4900,1712,Kara Rogers,105,,Tv,Electronics,offline,Chennai,2026-03-09,1,UPI,0.25,Kar*****@outlook.com,98******06,successful,,2026-03
4901,1848,Michelle Myers,108,15000.0,Mixer Grinder,Home Appliances,offline,Hyderabad,2025-06-20,3,Card,0.25,Mic*****@gmail.com,62******97,successful,44999.75,2025-06
4902,1615,Mark Charles,110,45000.0,Microwave,Home Appliances,offline,Bangalore,2025-08-27,3,Card,0.05,Mar*****@outlook.com,94******75,successful,134999.95,2025-08
4903,1804,Beth Berry,105,45000.0,Tv,Electronics,online,Bangalore,2025-11-18,5,Card,0.2,Bet*****@gmail.com,69******21,successful,224999.8,2025-11
4904,1266,Janice Parker,105,45000.0,Tv,Electronics,offline,Mumbai,2026-01-30,1,Card,0.2,Jan*****@yahoo.com,68******91,successful,44999.8,2026-01
4906,1981,Jennifer Foster,107,50000.0,Dining Table,Furniture,online,Chennai,2026-02-17,5,NetBanking,0.2,Jen*****@outlook.com,96******94,successful,249999.8,2026-02
4907,1232,Tracy Santana,103,1300.0,Shirt,Cloth,offline,Delhi,2025-10-15,1,Card,0.2,Tra*****@gmail.com,71******16,successful,1299.8,2025-10
4908,1354,Jordan Donaldson,105,45000.0,Tv,Elec,online,Bangalore,2025-11-12,4,Cash,0.05,Jor*****@gmail.com,70******32,successful,179999.95,2025-11
4909,1853,Tiffany Watts,109,65000.0,Refrigerator,Home Appliances,offline,Delhi,2026-03-08,3,Card,0.3,Tif*****@outlook.com,73******54,successful,194999.7,2026-03
4910,1282,Nicole Bennett,104,8000.0,Shoes,Clothing,online,Delhi,2025-07-03,5,NetBanking,0.3,Nic*****@gmail.com,72******85,successful,39999.7,2025-07
4911,1646,Brian Shields,106,80000.0,Sofa,Furn,offline,Delhi,2025-12-31,4,UPI,0.05,Bri*****@yahoo.com,67******30,successful,319999.95,2025-12
4912,1340,Abigail Schmidt,105,45000.0,Tv,Electronics,online,Delhi,2025-05-16,3,UPI,0.3,Abi*****@gmail.com,82******92,successful,134999.7,2025-05
4913,1436,Charles Osborne,106,80000.0,Sofa,Furn,offline,Hyderabad,2025-05-11,2,NetBanking,0.05,Cha*****@yahoo.com,86******02,successful,159999.95,2025-05
4914,1497,Angela Wheeler,101,250000.0,Laptop,Elec,offline,Bangalore,2025-07-02,5,NetBanking,0.2,Ang*****@yahoo.com,85******54,successful,1249999.8,2025-07
4915,1759,Tamara Carter,101,250000.0,Laptop,Elec,online,Hyderabad,2025-09-03,1,NetBanking,0.2,Tam*****@outlook.com,65******55,successful,249999.8,2025-09
4916,1706,Kathryn Stokes,105,45000.0,Tv,Electronics,online,Delhi,2025-05-08,4,Card,0.3,Kat*****@gmail.com,79******27,successful,179999.7,2025-05
4917,1986,Steve White,102,70000.0,Phone,Elec,online,Hyderabad,2025-12-26,4,Card,0.25,Ste*****@gmail.com,72******18,successful,279999.75,2025-12
4918,1099,Mike Sanders,101,250000.0,Laptop,Electronics,offline,Mumbai,2026-01-02,4,Cash,0.15,Mik*****@gmail.com,86******33,successful,999999.85,2026-01
4919,1285,Ryan Dawson,104,8000.0,Shoes,Clothing,online,Mumbai,2025-12-18,3,Cash,0.2,Rya*****@gmail.com,81******46,successful,23999.8,2025-12
4920,1308,Stephanie Young,103,1300.0,Shirt,Clothing,offline,Hyderabad,2025-11-03,4,NetBanking,0.05,Ste*****@gmail.com,83******67,successful,5199.95,2025-11
4921,1801,Nicole Rogers,108,15000.0,Mixer Grinder,Home,online,Chennai,2026-05-01,5,Cash,0.05,Nic*****@gmail.com,80******92,successful,74999.95,2026-05
4922,1735,Jennifer Brown,108,15000.0,Mixer Grinder,Home Appliances,offline,Bangalore,2026-01-20,2,NetBanking,0.2,Jen*****@yahoo.com,86******66,successful,29999.8,2026-01
4923,1764,Lisa Matthews,109,65000.0,Refrigerator,Home,offline,Mumbai,2026-01-25,5,NetBanking,0.4,Lis*****@outlook.com,74******11,successful,324999.6,2026-01
4924,1162,Amy Luna,110,45000.0,Microwave,Home Appliances,online,Mumbai,2026-03-03,1,NetBanking,0.15,Amy*****@gmail.com,88******03,successful,44999.85,2026-03
4925,1210,Molly Stewart,110,45000.0,Microwave,Home Appliances,online,Bangalore,2026-02-27,2,UPI,0.4,Mol*****@yahoo.com,62******12,successful,89999.6,2026-02
4930,1424,Karen White,105,45000.0,Tv,Elec,offline,Hyderabad,2025-07-31,3,Cash,0.3,Kar*****@gmail.com,97******60,successful,134999.7,2025-07
4931,1904,Zachary Perry,109,65000.0,Refrigerator,Home Appliances,offline,Delhi,2025-07-30,3,Cash,0.15,Zac*****@outlook.com,75******11,successful,194999.85,2025-07
4932,1608,Stephen Simpson,107,50000.0,Dining Table,Furn,online,Delhi,2026-02-06,3,UPI,0.1,Ste*****@yahoo.com,81******71,successful,149999.9,2026-02
4933,1484,Cindy Long,110,45000.0,Microwave,Home Appliances,online,Delhi,2025-01-10,2,Cash,0.25,Cin*****@gmail.com,60******65,successful,89999.75,2025-01
4934,1383,John Lutz,104,8000.0,Shoes,Cloth,online,Delhi,2025-09-11,2,UPI,0.2,Joh*****@outlook.com,76******68,successful,15999.8,2025-09
4936,1757,James Williams,108,15000.0,Mixer Grinder,Home Appliances,offline,Chennai,2025-10-30,1,NetBanking,0.3,Jam*****@yahoo.com,65******59,successful,14999.7,2025-10
4937,1898,Thomas Levy,101,250000.0,Laptop,Electronics,offline,Chennai,2025-11-11,3,Card,0.2,Tho*****@gmail.com,61******13,successful,749999.8,2025-11
4938,1190,Tyler Campbell,109,,Refrigerator,Home Appliances,online,Hyderabad,2026-01-02,4,NetBanking,0.25,Tyl*****@yahoo.com,83******38,successful,,2026-01
4939,1428,James Mccoy,109,65000.0,Refrigerator,Home,online,Bangalore,2025-05-06,1,Card,0.35,Jam*****@gmail.com,66******77,successful,64999.65,2025-05
4940,1747,Sarah Cain,108,15000.0,Mixer Grinder,Home,online,Delhi,2025-08-29,1,Cash,0.15,Sar*****@gmail.com,69******26,successful,14999.85,2025-08
4941,1661,Amanda Huff,105,45000.0,Tv,Elec,offline,Chennai,2025-11-14,1,NetBanking,0.3,Ama*****@gmail.com,74******38,successful,44999.7,2025-11
4942,1666,Regina Johnson,110,45000.0,Microwave,Home Appliances,offline,Hyderabad,2025-11-28,2,UPI,0.05,Reg*****@yahoo.com,64******17,successful,89999.95,2025-11
4944,1376,Mark Clark,102,70000.0,Phone,Electronics,offline,Delhi,2025-07-04,3,Card,0.3,Mar*****@yahoo.com,92******59,successful,209999.7,2025-07
4945,1356,John Arnold,105,45000.0,Tv,Electronics,online,Chennai,2025-12-05,2,NetBanking,0.3,Joh*****@outlook.com,65******57,successful,89999.7,2025-12
4946,1431,Michael White,110,45000.0,Microwave,Home,offline,Chennai,2026-03-23,3,Cash,0.4,Mic*****@outlook.com,99******90,successful,134999.6,2026-03
4947,1538,Benjamin Ramirez,105,45000.0,Tv,Electronics,online,Hyderabad,2025-09-07,4,Cash,0.05,Ben*****@yahoo.com,64******29,successful,179999.95,2025-09
4948,1074,Justin Cooper,108,15000.0,Mixer Grinder,Home Appliances,online,Chennai,2026-03-04,5,NetBanking,0.3,Jus*****@gmail.com,90******53,successful,74999.7,2026-03
4949,1780,Christian Hammond,110,45000.0,Microwave,Home Appliances,online,Bangalore,2026-09-04,3,Cash,0.3,Chr*****@outlook.com,97******88,successful,134999.7,2026-09
4950,1072,Morgan Moore,108,15000.0,Mixer Grinder,Home Appliances,offline,Hyderabad,2025-06-16,4,Cash,0.2,Mor*****@gmail.com,82******92,successful,59999.8,2025-06
4952,1596,Amy Lopez,103,1300.0,Shirt,Clothing,offline,Bangalore,2025-11-07,5,Cash,0.3,Amy*****@outlook.com,70******00,successful,6499.7,2025-11
4953,1608,Stephen Simpson,110,45000.0,Microwave,Home Appliances,online,Delhi,2026-02-02,5,UPI,0.05,Ste*****@yahoo.com,81******71,successful,224999.95,2026-02
4954,1915,Benjamin Perez,107,50000.0,Dining Table,Furniture,online,Delhi,2025-06-27,5,NetBanking,0.35,Ben*****@outlook.com,97******35,successful,249999.65,2025-06
4955,1554,Darrell Watson,103,1300.0,Shirt,Clothing,offline,Mumbai,2026-01-22,2,UPI,0.1,Dar*****@gmail.com,94******32,successful,2599.9,2026-01
4956,1683,Rachel King,107,,Dining Table,Furn,online,Bangalore,2025-07-21,3,UPI,0.35,Rac*****@gmail.com,63******20,successful,,2025-07
4957,1287,Roy Mack,105,45000.0,Tv,Electronics,online,Mumbai,2026-03-20,5,Card,0.2,Roy*****@gmail.com,72******81,successful,224999.8,2026-03
4958,1054,Ruth Gonzales,103,1300.0,Shirt,Cloth,online,Mumbai,2026-04-04,5,NetBanking,0.05,Rut*****@yahoo.com,79******76,successful,6499.95,2026-04
4959,1723,Jessica Johnson,110,45000.0,Microwave,Home Appliances,offline,Hyderabad,2025-05-21,1,Cash,0.35,Jes*****@gmail.com,79******63,successful,44999.65,2025-05
4960,1657,Kenneth Swanson,104,,Shoes,Clothing,online,Bangalore,2025-09-05,4,Card,0.1,Ken*****@outlook.com,63******67,successful,,2025-09
4961,1585,Wyatt Coleman,107,50000.0,Dining Table,Furniture,online,Mumbai,2026-03-09,4,UPI,0.2,Wya*****@gmail.com,99******62,successful,199999.8,2026-03
4962,1430,Jennifer Gregory,108,15000.0,Mixer Grinder,Home Appliances,offline,Delhi,2025-05-10,2,Cash,0.1,Jen*****@yahoo.com,98******72,successful,29999.9,2025-05
4963,1613,Deborah Cortez,102,70000.0,Phone,Electronics,online,Mumbai,2025-06-02,2,Cash,0.05,Deb*****@gmail.com,93******18,successful,139999.95,2025-06
4964,1242,John Ward,110,45000.0,Microwave,Home,online,Mumbai,2025-12-12,2,Cash,0.35,Joh*****@outlook.com,74******39,successful,89999.65,2025-12
4965,1951,Edward Madden,105,45000.0,Tv,Electronics,online,Bangalore,2025-06-22,2,UPI,0.15,Edw*****@yahoo.com,60******32,successful,89999.85,2025-06
4966,1922,Thomas Rivera,101,250000.0,Laptop,Elec,offline,Bangalore,2025-08-18,3,NetBanking,0.35,Tho*****@gmail.com,75******21,successful,749999.65,2025-08
4971,1610,Amy Scott,105,45000.0,Tv,Electronics,online,Bangalore,2025-12-05,1,UPI,0.35,Amy*****@yahoo.com,77******51,successful,44999.65,2025-12
4973,1723,Jessica Johnson,108,15000.0,Mixer Grinder,Home,online,Hyderabad,2026-04-07,5,NetBanking,0.1,Jes*****@gmail.com,79******63,successful,74999.9,2026-04
4974,1032,Kurt Harrison,104,8000.0,Shoes,Clothing,offline,Hyderabad,2025-07-19,4,Cash,0.3,Kur*****@outlook.com,69******94,successful,31999.7,2025-07
4975,1212,Mark Sherman,101,250000.0,Laptop,Electronics,online,Chennai,2025-11-16,2,Card,0.2,Mar*****@gmail.com,80******18,successful,499999.8,2025-11
4977,1678,Joshua Faulkner,106,80000.0,Sofa,Furniture,offline,Chennai,2025-10-10,4,Card,0.15,Jos*****@gmail.com,89******35,successful,319999.85,2025-10
4978,1338,Brian Guzman,107,50000.0,Dining Table,Furniture,offline,Chennai,2026-01-02,3,Card,0.4,Bri*****@gmail.com,91******93,successful,149999.6,2026-01
4979,1220,Andrew Pena,103,,Shirt,Clothing,online,Mumbai,2026-01-03,4,Cash,0.25,And*****@gmail.com,72******15,successful,,2026-01
4980,1270,Sara Randolph,108,15000.0,Mixer Grinder,Home Appliances,offline,Mumbai,2025-10-12,3,Card,0.4,Sar*****@gmail.com,90******48,successful,44999.6,2025-10
4982,1956,Pamela Fernandez,105,45000.0,Tv,Elec,online,Hyderabad,2025-10-06,1,UPI,0.35,Pam*****@outlook.com,83******69,successful,44999.65,2025-10
4983,1868,Andrew Martin,107,50000.0,Dining Table,Furniture,offline,Delhi,2025-10-09,4,Cash,0.35,And*****@gmail.com,79******36,successful,199999.65,2025-10
4984,1895,Teresa Anthony,107,,Dining Table,Furn,online,Bangalore,2025-05-27,3,Cash,0.05,Ter*****@yahoo.com,83******25,successful,,2025-05
4986,1575,Virginia Pacheco,102,70000.0,Phone,Elec,online,Chennai,2025-10-09,4,Card,0.4,Vir*****@gmail.com,93******56,successful,279999.6,2025-10
4987,1420,Debra Short,107,50000.0,Dining Table,Furn,online,Chennai,2025-06-07,3,Card,0.3,Deb*****@gmail.com,96******81,successful,149999.7,2025-06
4988,1328,Toni Crawford,102,,Phone,Elec,online,Hyderabad,2025-09-30,5,Cash,0.35,Ton*****@yahoo.com,77******57,successful,,2025-09
4989,1454,Shelly Smith,110,45000.0,Microwave,Home,online,Mumbai,2025-07-10,3,NetBanking,0.4,She*****@gmail.com,77******47,successful,134999.6,2025-07
4990,1373,Sarah Rodriguez,107,50000.0,Dining Table,Furniture,offline,Delhi,2025-12-28,3,Cash,0.4,Sar*****@yahoo.com,88******01,successful,149999.6,2025-12
4991,1916,Amber Foster,106,,Sofa,Furniture,offline,Chennai,2025-04-18,4,Cash,0.3,Amb*****@gmail.com,75******39,successful,,2025-04
4992,1841,Brooke Macdonald,106,80000.0,Sofa,Furniture,offline,Chennai,2025-07-07,4,UPI,0.25,Bro*****@gmail.com,73******35,successful,319999.75,2025-07
4994,1958,Sheila Sanchez,103,1300.0,Shirt,Cloth,offline,Hyderabad,2025-11-09,3,UPI,0.2,She*****@gmail.com,71******36,successful,3899.8,2025-11
4995,1134,Jennifer Williams,103,1300.0,Shirt,Cloth,online,Mumbai,2026-08-01,1,UPI,0.2,Jen*****@yahoo.com,89******26,successful,1299.8,2026-08
4997,1247,Chad Lawson,110,,Microwave,Home,offline,Chennai,2026-07-04,5,NetBanking,0.05,Cha*****@yahoo.com,80******74,successful,,2026-07
4999,1705,Stephanie Walker,101,,Laptop,Electronics,online,Chennai,2025-09-21,5,Card,0.35,Ste*****@gmail.com,84******68,successful,,2025-09
5000,1978,Carl Gardner,107,50000.0,Dining Table,Furniture,online,Mumbai,2025-08-31,1,NetBanking,0.2,Car*****@outlook.com,85******66,successful,49999.8,2025-08
5002,1500,John Torres,101,250000.0,Laptop,Electronics,offline,Mumbai,2025-10-15,1,Cash,0.4,Joh*****@yahoo.com,68******73,successful,249999.6,2025-10
5003,1583,Dorothy Alexander,102,70000.0,Phone,Electronics,offline,Chennai,2025-09-10,4,Cash,0.4,Dor*****@yahoo.com,65******88,successful,279999.6,2025-09
5004,1286,Michele Lewis,101,250000.0,Laptop,Electronics,offline,Delhi,2026-07-04,5,NetBanking,0.1,Mic*****@outlook.com,78******25,successful,1249999.9,2026-07
5005,1125,Jeanne Suarez,101,250000.0,Laptop,Electronics,online,Mumbai,2026-03-03,3,Card,0.35,Jea*****@yahoo.com,64******12,successful,749999.65,2026-03
5006,1527,James Ramirez,103,1300.0,Shirt,Clothing,online,Chennai,2025-08-24,4,NetBanking,0.25,Jam*****@outlook.com,73******74,successful,5199.75,2025-08
5008,1145,Sean Williams,109,65000.0,Refrigerator,Home Appliances,offline,Mumbai,2025-07-23,4,Cash,0.35,Sea*****@gmail.com,61******62,successful,259999.65,2025-07
5009,1707,Brittany Garcia,101,250000.0,Laptop,Elec,offline,Bangalore,2026-06-02,1,Cash,0.1,Bri*****@yahoo.com,67******06,successful,249999.9,2026-06
5010,1132,Sara Perez,104,8000.0,Shoes,Clothing,online,Chennai,2026-02-08,4,Cash,0.15,Sar*****@outlook.com,68******23,successful,31999.85,2026-02
5011,1540,Derek Brooks,108,15000.0,Mixer Grinder,Home Appliances,online,Hyderabad,2025-09-03,1,Cash,0.1,Der*****@gmail.com,86******81,successful,14999.9,2025-09
5012,1103,Steven Martinez,101,250000.0,Laptop,Elec,online,Mumbai,2025-11-01,2,Card,0.15,Ste*****@gmail.com,63******77,successful,499999.85,2025-11
5013,1363,Seth Everett,105,45000.0,Tv,Electronics,offline,Mumbai,2025-10-05,5,Cash,0.25,Set*****@gmail.com,83******39,successful,224999.75,2025-10
5014,1520,Kelly Jordan,109,65000.0,Refrigerator,Home,online,Chennai,2025-06-15,4,NetBanking,0.1,Kel*****@outlook.com,69******48,successful,259999.9,2025-06
5015,1278,Sandra Robinson,109,65000.0,Refrigerator,Home,online,Chennai,2025-07-23,2,Card,0.1,San*****@gmail.com,99******46,successful,129999.9,2025-07
5016,1848,Michelle Myers,108,15000.0,Mixer Grinder,Home,offline,Hyderabad,2025-10-12,5,NetBanking,0.05,Mic*****@gmail.com,62******97,successful,74999.95,2025-10
5017,1563,Kurt Mccoy,101,250000.0,Laptop,Electronics,offline,Hyderabad,2025-12-11,3,Cash,0.25,Kur*****@outlook.com,88******40,successful,749999.75,2025-12
5019,1077,Mandy Hess,106,80000.0,Sofa,Furniture,offline,Mumbai,2025-12-09,2,NetBanking,0.05,Man*****@yahoo.com,86******56,successful,159999.95,2025-12
5020,1691,Anthony Guzman,109,65000.0,Refrigerator,Home Appliances,offline,Delhi,2025-07-04,2,UPI,0.25,Ant*****@gmail.com,75******19,successful,129999.75,2025-07
5021,1644,Kathy Davis,105,45000.0,Tv,Electronics,offline,Delhi,2025-08-13,3,NetBanking,0.35,Kat*****@gmail.com,79******35,successful,134999.65,2025-08
5023,1682,Lucas Carter,110,45000.0,Microwave,Home Appliances,offline,Bangalore,2025-09-14,3,Cash,0.25,Luc*****@gmail.com,71******64,successful,134999.75,2025-09
5025,1277,Keith Rodriguez,103,1300.0,Shirt,Clothing,online,Mumbai,2025-12-02,1,Cash,0.05,Kei*****@yahoo.com,86******72,successful,1299.95,2025-12
5026,1104,Jennifer Guerrero,101,250000.0,Laptop,Electronics,offline,Hyderabad,2026-12-04,1,UPI,0.3,Jen*****@gmail.com,66******74,successful,249999.7,2026-12
5027,1363,Seth Everett,105,45000.0,Tv,Electronics,online,Mumbai,2025-08-23,4,NetBanking,0.1,Set*****@gmail.com,83******39,successful,179999.9,2025-08
5028,1480,Kelly Davis,104,8000.0,Shoes,Clothing,online,Hyderabad,2025-11-17,5,NetBanking,0.3,Kel*****@gmail.com,81******24,successful,39999.7,2025-11
5029,1136,Mary Johnston,106,80000.0,Sofa,Furniture,offline,Chennai,2025-08-09,2,Card,0.3,Mar*****@gmail.com,83******95,successful,159999.7,2025-08
5030,1080,Randy Hoffman,103,1300.0,Shirt,Clothing,offline,Bangalore,2025-05-11,5,NetBanking,0.25,Ran*****@gmail.com,89******74,successful,6499.75,2025-05
5031,1178,Donna Hall,110,45000.0,Microwave,Home,online,Mumbai,2025-11-18,1,Card,0.2,Don*****@gmail.com,63******52,successful,44999.8,2025-11
5032,1074,Justin Cooper,108,15000.0,Mixer Grinder,Home Appliances,offline,Chennai,2025-07-08,5,UPI,0.2,Jus*****@gmail.com,90******53,successful,74999.8,2025-07
5033,1274,Mark Castro,102,70000.0,Phone,Elec,offline,Mumbai,2025-06-19,5,Card,0.3,Mar*****@outlook.com,94******62,successful,349999.7,2025-06
5034,1976,Hannah Snow,107,50000.0,Dining Table,Furniture,online,Hyderabad,2025-06-19,3,NetBanking,0.05,Han*****@gmail.com,80******89,successful,149999.95,2025-06
5035,1253,Dawn Ward,104,8000.0,Shoes,Clothing,online,Mumbai,2025-08-09,3,Card,0.3,Daw*****@gmail.com,62******67,successful,23999.7,2025-08
5036,1210,Molly Stewart,102,70000.0,Phone,Electronics,online,Bangalore,2025-07-06,1,Card,0.15,Mol*****@yahoo.com,62******12,successful,69999.85,2025-07
5037,1396,Jason Taylor,104,8000.0,Shoes,Clothing,online,Hyderabad,2025-11-06,2,Card,0.35,Jas*****@yahoo.com,64******16,successful,15999.65,2025-11
5038,1053,Steve Mitchell,107,50000.0,Dining Table,Furniture,offline,Chennai,2025-12-19,3,Card,0.4,Ste*****@outlook.com,90******06,successful,149999.6,2025-12
5039,1643,Evelyn Cordova,101,250000.0,Laptop,Elec,offline,Chennai,2026-03-03,3,NetBanking,0.15,Eve*****@gmail.com,65******10,successful,749999.85,2026-03
5040,1006,Martin Williams,101,250000.0,Laptop,Elec,online,Mumbai,2025-11-14,5,UPI,0.35,Mar*****@outlook.com,75******10,successful,1249999.65,2025-11
5041,1805,Joshua Thomas,102,70000.0,Phone,Electronics,online,Chennai,2026-02-22,3,UPI,0.3,Jos*****@yahoo.com,99******48,successful,209999.7,2026-02
5042,1452,Diana Olson,103,1300.0,Shirt,Cloth,offline,Chennai,2026-01-09,2,Card,0.2,Dia*****@gmail.com,62******50,successful,2599.8,2026-01
5043,1924,William Hopkins,107,50000.0,Dining Table,Furn,online,Delhi,2025-05-07,4,NetBanking,0.15,Wil*****@yahoo.com,82******14,successful,199999.85,2025-05
5046,1428,James Mccoy,104,,Shoes,Clothing,online,Bangalore,2025-04-28,1,NetBanking,0.4,Jam*****@gmail.com,66******77,successful,,2025-04
5048,1384,Hayley Anthony,105,45000.0,Tv,Electronics,offline,Mumbai,2026-04-14,4,NetBanking,0.4,Hay*****@yahoo.com,65******07,successful,179999.6,2026-04
5049,1452,Diana Olson,104,8000.0,Shoes,Clothing,offline,Chennai,2025-10-03,4,Card,0.15,Dia*****@gmail.com,62******50,successful,31999.85,2025-10
5050,1207,Sydney Sanchez,108,15000.0,Mixer Grinder,Home Appliances,online,Hyderabad,2025-04-27,2,UPI,0.35,Syd*****@yahoo.com,75******42,successful,29999.65,2025-04
5051,1741,Sandra Morales,105,45000.0,Tv,Electronics,online,Hyderabad,2026-03-11,1,Card,0.2,San*****@gmail.com,94******60,successful,44999.8,2026-03
5052,1170,Nathan Richardson,110,45000.0,Microwave,Home,offline,Bangalore,2025-12-07,5,Cash,0.4,Nat*****@gmail.com,77******44,successful,224999.6,2025-12
5054,1829,Tamara Brown,106,80000.0,Sofa,Furniture,offline,Hyderabad,2025-12-20,4,Cash,0.4,Tam*****@yahoo.com,97******07,successful,319999.6,2025-12
5055,1499,Paula Mcbride,106,80000.0,Sofa,Furniture,online,Hyderabad,2025-05-29,3,NetBanking,0.3,Pau*****@gmail.com,83******05,successful,239999.7,2025-05
5056,1077,Mandy Hess,109,,Refrigerator,Home Appliances,offline,Mumbai,2026-04-10,1,UPI,0.3,Man*****@yahoo.com,86******56,successful,,2026-04
5057,1932,Eric Mitchell,107,50000.0,Dining Table,Furniture,online,Hyderabad,2026-04-02,5,Card,0.2,Eri*****@gmail.com,73******00,successful,249999.8,2026-04
5058,1562,Jacob Moore,110,45000.0,Microwave,Home,online,Chennai,2025-09-14,5,Card,0.3,Jac*****@gmail.com,81******63,successful,224999.7,2025-09
5059,1082,Javier Schmidt,104,8000.0,Shoes,Clothing,online,Bangalore,2025-07-02,5,UPI,0.4,Jav*****@outlook.com,98******01,successful,39999.6,2025-07
5061,1342,Hunter Adams,110,,Microwave,Home,online,Hyderabad,2025-09-22,2,Card,0.1,Hun*****@outlook.com,72******86,successful,,2025-09
5062,1195,Michael Collins,107,50000.0,Dining Table,Furn,online,Bangalore,2026-02-01,1,NetBanking,0.1,Mic*****@outlook.com,83******64,successful,49999.9,2026-02
5063,1214,Leonard Horton,105,45000.0,Tv,Electronics,offline,Delhi,2025-06-27,5,Card,0.3,Leo*****@outlook.com,93******28,successful,224999.7,2025-06
5064,1524,Emily Davidson,106,80000.0,Sofa,Furn,offline,Chennai,2025-08-26,2,UPI,0.05,Emi*****@yahoo.com,76******96,successful,159999.95,2025-08
5066,1092,Darrell Hines,107,50000.0,Dining Table,Furniture,online,Chennai,2025-12-13,4,Cash,0.15,Dar*****@outlook.com,64******14,successful,199999.85,2025-12
5068,1416,Lance Lindsey,105,45000.0,Tv,Elec,online,Delhi,2025-12-02,2,Card,0.15,Lan*****@yahoo.com,86******59,successful,89999.85,2025-12
5069,1460,Kenneth Dixon,108,15000.0,Mixer Grinder,Home Appliances,online,Chennai,2026-01-02,5,Card,0.3,Ken*****@gmail.com,78******43,successful,74999.7,2026-01
5070,1423,Aaron Morgan,108,,Mixer Grinder,Home,offline,Chennai,2026-01-01,3,Card,0.25,Aar*****@yahoo.com,94******95,successful,,2026-01
5071,1620,Craig Jacobs,103,1300.0,Shirt,Clothing,offline,Bangalore,2025-11-12,2,NetBanking,0.4,Cra*****@gmail.com,62******01,successful,2599.6,2025-11
5074,1277,Keith Rodriguez,101,250000.0,Laptop,Elec,online,Mumbai,2026-06-01,3,UPI,0.35,Kei*****@yahoo.com,86******72,successful,749999.65,2026-06
5075,1234,Robin Dean,108,,Mixer Grinder,Home Appliances,online,Mumbai,2025-06-06,2,UPI,0.05,Rob*****@gmail.com,71******81,successful,,2025-06
5076,1666,Regina Johnson,106,80000.0,Sofa,Furniture,online,Hyderabad,2025-08-04,5,UPI,0.25,Reg*****@yahoo.com,64******17,successful,399999.75,2025-08
5078,1407,Laura Adams,107,50000.0,Dining Table,Furn,offline,Bangalore,2025-03-07,5,Card,0.35,Lau*****@gmail.com,60******68,successful,249999.65,2025-03
5081,1378,Joyce Simmons,105,45000.0,Tv,Electronics,online,Hyderabad,2026-01-28,3,Card,0.2,Joy*****@yahoo.com,78******49,successful,134999.8,2026-01
5083,1140,Jessica Underwood,110,45000.0,Microwave,Home Appliances,online,Chennai,2025-09-22,1,UPI,0.1,Jes*****@yahoo.com,91******86,successful,44999.9,2025-09
5084,1883,Teresa Ford,101,250000.0,Laptop,Electronics,online,Hyderabad,2025-08-17,2,NetBanking,0.4,Ter*****@gmail.com,84******86,successful,499999.6,2025-08
5085,1887,Jessica Harris,109,65000.0,Refrigerator,Home,offline,Delhi,2025-07-17,3,UPI,0.3,Jes*****@outlook.com,86******86,successful,194999.7,2025-07
5087,1066,Linda Bradford,107,50000.0,Dining Table,Furniture,online,Hyderabad,2025-06-14,4,Cash,0.4,Lin*****@outlook.com,61******46,successful,199999.6,2025-06
5089,1186,Paul Morris,108,15000.0,Mixer Grinder,Home Appliances,online,Delhi,2025-08-27,2,NetBanking,0.3,Pau*****@gmail.com,80******05,successful,29999.7,2025-08
5091,1848,Michelle Myers,102,70000.0,Phone,Electronics,online,Hyderabad,2026-01-16,1,Card,0.15,Mic*****@gmail.com,62******97,successful,69999.85,2026-01
5093,1557,Henry Jones,103,1300.0,Shirt,Clothing,offline,Mumbai,2025-05-16,3,Card,0.1,Hen*****@gmail.com,67******82,successful,3899.9,2025-05
5094,1844,Jonathan Smith,103,1300.0,Shirt,Cloth,online,Bangalore,2026-01-02,1,Cash,0.05,Jon*****@outlook.com,67******70,successful,1299.95,2026-01
5095,1539,Mitchell Cobb,105,45000.0,Tv,Electronics,online,Mumbai,2025-05-31,3,Cash,0.4,Mit*****@gmail.com,76******33,successful,134999.6,2025-05
5096,1452,Diana Olson,108,,Mixer Grinder,Home,online,Chennai,2026-02-18,2,Card,0.15,Dia*****@gmail.com,62******50,successful,,2026-02
5097,1332,Laura Werner,101,250000.0,Laptop,Electronics,offline,Bangalore,2026-01-29,3,Cash,0.25,Lau*****@gmail.com,87******50,successful,749999.75,2026-01
5098,1643,Evelyn Cordova,105,45000.0,Tv,Elec,offline,Chennai,2026-01-08,1,UPI,0.4,Eve*****@gmail.com,65******10,successful,44999.6,2026-01
5099,1377,Steven Keith,104,8000.0,Shoes,Clothing,online,Delhi,2025-03-05,3,Card,0.4,Ste*****@gmail.com,74******01,successful,23999.6,2025-03
5100,1685,Sonya Robertson,109,65000.0,Refrigerator,Home,offline,Hyderabad,2025-06-27,5,Cash,0.15,Son*****@gmail.com,75******15,successful,324999.85,2025-06
5102,1648,David Martin,110,45000.0,Microwave,Home Appliances,offline,Delhi,2025-12-01,4,NetBanking,0.25,Dav*****@outlook.com,80******20,successful,179999.75,2025-12
5104,1984,Adam Davis,109,65000.0,Refrigerator,Home Appliances,offline,Mumbai,2025-11-03,1,Card,0.05,Ada*****@gmail.com,86******51,successful,64999.95,2025-11
5105,1826,Benjamin Chan,104,8000.0,Shoes,Clothing,offline,Chennai,2025-08-22,2,UPI,0.2,Ben*****@yahoo.com,68******64,successful,15999.8,2025-08
5106,1311,Elizabeth Peck,105,45000.0,Tv,Electronics,online,Hyderabad,2025-11-12,4,NetBanking,0.4,Eli*****@yahoo.com,91******30,successful,179999.6,2025-11
5107,1301,Sandra Palmer,105,45000.0,Tv,Electronics,online,Mumbai,2026-08-03,3,Card,0.4,San*****@gmail.com,69******53,successful,134999.6,2026-08
5108,1449,Alan Keith,102,70000.0,Phone,Electronics,online,Delhi,2025-10-25,5,Cash,0.2,Ala*****@gmail.com,91******05,successful,349999.8,2025-10
5109,1398,Nancy Howell,107,50000.0,Dining Table,Furniture,offline,Bangalore,2025-12-28,3,UPI,0.4,Nan*****@gmail.com,89******13,successful,149999.6,2025-12
5110,1324,Carol Cordova,102,70000.0,Phone,Elec,online,Mumbai,2025-06-09,5,UPI,0.3,Car*****@outlook.com,76******10,successful,349999.7,2025-06
5111,1434,Ryan Vaughn,110,45000.0,Microwave,Home Appliances,online,Chennai,2025-12-01,5,NetBanking,0.35,Rya*****@gmail.com,72******50,successful,224999.65,2025-12
5112,1942,Susan Dean,109,65000.0,Refrigerator,Home Appliances,offline,Chennai,2025-07-24,1,UPI,0.25,Sus*****@gmail.com,94******64,successful,64999.75,2025-07
5114,1281,Mark Harper,110,45000.0,Microwave,Home,online,Bangalore,2026-02-18,5,Card,0.2,Mar*****@gmail.com,84******15,successful,224999.8,2026-02
5115,1887,Jessica Harris,101,,Laptop,Electronics,offline,Delhi,2026-03-23,1,NetBanking,0.15,Jes*****@outlook.com,86******86,successful,,2026-03
5116,1053,Steve Mitchell,104,8000.0,Shoes,Cloth,online,Chennai,2026-01-08,4,NetBanking,0.4,Ste*****@outlook.com,90******06,successful,31999.6,2026-01
5117,1472,Chad Barnes,103,1300.0,Shirt,Cloth,offline,Chennai,2025-11-08,1,UPI,0.2,Cha*****@outlook.com,74******07,successful,1299.8,2025-11
5118,1856,Katelyn Wallace,110,45000.0,Microwave,Home Appliances,online,Delhi,2025-09-09,1,Card,0.4,Kat*****@yahoo.com,85******43,successful,44999.6,2025-09
5119,1831,Benjamin Wu,110,45000.0,Microwave,Home Appliances,offline,Chennai,2025-11-18,4,UPI,0.25,Ben*****@gmail.com,85******40,successful,179999.75,2025-11
5120,1199,Richard Davis,110,45000.0,Microwave,Home Appliances,online,Hyderabad,2025-08-26,1,Cash,0.25,Ric*****@outlook.com,75******58,successful,44999.75,2025-08
5121,1940,Wendy Rogers,105,45000.0,Tv,Electronics,offline,Mumbai,2025-07-06,1,Cash,0.3,Wen*****@yahoo.com,80******57,successful,44999.7,2025-07
5122,1941,Kenneth Wright,106,80000.0,Sofa,Furniture,offline,Hyderabad,2026-02-18,4,UPI,0.05,Ken*****@outlook.com,66******73,successful,319999.95,2026-02
5123,1903,Mary Richardson,101,250000.0,Laptop,Electronics,online,Mumbai,2025-09-30,5,NetBanking,0.2,Mar*****@outlook.com,66******95,successful,1249999.8,2025-09
5125,1054,Ruth Gonzales,104,8000.0,Shoes,Clothing,offline,Mumbai,2026-03-31,1,Cash,0.3,Rut*****@yahoo.com,79******76,successful,7999.7,2026-03
5126,1508,John Carrillo,106,,Sofa,Furn,online,Delhi,2025-12-05,1,Card,0.4,Joh*****@outlook.com,86******67,successful,,2025-12
5127,1299,Keith Bennett,106,,Sofa,Furniture,offline,Chennai,2025-05-14,4,Card,0.1,Kei*****@yahoo.com,93******82,successful,,2025-05
5129,1507,David Pierce,105,45000.0,Tv,Electronics,offline,Mumbai,2026-01-21,4,UPI,0.2,Dav*****@outlook.com,91******55,successful,179999.8,2026-01
5130,1925,Sierra Jordan,110,45000.0,Microwave,Home Appliances,offline,Mumbai,2025-02-11,5,Cash,0.15,Sie*****@gmail.com,84******06,successful,224999.85,2025-02
5131,1221,Jennifer Hall,101,250000.0,Laptop,Electronics,offline,Hyderabad,2025-06-04,1,Card,0.05,Jen*****@outlook.com,77******08,successful,249999.95,2025-06
5132,1661,Amanda Huff,110,45000.0,Microwave,Home,offline,Chennai,2025-12-23,4,UPI,0.05,Ama*****@gmail.com,74******38,successful,179999.95,2025-12
5134,1264,Lori Tucker,107,50000.0,Dining Table,Furniture,offline,Delhi,2025-06-10,5,UPI,0.05,Lor*****@outlook.com,81******47,successful,249999.95,2025-06
5135,1336,Kelsey Ochoa,106,80000.0,Sofa,Furniture,offline,Hyderabad,2025-12-05,2,NetBanking,0.2,Kel*****@gmail.com,85******73,successful,159999.8,2025-12
5136,1681,Alexandra Costa,109,65000.0,Refrigerator,Home Appliances,offline,Chennai,2025-06-08,3,Card,0.1,Ale*****@yahoo.com,78******35,successful,194999.9,2025-06
5137,1930,Angie Landry,110,45000.0,Microwave,Home Appliances,offline,Mumbai,2025-08-11,4,Cash,0.25,Ang*****@outlook.com,63******70,successful,179999.75,2025-08
5138,1512,David Kent,103,,Shirt,Cloth,online,Delhi,2025-05-18,4,UPI,0.25,Dav*****@gmail.com,69******74,successful,,2025-05
5139,1570,John Wilkins,101,250000.0,Laptop,Electronics,online,Delhi,2025-08-18,2,UPI,0.05,Joh*****@outlook.com,64******29,successful,499999.95,2025-08
5140,1378,Joyce Simmons,102,,Phone,Electronics,offline,Hyderabad,2026-01-23,4,Cash,0.25,Joy*****@yahoo.com,78******49,successful,,2026-01
5142,1189,Donald Gallegos,109,65000.0,Refrigerator,Home Appliances,offline,Bangalore,2025-10-25,1,UPI,0.2,Don*****@outlook.com,90******13,successful,64999.8,2025-10
5144,1342,Hunter Adams,102,70000.0,Phone,Electronics,offline,Hyderabad,2025-11-01,2,Cash,0.4,Hun*****@outlook.com,72******86,successful,139999.6,2025-11
5145,1795,Justin Drake,107,50000.0,Dining Table,Furniture,online,Chennai,2025-09-26,1,NetBanking,0.25,Jus*****@yahoo.com,70******88,successful,49999.75,2025-09
5146,1481,Daniel Washington,110,45000.0,Microwave,Home Appliances,offline,Hyderabad,2025-12-15,4,UPI,0.25,Dan*****@outlook.com,67******89,successful,179999.75,2025-12
5147,1234,Robin Dean,109,65000.0,Refrigerator,Home Appliances,online,Mumbai,2026-03-02,4,Cash,0.35,Rob*****@gmail.com,71******81,successful,259999.65,2026-03
5148,1598,Randall Kennedy,101,250000.0,Laptop,Electronics,offline,Delhi,2025-06-27,2,UPI,0.1,Ran*****@gmail.com,68******86,successful,499999.9,2025-06
5149,1238,Troy Patton,103,1300.0,Shirt,Clothing,offline,Delhi,2026-03-05,2,Card,0.35,Tro*****@gmail.com,96******91,successful,2599.65,2026-03
5150,1853,Tiffany Watts,103,1300.0,Shirt,Cloth,offline,Delhi,2025-10-20,1,Card,0.05,Tif*****@outlook.com,73******54,successful,1299.95,2025-10
5151,1764,Lisa Matthews,104,8000.0,Shoes,Clothing,online,Mumbai,2026-01-08,4,Cash,0.25,Lis*****@outlook.com,74******11,successful,31999.75,2026-01
5152,1262,Jessica Hawkins,110,,Microwave,Home Appliances,offline,Delhi,2026-01-03,2,Card,0.4,Jes*****@gmail.com,73******77,successful,,2026-01
5153,1521,Nicole Mills,101,250000.0,Laptop,Electronics,online,Delhi,2025-03-10,4,Card,0.3,Nic*****@gmail.com,76******70,successful,999999.7,2025-03
5155,1933,Michael Hernandez,101,250000.0,Laptop,Electronics,online,Chennai,2025-05-21,5,Card,0.35,Mic*****@gmail.com,95******89,successful,1249999.65,2025-05
5156,1006,Martin Williams,106,,Sofa,Furniture,online,Mumbai,2026-01-23,4,UPI,0.4,Mar*****@outlook.com,75******10,successful,,2026-01
5157,1558,Brenda Schneider,101,250000.0,Laptop,Electronics,online,Bangalore,2025-10-01,5,Card,0.4,Bre*****@gmail.com,95******88,successful,1249999.6,2025-10
5158,1136,Mary Johnston,105,45000.0,Tv,Electronics,online,Chennai,2025-08-13,2,UPI,0.35,Mar*****@gmail.com,83******95,successful,89999.65,2025-08
5159,1512,David Kent,110,45000.0,Microwave,Home,online,Delhi,2025-04-05,4,UPI,0.35,Dav*****@gmail.com,69******74,successful,179999.65,2025-04
5160,1987,Eric Waters,104,8000.0,Shoes,Cloth,offline,Hyderabad,2026-01-20,4,Cash,0.4,Eri*****@gmail.com,75******21,successful,31999.6,2026-01
5161,1696,Derek Anderson,108,,Mixer Grinder,Home Appliances,online,Chennai,2025-05-31,2,NetBanking,0.35,Der*****@yahoo.com,78******49,successful,,2025-05
5163,1125,Jeanne Suarez,102,70000.0,Phone,Elec,offline,Mumbai,2025-12-12,1,NetBanking,0.15,Jea*****@yahoo.com,64******12,successful,69999.85,2025-12
5164,1035,Erin Johnson,103,1300.0,Shirt,Cloth,offline,Hyderabad,2025-09-11,1,Cash,0.35,Eri*****@yahoo.com,82******32,successful,1299.65,2025-09
5165,1900,Norman Joseph,110,45000.0,Microwave,Home Appliances,online,Delhi,2025-12-29,3,Card,0.1,Nor*****@gmail.com,70******83,successful,134999.9,2025-12
5166,1530,Edward Murphy,109,65000.0,Refrigerator,Home,online,Hyderabad,2025-11-26,5,Card,0.1,Edw*****@gmail.com,82******65,successful,324999.9,2025-11
5167,1505,Edgar Jones,101,250000.0,Laptop,Electronics,online,Mumbai,2025-07-14,2,Cash,0.15,Edg*****@outlook.com,70******23,successful,499999.85,2025-07
5169,1884,Sandra Moore,103,1300.0,Shirt,Cloth,online,Delhi,2025-09-15,3,Cash,0.05,San*****@yahoo.com,79******23,successful,3899.95,2025-09
5170,1303,Dustin Carter,110,,Microwave,Home,offline,Delhi,2026-01-05,2,UPI,0.25,Dus*****@gmail.com,77******62,successful,,2026-01
5171,1293,James Crawford,110,,Microwave,Home Appliances,online,Hyderabad,2025-12-08,2,NetBanking,0.25,Jam*****@yahoo.com,83******88,successful,,2025-12
5172,1852,Henry Wyatt,102,70000.0,Phone,Electronics,online,Delhi,2025-09-10,5,NetBanking,0.2,Hen*****@gmail.com,66******90,successful,349999.8,2025-09
5173,1510,Corey Gibbs,107,50000.0,Dining Table,Furn,online,Bangalore,2025-11-02,4,UPI,0.05,Cor*****@gmail.com,74******97,successful,199999.95,2025-11
5174,1578,Alexander Peterson,110,45000.0,Microwave,Home Appliances,offline,Chennai,2025-09-22,3,Card,0.1,Ale*****@gmail.com,84******09,successful,134999.9,2025-09
5175,1941,Kenneth Wright,107,50000.0,Dining Table,Furniture,online,Hyderabad,2026-08-03,5,Card,0.15,Ken*****@outlook.com,66******73,successful,249999.85,2026-08
5176,1180,Chad Walsh,109,65000.0,Refrigerator,Home,online,Mumbai,2025-01-09,1,Cash,0.15,Cha*****@gmail.com,81******48,successful,64999.85,2025-01
5178,1977,Donna Ayers,109,,Refrigerator,Home Appliances,online,Hyderabad,2025-10-26,3,NetBanking,0.25,Don*****@yahoo.com,63******87,successful,,2025-10
5179,1992,David Gomez,101,250000.0,Laptop,Electronics,offline,Bangalore,2026-02-04,3,Card,0.05,Dav*****@gmail.com,85******55,successful,749999.95,2026-02
5182,1125,Jeanne Suarez,108,15000.0,Mixer Grinder,Home Appliances,online,Mumbai,2026-03-30,1,Cash,0.35,Jea*****@yahoo.com,64******12,successful,14999.65,2026-03
5183,1988,Roger Mcmillan,108,15000.0,Mixer Grinder,Home Appliances,offline,Chennai,2026-01-02,4,UPI,0.35,Rog*****@gmail.com,64******10,successful,59999.65,2026-01
5184,1872,Jennifer Hogan,105,45000.0,Tv,Elec,online,Bangalore,2026-02-24,1,UPI,0.15,Jen*****@gmail.com,81******64,successful,44999.85,2026-02
5186,1780,Christian Hammond,107,50000.0,Dining Table,Furniture,online,Bangalore,2025-07-25,5,NetBanking,0.15,Chr*****@outlook.com,97******88,successful,249999.85,2025-07
5187,1098,Betty Mcclain,109,65000.0,Refrigerator,Home Appliances,online,Bangalore,2025-09-26,2,Cash,0.2,Bet*****@gmail.com,85******21,successful,129999.8,2025-09
5188,1748,Misty Hensley,108,15000.0,Mixer Grinder,Home Appliances,offline,Delhi,2025-08-05,5,NetBanking,0.15,Mis*****@gmail.com,80******98,successful,74999.85,2025-08
5189,1846,Ronald West,106,80000.0,Sofa,Furniture,online,Delhi,2026-03-29,4,NetBanking,0.1,Ron*****@gmail.com,71******38,successful,319999.9,2026-03
5190,1247,Chad Lawson,106,80000.0,Sofa,Furniture,online,Chennai,2026-01-11,4,UPI,0.15,Cha*****@yahoo.com,80******74,successful,319999.85,2026-01
5191,1165,Alexis Wilson,107,50000.0,Dining Table,Furn,online,Delhi,2025-09-02,4,Cash,0.3,Ale*****@outlook.com,88******63,successful,199999.7,2025-09
5192,1472,Chad Barnes,104,8000.0,Shoes,Clothing,offline,Chennai,2026-05-03,3,Cash,0.2,Cha*****@outlook.com,74******07,successful,23999.8,2026-05
5193,1264,Lori Tucker,104,8000.0,Shoes,Clothing,online,Delhi,2025-06-23,1,Card,0.2,Lor*****@outlook.com,81******47,successful,7999.8,2025-06
5195,1962,Michael Simon,101,250000.0,Laptop,Electronics,online,Mumbai,2025-07-25,5,Cash,0.25,Mic*****@gmail.com,74******32,successful,1249999.75,2025-07
5197,1447,Michele Wright,108,15000.0,Mixer Grinder,Home Appliances,online,Bangalore,2025-05-02,1,Card,0.25,Mic*****@gmail.com,77******79,successful,14999.75,2025-05
5199,1777,Cynthia Hall,106,80000.0,Sofa,Furniture,online,Delhi,2025-10-22,1,Cash,0.1,Cyn*****@outlook.com,99******22,successful,79999.9,2025-10
5200,1171,William Orr,101,250000.0,Laptop,Elec,online,Bangalore,2025-07-27,3,UPI,0.2,Wil*****@gmail.com,93******79,successful,749999.8,2025-07
5201,1391,James Williams,103,1300.0,Shirt,Clothing,online,Hyderabad,2026-04-07,5,Card,0.4,Jam*****@outlook.com,98******81,successful,6499.6,2026-04
5202,1734,David Jackson,107,50000.0,Dining Table,Furniture,online,Hyderabad,2026-03-17,5,UPI,0.35,Dav*****@yahoo.com,62******58,successful,249999.65,2026-03
5203,1661,Amanda Huff,101,250000.0,Laptop,Electronics,online,Chennai,2025-09-06,3,Card,0.15,Ama*****@gmail.com,74******38,successful,749999.85,2025-09
5204,1482,Cody Oliver,107,50000.0,Dining Table,Furniture,online,Bangalore,2025-07-03,1,Cash,0.35,Cod*****@gmail.com,96******09,successful,49999.65,2025-07
5205,1816,Allison Young,104,8000.0,Shoes,Clothing,online,Mumbai,2025-09-05,4,Card,0.1,All*****@gmail.com,68******13,successful,31999.9,2025-09
5206,1720,Melissa Archer,104,8000.0,Shoes,Clothing,online,Mumbai,2026-07-01,4,NetBanking,0.25,Mel*****@gmail.com,72******05,successful,31999.75,2026-07
5207,1842,Andrew Thompson,110,45000.0,Microwave,Home Appliances,online,Mumbai,2026-04-01,5,Card,0.1,And*****@gmail.com,94******34,successful,224999.9,2026-04
5208,1137,Kelly Jackson,109,65000.0,Refrigerator,Home Appliances,offline,Bangalore,2025-06-13,3,UPI,0.1,Kel*****@outlook.com,97******18,successful,194999.9,2025-06
5213,1469,Dennis Perry,104,8000.0,Shoes,Cloth,offline,Mumbai,2025-05-28,5,UPI,0.05,Den*****@outlook.com,74******51,successful,39999.95,2025-05
5214,1460,Kenneth Dixon,108,15000.0,Mixer Grinder,Home Appliances,offline,Chennai,2025-07-21,5,NetBanking,0.2,Ken*****@gmail.com,78******43,successful,74999.8,2025-07
5215,1751,Jasmin Terry,110,45000.0,Microwave,Home Appliances,offline,Hyderabad,2026-02-02,3,Card,0.3,Jas*****@gmail.com,64******65,successful,134999.7,2026-02
5217,1140,Jessica Underwood,110,45000.0,Microwave,Home Appliances,online,Chennai,2026-10-01,5,Cash,0.3,Jes*****@yahoo.com,91******86,successful,224999.7,2026-10
5220,1157,Regina Bradford,105,45000.0,Tv,Electronics,online,Chennai,2025-09-29,4,Card,0.35,Reg*****@gmail.com,85******50,successful,179999.65,2025-09
5221,1592,Stephanie Buchanan,105,45000.0,Tv,Elec,offline,Chennai,2025-10-02,3,Cash,0.3,Ste*****@outlook.com,95******68,successful,134999.7,2025-10
5222,1414,Kathleen Dickson,109,65000.0,Refrigerator,Home,offline,Hyderabad,2026-10-01,5,Card,0.3,Kat*****@gmail.com,89******15,successful,324999.7,2026-10
5223,1053,Steve Mitchell,110,45000.0,Microwave,Home,online,Chennai,2025-08-20,4,Cash,0.25,Ste*****@outlook.com,90******06,successful,179999.75,2025-08
5224,1301,Sandra Palmer,110,45000.0,Microwave,Home Appliances,online,Mumbai,2025-10-23,5,UPI,0.2,San*****@gmail.com,69******53,successful,224999.8,2025-10
5225,1233,Heather Reilly,103,1300.0,Shirt,Clothing,offline,Bangalore,2025-05-08,1,NetBanking,0.35,Hea*****@gmail.com,95******68,successful,1299.65,2025-05
5226,1846,Ronald West,104,8000.0,Shoes,Clothing,offline,Delhi,2025-08-26,4,Cash,0.4,Ron*****@gmail.com,71******38,successful,31999.6,2025-08
5227,1544,Robert Moore,104,8000.0,Shoes,Clothing,offline,Bangalore,2025-08-12,1,Card,0.3,Rob*****@gmail.com,90******87,successful,7999.7,2025-08
5228,1703,Elizabeth Richards,107,50000.0,Dining Table,Furn,online,Bangalore,2026-02-02,4,NetBanking,0.2,Eli*****@gmail.com,71******57,successful,199999.8,2026-02
5229,1619,Jon Perry,108,15000.0,Mixer Grinder,Home Appliances,offline,Chennai,2026-12-01,2,UPI,0.1,Jon*****@yahoo.com,76******02,successful,29999.9,2026-12
5230,1027,Joseph Hunt,102,70000.0,Phone,Elec,online,Mumbai,2025-07-28,3,UPI,0.1,Jos*****@outlook.com,79******16,successful,209999.9,2025-07
5231,1218,Lindsey Gallegos,110,,Microwave,Home Appliances,offline,Hyderabad,2025-09-08,2,Cash,0.3,Lin*****@gmail.com,61******99,successful,,2025-09
5232,1912,Mario Cannon,103,1300.0,Shirt,Clothing,online,Bangalore,2025-12-18,1,UPI,0.25,Mar*****@outlook.com,84******71,successful,1299.75,2025-12
5233,1931,Amy Mccall,101,250000.0,Laptop,Electronics,online,Bangalore,2026-01-08,4,UPI,0.1,Amy*****@gmail.com,75******53,successful,999999.9,2026-01
5235,1872,Jennifer Hogan,110,45000.0,Microwave,Home Appliances,online,Bangalore,2026-01-26,4,NetBanking,0.2,Jen*****@gmail.com,81******64,successful,179999.8,2026-01
5236,1687,Jason Perry,104,8000.0,Shoes,Clothing,online,Chennai,2025-09-13,3,Card,0.2,Jas*****@gmail.com,82******57,successful,23999.8,2025-09
5237,1710,Dale Black,105,45000.0,Tv,Elec,offline,Chennai,2026-01-05,1,Cash,0.15,Dal*****@yahoo.com,83******80,successful,44999.85,2026-01
5238,1942,Susan Dean,104,8000.0,Shoes,Cloth,offline,Chennai,2025-10-16,4,UPI,0.35,Sus*****@gmail.com,94******64,successful,31999.65,2025-10
5239,1709,Savannah Lee,104,8000.0,Shoes,Clothing,offline,Bangalore,2025-08-11,3,Card,0.4,Sav*****@outlook.com,66******08,successful,23999.6,2025-08
5240,1990,Regina Coleman,106,,Sofa,Furniture,offline,Mumbai,2025-04-24,4,NetBanking,0.05,Reg*****@gmail.com,81******04,successful,,2025-04
5241,1220,Andrew Pena,109,,Refrigerator,Home Appliances,offline,Mumbai,2026-01-12,3,Card,0.05,And*****@gmail.com,72******15,successful,,2026-01
5242,1385,Christina Bates,105,45000.0,Tv,Electronics,offline,Hyderabad,2026-04-12,1,NetBanking,0.2,Chr*****@gmail.com,92******78,successful,44999.8,2026-04
5243,1455,Jason Taylor,105,45000.0,Tv,Electronics,offline,Mumbai,2025-10-24,5,UPI,0.1,Jas*****@outlook.com,84******42,successful,224999.9,2025-10
5244,1916,Amber Foster,101,,Laptop,Elec,online,Chennai,2025-07-02,4,Card,0.35,Amb*****@gmail.com,75******39,successful,,2025-07
5245,1623,William Edwards,102,70000.0,Phone,Elec,offline,Mumbai,2025-08-08,5,Card,0.3,Wil*****@gmail.com,71******09,successful,349999.7,2025-08
5246,1980,Edgar Palmer,103,1300.0,Shirt,Clothing,offline,Mumbai,2025-11-07,4,Card,0.3,Edg*****@gmail.com,60******63,successful,5199.7,2025-11
5248,1917,Bruce Dodson,107,50000.0,Dining Table,Furniture,online,Delhi,2025-07-28,2,UPI,0.3,Bru*****@yahoo.com,70******10,successful,99999.7,2025-07
5249,1620,Craig Jacobs,109,65000.0,Refrigerator,Home Appliances,online,Bangalore,2026-01-02,2,Cash,0.3,Cra*****@gmail.com,62******01,successful,129999.7,2026-01
5250,1412,Caitlyn Reyes,101,250000.0,Laptop,Elec,offline,Bangalore,2025-04-30,4,Cash,0.15,Cai*****@gmail.com,64******93,successful,999999.85,2025-04
5251,1267,Thomas Crawford,107,50000.0,Dining Table,Furn,online,Bangalore,2025-12-08,1,Card,0.15,Tho*****@gmail.com,83******50,successful,49999.85,2025-12
5252,1941,Kenneth Wright,105,45000.0,Tv,Electronics,offline,Hyderabad,2026-02-01,2,NetBanking,0.1,Ken*****@outlook.com,66******73,successful,89999.9,2026-02
5255,1937,Manuel King,104,8000.0,Shoes,Clothing,offline,Hyderabad,2025-07-21,5,Cash,0.35,Man*****@gmail.com,96******68,successful,39999.65,2025-07
5256,1687,Jason Perry,109,65000.0,Refrigerator,Home,online,Chennai,2025-01-08,5,UPI,0.05,Jas*****@gmail.com,82******57,successful,324999.95,2025-01
5257,1085,Jennifer Taylor,110,45000.0,Microwave,Home Appliances,offline,Delhi,2025-07-08,5,Card,0.2,Jen*****@outlook.com,73******85,successful,224999.8,2025-07
5258,1055,Brandon Ritter,108,15000.0,Mixer Grinder,Home Appliances,online,Delhi,2025-10-05,1,UPI,0.25,Bra*****@gmail.com,61******14,successful,14999.75,2025-10
5261,1349,Jessica Hall,107,50000.0,Dining Table,Furniture,offline,Delhi,2025-08-11,5,Card,0.2,Jes*****@gmail.com,90******81,successful,249999.8,2025-08
5263,1211,David Kelly,109,65000.0,Refrigerator,Home Appliances,offline,Chennai,2025-06-10,4,NetBanking,0.25,Dav*****@gmail.com,76******28,successful,259999.75,2025-06
5264,1309,Jonathan Turner,101,,Laptop,Electronics,online,Hyderabad,2026-03-30,5,Card,0.25,Jon*****@outlook.com,92******06,successful,,2026-03
5265,1893,Michael Gibbs,101,250000.0,Laptop,Electronics,offline,Delhi,2025-09-02,3,Card,0.15,Mic*****@outlook.com,65******15,successful,749999.85,2025-09
5266,1778,Joseph Tucker,102,70000.0,Phone,Electronics,offline,Hyderabad,2025-08-17,5,Cash,0.1,Jos*****@gmail.com,79******67,successful,349999.9,2025-08
5268,1817,Debra Jenkins,104,8000.0,Shoes,Cloth,offline,Chennai,2026-03-18,4,Cash,0.05,Deb*****@outlook.com,63******18,successful,31999.95,2026-03
5269,1013,Timothy Butler,107,50000.0,Dining Table,Furniture,offline,Bangalore,2025-09-22,1,Cash,0.05,Tim*****@gmail.com,81******25,successful,49999.95,2025-09
5270,1989,Jeremy Kelley,108,15000.0,Mixer Grinder,Home Appliances,offline,Bangalore,2025-04-26,2,NetBanking,0.25,Jer*****@gmail.com,94******37,successful,29999.75,2025-04
5272,1293,James Crawford,104,8000.0,Shoes,Clothing,online,Hyderabad,2025-08-28,2,NetBanking,0.1,Jam*****@yahoo.com,83******88,successful,15999.9,2025-08
5273,1343,Michael Smith,107,50000.0,Dining Table,Furniture,offline,Bangalore,2025-05-15,3,NetBanking,0.4,Mic*****@gmail.com,72******68,successful,149999.6,2025-05
5274,1093,Anthony Wood,105,45000.0,Tv,Electronics,offline,Bangalore,2025-08-23,2,Card,0.05,Ant*****@gmail.com,64******84,successful,89999.95,2025-08
5277,1941,Kenneth Wright,107,50000.0,Dining Table,Furniture,offline,Hyderabad,2026-03-23,5,Cash,0.05,Ken*****@outlook.com,66******73,successful,249999.95,2026-03
5278,1584,Megan Cruz,102,70000.0,Phone,Electronics,offline,Mumbai,2025-06-14,1,Card,0.15,Meg*****@yahoo.com,69******64,successful,69999.85,2025-06
5279,1265,Jane Hines,110,,Microwave,Home,offline,Chennai,2026-02-04,4,UPI,0.05,Jan*****@outlook.com,82******07,successful,,2026-02
5280,1678,Joshua Faulkner,103,,Shirt,Clothing,online,Chennai,2025-11-21,4,NetBanking,0.1,Jos*****@gmail.com,89******35,successful,,2025-11
5281,1453,Tanner Smith,102,70000.0,Phone,Elec,offline,Mumbai,2025-07-22,1,Cash,0.3,Tan*****@outlook.com,79******25,successful,69999.7,2025-07
5282,1518,Janet Norman,105,45000.0,Tv,Elec,online,Hyderabad,2026-03-21,1,NetBanking,0.35,Jan*****@outlook.com,66******39,successful,44999.65,2026-03
5283,1196,Ashley Ortiz,110,45000.0,Microwave,Home Appliances,offline,Bangalore,2025-12-10,4,NetBanking,0.05,Ash*****@gmail.com,94******93,successful,179999.95,2025-12
5284,1881,David Stevens,108,15000.0,Mixer Grinder,Home,offline,Mumbai,2026-04-02,2,Card,0.3,Dav*****@yahoo.com,81******76,successful,29999.7,2026-04
5285,1534,Matthew Harrington,108,15000.0,Mixer Grinder,Home Appliances,offline,Delhi,2025-07-05,2,UPI,0.1,Mat*****@yahoo.com,76******86,successful,29999.9,2025-07
5286,1781,Michael Knox,101,250000.0,Laptop,Elec,online,Bangalore,2025-05-18,5,Cash,0.2,Mic*****@gmail.com,87******18,successful,1249999.8,2025-05
5287,1176,Mallory Hernandez,106,80000.0,Sofa,Furn,offline,Chennai,2025-10-09,5,UPI,0.2,Mal*****@gmail.com,73******19,successful,399999.8,2025-10
5288,1200,Natalie Peters,108,15000.0,Mixer Grinder,Home,online,Mumbai,2025-06-09,3,UPI,0.1,Nat*****@outlook.com,92******64,successful,44999.9,2025-06
5289,1526,Joseph Farmer,103,1300.0,Shirt,Clothing,offline,Bangalore,2025-09-18,1,UPI,0.1,Jos*****@gmail.com,71******08,successful,1299.9,2025-09
5290,1902,Sandra Buck,104,8000.0,Shoes,Clothing,offline,Chennai,2025-12-02,2,Card,0.4,San*****@yahoo.com,84******65,successful,15999.6,2025-12
5291,1525,Norman Stout,107,50000.0,Dining Table,Furniture,online,Bangalore,2025-09-07,3,UPI,0.25,Nor*****@yahoo.com,92******91,successful,149999.75,2025-09
5292,1363,Seth Everett,107,50000.0,Dining Table,Furniture,offline,Mumbai,2025-05-13,4,Cash,0.35,Set*****@gmail.com,83******39,successful,199999.65,2025-05
5293,1932,Eric Mitchell,105,45000.0,Tv,Electronics,online,Hyderabad,2025-12-21,3,Card,0.05,Eri*****@gmail.com,73******00,successful,134999.95,2025-12
5294,1834,David Thomas,106,80000.0,Sofa,Furniture,offline,Mumbai,2025-12-02,2,UPI,0.1,Dav*****@yahoo.com,66******27,successful,159999.9,2025-12
5295,1794,Diana Anderson,107,50000.0,Dining Table,Furniture,online,Delhi,2026-02-21,4,Card,0.15,Dia*****@outlook.com,70******94,successful,199999.85,2026-02
5296,1524,Emily Davidson,107,50000.0,Dining Table,Furn,online,Chennai,2026-01-21,1,Card,0.35,Emi*****@yahoo.com,76******96,successful,49999.65,2026-01
5297,1979,Raymond Mckinney,102,70000.0,Phone,Elec,offline,Mumbai,2026-03-07,5,NetBanking,0.05,Ray*****@yahoo.com,60******84,successful,349999.95,2026-03
5298,1604,Melissa Mcpherson,108,15000.0,Mixer Grinder,Home Appliances,online,Delhi,2025-11-14,5,Card,0.05,Mel*****@yahoo.com,77******81,successful,74999.95,2025-11
5299,1914,Miranda Sanchez,101,250000.0,Laptop,Electronics,online,Chennai,2025-02-07,2,NetBanking,0.35,Mir*****@gmail.com,78******77,successful,499999.65,2025-02
5300,1438,Paul Webster,108,15000.0,Mixer Grinder,Home Appliances,offline,Bangalore,2025-09-04,2,Cash,0.15,Pau*****@gmail.com,98******43,successful,29999.85,2025-09
5303,1932,Eric Mitchell,108,15000.0,Mixer Grinder,Home,online,Hyderabad,2025-06-11,2,UPI,0.25,Eri*****@gmail.com,73******00,successful,29999.75,2025-06
5305,1960,Jacob Williams,107,50000.0,Dining Table,Furniture,online,Bangalore,2026-01-24,3,NetBanking,0.3,Jac*****@gmail.com,83******43,successful,149999.7,2026-01
5307,1568,Lori Obrien,108,15000.0,Mixer Grinder,Home,online,Mumbai,2025-06-11,1,NetBanking,0.2,Lor*****@gmail.com,75******70,successful,14999.8,2025-06
5310,1154,Tammy Mitchell,103,1300.0,Shirt,Clothing,offline,Chennai,2026-04-02,3,NetBanking,0.4,Tam*****@outlook.com,64******10,successful,3899.6,2026-04
5311,1961,Teresa Dalton,110,45000.0,Microwave,Home,offline,Hyderabad,2025-07-09,5,Cash,0.35,Ter*****@outlook.com,89******50,successful,224999.65,2025-07
5312,1915,Benjamin Perez,105,45000.0,Tv,Elec,offline,Delhi,2025-08-13,4,NetBanking,0.35,Ben*****@outlook.com,97******35,successful,179999.65,2025-08
5315,1854,Randy Hayes,110,45000.0,Microwave,Home Appliances,offline,Delhi,2025-07-02,5,NetBanking,0.35,Ran*****@outlook.com,85******75,successful,224999.65,2025-07
5317,1827,Monique Lee,105,45000.0,Tv,Electronics,offline,Delhi,2025-12-30,5,Card,0.2,Mon*****@gmail.com,97******44,successful,224999.8,2025-12
5318,1346,Eric Romero,105,45000.0,Tv,Elec,offline,Hyderabad,2026-03-04,1,Cash,0.25,Eri*****@gmail.com,64******95,successful,44999.75,2026-03
5319,1741,Sandra Morales,103,1300.0,Shirt,Clothing,online,Hyderabad,2025-06-14,5,Card,0.15,San*****@gmail.com,94******60,successful,6499.85,2025-06
5320,1921,Randy Thomas,101,250000.0,Laptop,Electronics,offline,Delhi,2026-03-26,1,UPI,0.25,Ran*****@gmail.com,65******74,successful,249999.75,2026-03
5321,1476,Jessica Wilson,108,15000.0,Mixer Grinder,Home Appliances,online,Chennai,2025-08-24,1,UPI,0.3,Jes*****@outlook.com,94******37,successful,14999.7,2025-08
5323,1984,Adam Davis,108,15000.0,Mixer Grinder,Home Appliances,online,Mumbai,2025-06-18,4,Cash,0.1,Ada*****@gmail.com,86******51,successful,59999.9,2025-06
5324,1872,Jennifer Hogan,105,45000.0,Tv,Electronics,offline,Bangalore,2025-07-06,4,Card,0.05,Jen*****@gmail.com,81******64,successful,179999.95,2025-07
5325,1028,Katie Robbins,107,,Dining Table,Furniture,online,Hyderabad,2025-05-08,4,Card,0.05,Kat*****@yahoo.com,93******02,successful,,2025-05
5327,1240,Mark Reyes,109,65000.0,Refrigerator,Home,offline,Bangalore,2025-07-07,3,UPI,0.25,Mar*****@yahoo.com,84******66,successful,194999.75,2025-07
5328,1513,Nathan King,102,70000.0,Phone,Electronics,online,Hyderabad,2025-09-02,4,UPI,0.15,Nat*****@gmail.com,98******27,successful,279999.85,2025-09
5329,1343,Michael Smith,105,45000.0,Tv,Elec,online,Bangalore,2025-06-17,2,Cash,0.4,Mic*****@gmail.com,72******68,successful,89999.6,2025-06
5330,1085,Jennifer Taylor,103,1300.0,Shirt,Cloth,online,Delhi,2025-08-02,4,Card,0.2,Jen*****@outlook.com,73******85,successful,5199.8,2025-08
5331,1473,Ashley Dawson,106,80000.0,Sofa,Furniture,offline,Delhi,2025-11-27,3,Card,0.3,Ash*****@gmail.com,76******09,successful,239999.7,2025-11
5332,1679,Patricia White,108,15000.0,Mixer Grinder,Home Appliances,online,Mumbai,2025-06-12,5,UPI,0.05,Pat*****@gmail.com,99******06,successful,74999.95,2025-06
5333,1374,Anthony Kelley,101,250000.0,Laptop,Elec,online,Hyderabad,2026-02-23,5,Card,0.2,Ant*****@gmail.com,99******08,successful,1249999.8,2026-02
5334,1696,Derek Anderson,104,8000.0,Shoes,Clothing,offline,Chennai,2026-04-08,3,Cash,0.35,Der*****@yahoo.com,78******49,successful,23999.65,2026-04
5337,1256,Brooke Miller,104,,Shoes,Cloth,online,Bangalore,2025-09-20,4,Card,0.3,Bro*****@yahoo.com,73******47,successful,,2025-09
5338,1665,Michael Weaver,101,250000.0,Laptop,Electronics,offline,Bangalore,2026-01-20,4,UPI,0.4,Mic*****@gmail.com,78******12,successful,999999.6,2026-01
5339,1968,Bill Wong,109,65000.0,Refrigerator,Home,offline,Hyderabad,2026-06-04,5,NetBanking,0.1,Bil*****@gmail.com,89******95,successful,324999.9,2026-06
5340,1956,Pamela Fernandez,104,8000.0,Shoes,Clothing,online,Hyderabad,2025-08-12,1,UPI,0.2,Pam*****@outlook.com,83******69,successful,7999.8,2025-08
5341,1175,Justin Friedman,101,250000.0,Laptop,Electronics,offline,Chennai,2025-12-27,3,Cash,0.2,Jus*****@gmail.com,80******95,successful,749999.8,2025-12
5342,1422,Holly Rivera,102,70000.0,Phone,Elec,offline,Bangalore,2026-03-17,4,NetBanking,0.25,Hol*****@outlook.com,70******59,successful,279999.75,2026-03
5343,1732,Heather Ward,104,8000.0,Shoes,Cloth,offline,Mumbai,2025-07-14,5,Card,0.15,Hea*****@yahoo.com,97******74,successful,39999.85,2025-07
5345,1785,Mikayla Joyce,102,70000.0,Phone,Electronics,offline,Chennai,2025-01-12,3,UPI,0.15,Mik*****@gmail.com,60******38,successful,209999.85,2025-01
5346,1779,Vanessa Maxwell,101,250000.0,Laptop,Electronics,online,Bangalore,2025-08-26,5,Card,0.25,Van*****@gmail.com,75******67,successful,1249999.75,2025-08
5349,1335,James Lewis,105,45000.0,Tv,Elec,online,Delhi,2026-03-24,1,Cash,0.1,Jam*****@yahoo.com,70******40,successful,44999.9,2026-03
5350,1014,Nicholas Stephens,103,1300.0,Shirt,Clothing,offline,Delhi,2025-06-14,1,Card,0.25,Nic*****@gmail.com,75******71,successful,1299.75,2025-06
5351,1378,Joyce Simmons,107,50000.0,Dining Table,Furniture,offline,Hyderabad,2026-01-10,4,UPI,0.3,Joy*****@yahoo.com,78******49,successful,199999.7,2026-01
5353,1213,David Davis,108,15000.0,Mixer Grinder,Home,online,Delhi,2025-05-10,3,Cash,0.1,Dav*****@gmail.com,75******49,successful,44999.9,2025-05
5354,1434,Ryan Vaughn,105,45000.0,Tv,Electronics,online,Chennai,2026-03-09,4,UPI,0.3,Rya*****@gmail.com,72******50,successful,179999.7,2026-03
5355,1977,Donna Ayers,103,1300.0,Shirt,Cloth,offline,Hyderabad,2025-05-02,2,UPI,0.35,Don*****@yahoo.com,63******87,successful,2599.65,2025-05
5356,1519,Rebecca Contreras,110,45000.0,Microwave,Home Appliances,online,Bangalore,2026-01-06,1,Card,0.2,Reb*****@outlook.com,72******36,successful,44999.8,2026-01
5358,1186,Paul Morris,107,50000.0,Dining Table,Furniture,online,Delhi,2025-10-06,3,UPI,0.2,Pau*****@gmail.com,80******05,successful,149999.8,2025-10
5360,1008,James Barnes,108,15000.0,Mixer Grinder,Home Appliances,offline,Mumbai,2025-11-04,1,NetBanking,0.3,Jam*****@gmail.com,64******07,successful,14999.7,2025-11
5361,1024,Adrian Bruce,109,65000.0,Refrigerator,Home,online,Bangalore,2025-06-20,2,Card,0.2,Adr*****@gmail.com,79******37,successful,129999.8,2025-06
5362,1282,Nicole Bennett,105,45000.0,Tv,Electronics,offline,Delhi,2025-07-12,2,NetBanking,0.15,Nic*****@gmail.com,72******85,successful,89999.85,2025-07
5363,1355,Daniel Ward,106,80000.0,Sofa,Furn,offline,Mumbai,2026-02-26,2,Cash,0.05,Dan*****@gmail.com,82******38,successful,159999.95,2026-02
5365,1869,Jeffrey Moore,106,80000.0,Sofa,Furniture,offline,Chennai,2026-01-10,1,UPI,0.2,Jef*****@gmail.com,61******10,successful,79999.8,2026-01
5366,1159,Steven Jackson,101,250000.0,Laptop,Electronics,online,Chennai,2025-08-07,2,Card,0.1,Ste*****@outlook.com,71******33,successful,499999.9,2025-08
5367,1863,Savannah Richards,101,250000.0,Laptop,Electronics,online,Bangalore,2026-03-31,1,NetBanking,0.35,Sav*****@yahoo.com,80******80,successful,249999.65,2026-03
5368,1253,Dawn Ward,108,15000.0,Mixer Grinder,Home,online,Mumbai,2025-10-09,4,Card,0.2,Daw*****@gmail.com,62******67,successful,59999.8,2025-10
5369,1513,Nathan King,104,,Shoes,Cloth,offline,Hyderabad,2025-05-30,3,Cash,0.25,Nat*****@gmail.com,98******27,successful,,2025-05
5370,1362,John Sharp,107,50000.0,Dining Table,Furniture,offline,Bangalore,2025-10-22,4,Cash,0.1,Joh*****@gmail.com,96******85,successful,199999.9,2025-10
5371,1586,Kristen Lawrence,101,250000.0,Laptop,Elec,offline,Hyderabad,2026-07-01,3,Cash,0.1,Kri*****@gmail.com,75******47,successful,749999.9,2026-07
5372,1950,Steven Patel,109,65000.0,Refrigerator,Home Appliances,offline,Chennai,2026-06-01,4,Cash,0.1,Ste*****@gmail.com,91******95,successful,259999.9,2026-06
5373,1702,Steven Atkinson,109,65000.0,Refrigerator,Home Appliances,online,Hyderabad,2025-09-18,4,Cash,0.25,Ste*****@gmail.com,81******36,successful,259999.75,2025-09
5374,1193,Eugene Carroll,108,,Mixer Grinder,Home Appliances,offline,Hyderabad,2025-09-06,4,Cash,0.15,Eug*****@gmail.com,71******29,successful,,2025-09
5375,1621,Stacy Ramirez,109,65000.0,Refrigerator,Home,online,Bangalore,2026-01-13,4,Cash,0.35,Sta*****@gmail.com,65******92,successful,259999.65,2026-01
5376,1662,Matthew Brown,105,45000.0,Tv,Electronics,online,Mumbai,2026-02-12,2,UPI,0.4,Mat*****@gmail.com,76******09,successful,89999.6,2026-02
5377,1330,Deanna Cannon,104,,Shoes,Clothing,offline,Hyderabad,2025-12-20,4,Card,0.25,Dea*****@outlook.com,85******46,successful,,2025-12
5378,1609,Brian Johnson,107,,Dining Table,Furniture,offline,Chennai,2025-07-01,4,Cash,0.15,Bri*****@gmail.com,95******76,successful,,2025-07
5379,1416,Lance Lindsey,109,65000.0,Refrigerator,Home,online,Delhi,2025-10-25,2,NetBanking,0.05,Lan*****@yahoo.com,86******59,successful,129999.95,2025-10
5380,1928,Bryan Gentry,109,65000.0,Refrigerator,Home Appliances,offline,Delhi,2025-07-11,2,Card,0.2,Bry*****@outlook.com,63******33,successful,129999.8,2025-07
5381,1840,Kelly Chang,106,80000.0,Sofa,Furniture,online,Hyderabad,2025-12-27,1,Cash,0.3,Kel*****@yahoo.com,85******24,successful,79999.7,2025-12
5382,1236,Jason Powell,108,,Mixer Grinder,Home,online,Mumbai,2026-01-10,5,Card,0.3,Jas*****@yahoo.com,68******14,successful,,2026-01
5383,1449,Alan Keith,107,50000.0,Dining Table,Furniture,offline,Delhi,2025-11-07,2,UPI,0.15,Ala*****@gmail.com,91******05,successful,99999.85,2025-11
5384,1058,Edward Campbell,109,65000.0,Refrigerator,Home Appliances,offline,Bangalore,2025-07-14,5,UPI,0.25,Edw*****@outlook.com,66******86,successful,324999.75,2025-07
5385,1105,Michael Carlson,105,45000.0,Tv,Electronics,offline,Hyderabad,2025-07-11,4,Card,0.35,Mic*****@gmail.com,66******05,successful,179999.65,2025-07
5387,1594,Mike Chase,110,45000.0,Microwave,Home Appliances,online,Mumbai,2026-01-09,3,Card,0.25,Mik*****@gmail.com,82******67,successful,134999.75,2026-01
5388,1233,Heather Reilly,106,80000.0,Sofa,Furn,offline,Bangalore,2025-11-07,5,Cash,0.4,Hea*****@gmail.com,95******68,successful,399999.6,2025-11
5389,1519,Rebecca Contreras,104,8000.0,Shoes,Clothing,online,Bangalore,2025-12-21,1,NetBanking,0.3,Reb*****@outlook.com,72******36,successful,7999.7,2025-12
5390,1147,Kimberly Martin,107,50000.0,Dining Table,Furn,offline,Delhi,2025-06-06,3,Cash,0.1,Kim*****@gmail.com,68******66,successful,149999.9,2025-06
5393,1578,Alexander Peterson,102,70000.0,Phone,Electronics,offline,Chennai,2026-03-05,2,UPI,0.15,Ale*****@gmail.com,84******09,successful,139999.85,2026-03
5395,1099,Mike Sanders,102,70000.0,Phone,Electronics,online,Mumbai,2026-03-05,1,Card,0.25,Mik*****@gmail.com,86******33,successful,69999.75,2026-03
5396,1358,Laura Parks,102,70000.0,Phone,Elec,offline,Chennai,2025-09-12,4,Cash,0.1,Lau*****@outlook.com,93******53,successful,279999.9,2025-09
5397,1199,Richard Davis,102,70000.0,Phone,Electronics,online,Hyderabad,2025-11-26,5,Card,0.25,Ric*****@outlook.com,75******58,successful,349999.75,2025-11
5398,1025,Michael Young,108,15000.0,Mixer Grinder,Home Appliances,online,Mumbai,2025-06-13,4,Cash,0.1,Mic*****@gmail.com,65******90,successful,59999.9,2025-06
5400,1814,Lynn Perkins,107,50000.0,Dining Table,Furniture,online,Bangalore,2026-03-08,3,UPI,0.3,Lyn*****@gmail.com,74******38,successful,149999.7,2026-03
5401,1944,Jodi Gray,108,15000.0,Mixer Grinder,Home Appliances,offline,Chennai,2026-04-11,5,Card,0.2,Jod*****@gmail.com,65******36,successful,74999.8,2026-04
5402,1251,Edward Rangel,109,,Refrigerator,Home Appliances,online,Mumbai,2026-09-04,1,Cash,0.25,Edw*****@gmail.com,89******39,successful,,2026-09
5403,1212,Mark Sherman,106,80000.0,Sofa,Furniture,offline,Chennai,2025-10-27,1,Card,0.2,Mar*****@gmail.com,80******18,successful,79999.8,2025-10
5404,1155,James Jones,101,250000.0,Laptop,Electronics,online,Mumbai,2025-09-26,4,Cash,0.25,Jam*****@yahoo.com,63******86,successful,999999.75,2025-09
5406,1134,Jennifer Williams,108,,Mixer Grinder,Home,offline,Mumbai,2026-03-22,5,Card,0.15,Jen*****@yahoo.com,89******26,successful,,2026-03
5408,1790,Max Guzman,105,45000.0,Tv,Electronics,offline,Mumbai,2025-07-09,3,NetBanking,0.4,Max*****@yahoo.com,60******12,successful,134999.6,2025-07
5410,1321,Daniel Taylor,105,45000.0,Tv,Electronics,offline,Hyderabad,2025-09-26,1,Card,0.2,Dan*****@gmail.com,69******62,successful,44999.8,2025-09
5412,1090,Richard Walker,104,8000.0,Shoes,Cloth,online,Chennai,2025-05-01,3,Card,0.25,Ric*****@outlook.com,77******58,successful,23999.75,2025-05
5414,1884,Sandra Moore,108,15000.0,Mixer Grinder,Home Appliances,offline,Delhi,2025-09-27,4,UPI,0.05,San*****@yahoo.com,79******23,successful,59999.95,2025-09
5415,1158,Bryan Cunningham,102,70000.0,Phone,Electronics,online,Chennai,2025-11-20,2,Card,0.1,Bry*****@yahoo.com,87******78,successful,139999.9,2025-11
5416,1307,George Hall,103,1300.0,Shirt,Clothing,online,Bangalore,2025-04-07,5,NetBanking,0.3,Geo*****@outlook.com,63******07,successful,6499.7,2025-04
5417,1592,Stephanie Buchanan,104,8000.0,Shoes,Cloth,offline,Chennai,2025-05-09,5,NetBanking,0.4,Ste*****@outlook.com,95******68,successful,39999.6,2025-05
5419,1967,Elizabeth Good,108,15000.0,Mixer Grinder,Home Appliances,offline,Delhi,2026-04-03,2,NetBanking,0.15,Eli*****@gmail.com,75******06,successful,29999.85,2026-04
5420,1191,Jeremy Werner,106,80000.0,Sofa,Furn,offline,Bangalore,2025-05-06,4,Cash,0.15,Jer*****@outlook.com,70******55,successful,319999.85,2025-05
5421,1714,Trevor Jones,103,1300.0,Shirt,Cloth,offline,Delhi,2026-01-05,2,Cash,0.4,Tre*****@gmail.com,81******72,successful,2599.6,2026-01
5422,1041,Rachel Steele,103,,Shirt,Cloth,online,Chennai,2025-12-14,4,UPI,0.05,Rac*****@outlook.com,74******20,successful,,2025-12
5423,1239,Eric Brown,104,8000.0,Shoes,Cloth,offline,Mumbai,2026-03-02,3,Cash,0.2,Eri*****@gmail.com,92******45,successful,23999.8,2026-03
5424,1080,Randy Hoffman,108,15000.0,Mixer Grinder,Home Appliances,offline,Bangalore,2025-06-01,5,Cash,0.4,Ran*****@gmail.com,89******74,successful,74999.6,2025-06
5425,1624,Krista Miller,103,1300.0,Shirt,Cloth,offline,Chennai,2026-01-15,4,Card,0.4,Kri*****@outlook.com,66******50,successful,5199.6,2026-01
5426,1346,Eric Romero,106,80000.0,Sofa,Furniture,online,Hyderabad,2026-03-18,2,Cash,0.25,Eri*****@gmail.com,64******95,successful,159999.75,2026-03
5427,1051,Heidi Haynes,104,8000.0,Shoes,Cloth,offline,Delhi,2025-06-01,5,Card,0.2,Hei*****@yahoo.com,81******74,successful,39999.8,2025-06
5428,1566,Brittney Klein,106,80000.0,Sofa,Furniture,offline,Bangalore,2025-05-11,1,Card,0.3,Bri*****@gmail.com,84******54,successful,79999.7,2025-05
5429,1210,Molly Stewart,109,65000.0,Refrigerator,Home,online,Bangalore,2025-06-08,2,NetBanking,0.15,Mol*****@yahoo.com,62******12,successful,129999.85,2025-06
5430,1680,Peter Perez,108,15000.0,Mixer Grinder,Home Appliances,offline,Delhi,2025-04-23,4,Cash,0.05,Pet*****@yahoo.com,79******23,successful,59999.95,2025-04
5431,1589,Kimberly Navarro,104,8000.0,Shoes,Clothing,offline,Mumbai,2025-04-30,5,Cash,0.25,Kim*****@outlook.com,88******71,successful,39999.75,2025-04
5432,1163,Adriana Saunders,102,70000.0,Phone,Elec,offline,Mumbai,2025-06-08,4,UPI,0.1,Adr*****@outlook.com,80******02,successful,279999.9,2025-06
5433,1412,Caitlyn Reyes,106,80000.0,Sofa,Furniture,online,Bangalore,2025-08-28,1,Cash,0.2,Cai*****@gmail.com,64******93,successful,79999.8,2025-08
5434,1898,Thomas Levy,102,70000.0,Phone,Electronics,online,Chennai,2026-03-05,4,Card,0.4,Tho*****@gmail.com,61******13,successful,279999.6,2026-03
5435,1757,James Williams,110,45000.0,Microwave,Home,offline,Chennai,2025-11-16,5,UPI,0.15,Jam*****@yahoo.com,65******59,successful,224999.85,2025-11
5436,1149,Michael Levine,108,15000.0,Mixer Grinder,Home Appliances,offline,Hyderabad,2025-06-29,4,Card,0.4,Mic*****@yahoo.com,71******03,successful,59999.6,2025-06
5438,1107,Matthew Gonzalez,105,45000.0,Tv,Electronics,offline,Bangalore,2025-06-14,1,UPI,0.4,Mat*****@yahoo.com,73******94,successful,44999.6,2025-06
5439,1002,John Martin,106,80000.0,Sofa,Furn,offline,Mumbai,2025-10-27,2,Card,0.35,Joh*****@gmail.com,67******28,successful,159999.65,2025-10
5440,1708,Lori Bell,104,8000.0,Shoes,Clothing,offline,Chennai,2026-03-20,4,NetBanking,0.35,Lor*****@outlook.com,90******47,successful,31999.65,2026-03
5442,1005,Elizabeth Contreras,102,70000.0,Phone,Elec,offline,Delhi,2025-05-08,3,NetBanking,0.25,Eli*****@gmail.com,64******42,successful,209999.75,2025-05
5443,1752,Ryan Heath,105,45000.0,Tv,Electronics,offline,Hyderabad,2026-02-24,5,Cash,0.15,Rya*****@yahoo.com,94******40,successful,224999.85,2026-02
5444,1395,William Francis,101,250000.0,Laptop,Elec,offline,Hyderabad,2025-11-30,3,Card,0.1,Wil*****@gmail.com,65******28,successful,749999.9,2025-11
5445,1860,Rhonda Henderson,105,45000.0,Tv,Electronics,online,Hyderabad,2025-07-28,5,Cash,0.35,Rho*****@gmail.com,76******09,successful,224999.65,2025-07
5446,1853,Tiffany Watts,107,50000.0,Dining Table,Furn,offline,Delhi,2025-06-17,3,Card,0.25,Tif*****@outlook.com,73******54,successful,149999.75,2025-06
5448,1487,Joshua Taylor,106,,Sofa,Furniture,offline,Hyderabad,2025-07-26,1,Cash,0.2,Jos*****@outlook.com,87******85,successful,,2025-07
5449,1070,Mark Holt,107,50000.0,Dining Table,Furniture,online,Delhi,2025-12-18,1,UPI,0.2,Mar*****@gmail.com,60******62,successful,49999.8,2025-12
5450,1367,Christine Richardson,106,80000.0,Sofa,Furniture,offline,Mumbai,2026-04-08,4,Cash,0.05,Chr*****@gmail.com,76******45,successful,319999.95,2026-04
5451,1849,Laura Cox,109,65000.0,Refrigerator,Home,offline,Delhi,2026-01-02,2,Card,0.25,Lau*****@gmail.com,78******25,successful,129999.75,2026-01
5452,1816,Allison Young,103,1300.0,Shirt,Cloth,online,Mumbai,2026-03-01,5,Card,0.1,All*****@gmail.com,68******13,successful,6499.9,2026-03
5453,1357,Justin Cooper,110,45000.0,Microwave,Home Appliances,offline,Mumbai,2025-03-12,2,UPI,0.25,Jus*****@gmail.com,67******25,successful,89999.75,2025-03
5454,1308,Stephanie Young,102,70000.0,Phone,Electronics,online,Hyderabad,2025-09-02,3,Cash,0.2,Ste*****@gmail.com,83******67,successful,209999.8,2025-09
5455,1641,Nicholas Hill,103,1300.0,Shirt,Clothing,offline,Delhi,2025-08-13,3,UPI,0.1,Nic*****@yahoo.com,83******25,successful,3899.9,2025-08
5456,1898,Thomas Levy,107,50000.0,Dining Table,Furniture,online,Chennai,2025-12-09,1,NetBanking,0.25,Tho*****@gmail.com,61******13,successful,49999.75,2025-12
5458,1644,Kathy Davis,101,250000.0,Laptop,Elec,online,Delhi,2026-02-01,4,NetBanking,0.35,Kat*****@gmail.com,79******35,successful,999999.65,2026-02
5459,1175,Justin Friedman,102,70000.0,Phone,Elec,offline,Chennai,2025-09-15,1,Card,0.15,Jus*****@gmail.com,80******95,successful,69999.85,2025-09
5460,1866,Michelle Mitchell,107,50000.0,Dining Table,Furn,online,Mumbai,2025-05-01,2,NetBanking,0.3,Mic*****@yahoo.com,72******84,successful,99999.7,2025-05
5461,1723,Jessica Johnson,105,45000.0,Tv,Electronics,online,Hyderabad,2025-08-14,3,NetBanking,0.05,Jes*****@gmail.com,79******63,successful,134999.95,2025-08
5462,1427,Sarah Williams,108,15000.0,Mixer Grinder,Home Appliances,online,Hyderabad,2025-07-15,1,NetBanking,0.15,Sar*****@gmail.com,82******38,successful,14999.85,2025-07
5463,1196,Ashley Ortiz,103,1300.0,Shirt,Clothing,offline,Bangalore,2026-03-27,4,NetBanking,0.05,Ash*****@gmail.com,94******93,successful,5199.95,2026-03
5465,1420,Debra Short,107,50000.0,Dining Table,Furn,offline,Chennai,2026-01-06,5,NetBanking,0.4,Deb*****@gmail.com,96******81,successful,249999.6,2026-01
5466,1957,Curtis Fischer,105,,Tv,Electronics,offline,Bangalore,2025-10-16,2,Card,0.1,Cur*****@gmail.com,70******97,successful,,2025-10
5467,1231,Bianca Webb,108,15000.0,Mixer Grinder,Home Appliances,offline,Mumbai,2025-09-10,5,UPI,0.35,Bia*****@yahoo.com,94******93,successful,74999.65,2025-09
5468,1028,Katie Robbins,101,250000.0,Laptop,Elec,offline,Hyderabad,2025-05-01,5,NetBanking,0.25,Kat*****@yahoo.com,93******02,successful,1249999.75,2025-05
5469,1957,Curtis Fischer,108,15000.0,Mixer Grinder,Home,online,Bangalore,2025-07-12,5,Card,0.4,Cur*****@gmail.com,70******97,successful,74999.6,2025-07
5472,1008,James Barnes,109,,Refrigerator,Home Appliances,offline,Mumbai,2025-08-13,4,NetBanking,0.3,Jam*****@gmail.com,64******07,successful,,2025-08
5473,1374,Anthony Kelley,107,,Dining Table,Furniture,online,Hyderabad,2026-03-29,3,Cash,0.1,Ant*****@gmail.com,99******08,successful,,2026-03
5474,1501,Jeffery Bird,110,45000.0,Microwave,Home Appliances,offline,Chennai,2025-11-07,2,Cash,0.05,Jef*****@gmail.com,67******76,successful,89999.95,2025-11
5476,1477,Leah Mitchell,103,1300.0,Shirt,Clothing,offline,Chennai,2025-09-08,5,Card,0.2,Lea*****@gmail.com,65******41,successful,6499.8,2025-09
5477,1057,Casey Stone,104,8000.0,Shoes,Clothing,online,Mumbai,2025-12-27,4,Cash,0.05,Cas*****@yahoo.com,89******92,successful,31999.95,2025-12
5478,1047,William Melendez,106,80000.0,Sofa,Furniture,online,Delhi,2025-05-04,5,NetBanking,0.2,Wil*****@yahoo.com,72******92,successful,399999.8,2025-05
5480,1442,Donna Jackson,109,65000.0,Refrigerator,Home,online,Bangalore,2026-06-04,4,Card,0.05,Don*****@gmail.com,86******85,successful,259999.95,2026-06
5481,1965,Ana Ross,108,15000.0,Mixer Grinder,Home Appliances,offline,Bangalore,2026-03-13,5,Card,0.2,Ana*****@gmail.com,68******96,successful,74999.8,2026-03
5483,1866,Michelle Mitchell,110,45000.0,Microwave,Home Appliances,online,Mumbai,2025-11-17,2,Cash,0.2,Mic*****@yahoo.com,72******84,successful,89999.8,2025-11
5484,1683,Rachel King,110,45000.0,Microwave,Home,offline,Bangalore,2025-06-08,5,Cash,0.1,Rac*****@gmail.com,63******20,successful,224999.9,2025-06
5485,1783,Cynthia Galvan,106,80000.0,Sofa,Furniture,online,Delhi,2025-10-10,3,Cash,0.05,Cyn*****@gmail.com,83******69,successful,239999.95,2025-10
5486,1575,Virginia Pacheco,103,1300.0,Shirt,Cloth,offline,Chennai,2025-09-08,4,Cash,0.15,Vir*****@gmail.com,93******56,successful,5199.85,2025-09
5487,1140,Jessica Underwood,107,,Dining Table,Furniture,offline,Chennai,2025-10-07,3,Cash,0.15,Jes*****@yahoo.com,91******86,successful,,2025-10
5488,1836,Valerie Hayes,105,45000.0,Tv,Elec,offline,Chennai,2026-02-28,5,Cash,0.15,Val*****@gmail.com,96******69,successful,224999.85,2026-02
5489,1954,Travis Kerr,108,15000.0,Mixer Grinder,Home,online,Chennai,2025-09-01,5,NetBanking,0.4,Tra*****@yahoo.com,62******03,successful,74999.6,2025-09
5491,1276,Thomas Williamson,101,250000.0,Laptop,Electronics,offline,Mumbai,2026-03-26,4,Card,0.25,Tho*****@outlook.com,90******37,successful,999999.75,2026-03
5492,1128,Autumn Morgan,105,,Tv,Elec,online,Chennai,2025-10-14,1,Cash,0.25,Aut*****@gmail.com,80******06,successful,,2025-10
5493,1799,Matthew Rodriguez,105,45000.0,Tv,Electronics,online,Bangalore,2025-11-16,2,Cash,0.4,Mat*****@gmail.com,64******99,successful,89999.6,2025-11
5494,1439,Tyrone Brown,102,70000.0,Phone,Electronics,online,Chennai,2025-12-20,1,Cash,0.35,Tyr*****@yahoo.com,68******74,successful,69999.65,2025-12
5495,1089,Jessica Avila,104,8000.0,Shoes,Clothing,online,Bangalore,2025-09-04,5,Cash,0.4,Jes*****@outlook.com,61******57,successful,39999.6,2025-09
5496,1879,Carol Lane,107,50000.0,Dining Table,Furniture,offline,Hyderabad,2025-04-27,4,UPI,0.05,Car*****@outlook.com,83******02,successful,199999.95,2025-04
5497,1978,Carl Gardner,110,45000.0,Microwave,Home Appliances,offline,Mumbai,2025-08-07,3,Card,0.4,Car*****@outlook.com,85******66,successful,134999.6,2025-08
5498,1316,Carmen Hernandez,108,15000.0,Mixer Grinder,Home Appliances,online,Bangalore,2025-11-05,2,Card,0.3,Car*****@gmail.com,90******24,successful,29999.7,2025-11
5500,1488,Jeffrey Woods,101,250000.0,Laptop,Electronics,offline,Bangalore,2025-07-07,1,NetBanking,0.3,Jef*****@yahoo.com,96******14,successful,249999.7,2025-07
5501,1497,Angela Wheeler,108,15000.0,Mixer Grinder,Home Appliances,online,Bangalore,2025-05-06,1,UPI,0.05,Ang*****@yahoo.com,85******54,successful,14999.95,2025-05
5502,1436,Charles Osborne,104,8000.0,Shoes,Clothing,online,Hyderabad,2025-12-19,1,NetBanking,0.1,Cha*****@yahoo.com,86******02,successful,7999.9,2025-12
5503,1241,Maureen Daniels,110,45000.0,Microwave,Home Appliances,offline,Bangalore,2025-07-30,2,Card,0.1,Mau*****@yahoo.com,68******41,successful,89999.9,2025-07
5504,1139,Eric Hunter,101,,Laptop,Elec,offline,Delhi,2026-07-02,5,Cash,0.05,Eri*****@outlook.com,79******92,successful,,2026-07
5505,1405,Victoria Castaneda,101,250000.0,Laptop,Electronics,online,Hyderabad,2025-09-03,4,UPI,0.35,Vic*****@yahoo.com,71******87,successful,999999.65,2025-09
5507,1730,Danielle Hutchinson,102,70000.0,Phone,Elec,online,Delhi,2025-06-08,3,UPI,0.4,Dan*****@gmail.com,94******34,successful,209999.6,2025-06
5509,1439,Tyrone Brown,102,,Phone,Electronics,online,Chennai,2025-06-02,1,Cash,0.05,Tyr*****@yahoo.com,68******74,successful,,2025-06
5510,1452,Diana Olson,108,15000.0,Mixer Grinder,Home Appliances,offline,Chennai,2026-02-14,1,Card,0.2,Dia*****@gmail.com,62******50,successful,14999.8,2026-02
5511,1043,Kelly Johnson,105,45000.0,Tv,Electronics,online,Bangalore,2025-04-26,2,Card,0.3,Kel*****@outlook.com,69******90,successful,89999.7,2025-04
5512,1724,Kelly Adams,101,250000.0,Laptop,Electronics,offline,Hyderabad,2026-01-02,3,UPI,0.15,Kel*****@gmail.com,77******65,successful,749999.85,2026-01
5513,1042,Richard Nguyen,105,45000.0,Tv,Electronics,online,Delhi,2025-02-05,5,Cash,0.3,Ric*****@gmail.com,94******91,successful,224999.7,2025-02
5514,1784,Jason Chavez,103,1300.0,Shirt,Cloth,online,Mumbai,2025-06-30,3,Card,0.1,Jas*****@outlook.com,79******42,successful,3899.9,2025-06
5515,1969,Christopher Hicks,101,250000.0,Laptop,Electronics,offline,Hyderabad,2025-08-27,4,UPI,0.3,Chr*****@yahoo.com,62******84,successful,999999.7,2025-08
5516,1885,Emma Wolf,102,,Phone,Electronics,offline,Bangalore,2026-11-02,4,Cash,0.4,Emm*****@yahoo.com,77******63,successful,,2026-11
5517,1332,Laura Werner,106,80000.0,Sofa,Furniture,offline,Bangalore,2025-08-14,2,UPI,0.35,Lau*****@gmail.com,87******50,successful,159999.65,2025-08
5518,1724,Kelly Adams,101,250000.0,Laptop,Electronics,offline,Hyderabad,2025-07-22,1,Card,0.35,Kel*****@gmail.com,77******65,successful,249999.65,2025-07
5519,1949,Michael Williams,101,250000.0,Laptop,Elec,offline,Hyderabad,2026-04-02,2,Cash,0.35,Mic*****@yahoo.com,79******53,successful,499999.65,2026-04
5520,1866,Michelle Mitchell,103,1300.0,Shirt,Cloth,offline,Mumbai,2025-10-08,5,NetBanking,0.15,Mic*****@yahoo.com,72******84,successful,6499.85,2025-10
5521,1449,Alan Keith,102,,Phone,Electronics,online,Delhi,2025-09-17,5,NetBanking,0.15,Ala*****@gmail.com,91******05,successful,,2025-09
5522,1032,Kurt Harrison,108,15000.0,Mixer Grinder,Home,offline,Hyderabad,2025-06-09,3,UPI,0.1,Kur*****@outlook.com,69******94,successful,44999.9,2025-06
5523,1090,Richard Walker,106,80000.0,Sofa,Furniture,offline,Chennai,2025-10-26,5,NetBanking,0.25,Ric*****@outlook.com,77******58,successful,399999.75,2025-10
5525,1313,Sandra Murphy,109,65000.0,Refrigerator,Home,offline,Delhi,2025-12-19,4,NetBanking,0.05,San*****@outlook.com,66******00,successful,259999.95,2025-12
5526,1382,Natalie Daniels,109,65000.0,Refrigerator,Home Appliances,online,Chennai,2025-06-05,3,UPI,0.4,Nat*****@yahoo.com,65******06,successful,194999.6,2025-06
5527,1293,James Crawford,110,,Microwave,Home,online,Hyderabad,2025-10-20,2,UPI,0.4,Jam*****@yahoo.com,83******88,successful,,2025-10
5528,1895,Teresa Anthony,108,15000.0,Mixer Grinder,Home,offline,Bangalore,2025-04-18,4,Card,0.4,Ter*****@yahoo.com,83******25,successful,59999.6,2025-04
5529,1094,Kathleen Davis,103,1300.0,Shirt,Clothing,online,Delhi,2026-07-02,5,Card,0.25,Kat*****@yahoo.com,90******77,successful,6499.75,2026-07
5531,1023,Joseph Thomas,110,45000.0,Microwave,Home Appliances,offline,Bangalore,2025-06-23,3,UPI,0.2,Jos*****@gmail.com,97******25,successful,134999.8,2025-06
5534,1599,Breanna Clements,101,250000.0,Laptop,Elec,online,Hyderabad,2025-07-16,3,Cash,0.05,Bre*****@gmail.com,96******33,successful,749999.95,2025-07
5535,1818,Brooke Miles,101,250000.0,Laptop,Electronics,offline,Hyderabad,2026-03-13,4,NetBanking,0.3,Bro*****@gmail.com,64******46,successful,999999.7,2026-03
5536,1253,Dawn Ward,109,65000.0,Refrigerator,Home,online,Mumbai,2025-09-17,2,NetBanking,0.2,Daw*****@gmail.com,62******67,successful,129999.8,2025-09
5537,1553,Brandon Terry,104,8000.0,Shoes,Cloth,offline,Bangalore,2026-01-08,1,UPI,0.3,Bra*****@gmail.com,64******44,successful,7999.7,2026-01
5539,1767,Chelsea Booth,101,,Laptop,Electronics,online,Bangalore,2025-09-06,1,Cash,0.25,Che*****@gmail.com,66******06,successful,,2025-09
5540,1710,Dale Black,106,80000.0,Sofa,Furniture,offline,Chennai,2025-03-09,3,UPI,0.1,Dal*****@yahoo.com,83******80,successful,239999.9,2025-03
5541,1763,Daniel Washington,107,50000.0,Dining Table,Furniture,offline,Hyderabad,2025-12-18,4,Card,0.1,Dan*****@outlook.com,71******22,successful,199999.9,2025-12
5542,1263,Morgan Daniel,108,15000.0,Mixer Grinder,Home Appliances,offline,Chennai,2026-04-04,2,UPI,0.25,Mor*****@outlook.com,73******48,successful,29999.75,2026-04
5544,1578,Alexander Peterson,102,70000.0,Phone,Elec,offline,Chennai,2026-02-09,3,Card,0.2,Ale*****@gmail.com,84******09,successful,209999.8,2026-02
5545,1936,Lisa Wiggins,110,45000.0,Microwave,Home Appliances,online,Bangalore,2025-11-08,2,UPI,0.25,Lis*****@gmail.com,61******25,successful,89999.75,2025-11
5546,1439,Tyrone Brown,103,1300.0,Shirt,Clothing,offline,Chennai,2025-08-06,3,NetBanking,0.4,Tyr*****@yahoo.com,68******74,successful,3899.6,2025-08
5547,1384,Hayley Anthony,105,45000.0,Tv,Electronics,offline,Mumbai,2025-05-09,2,UPI,0.25,Hay*****@yahoo.com,65******07,successful,89999.75,2025-05
5548,1518,Janet Norman,101,250000.0,Laptop,Electronics,online,Hyderabad,2026-04-15,1,Cash,0.4,Jan*****@outlook.com,66******39,successful,249999.6,2026-04
5549,1786,Amy Mckinney,103,1300.0,Shirt,Cloth,online,Delhi,2025-08-09,2,Cash,0.3,Amy*****@gmail.com,64******87,successful,2599.7,2025-08
5550,1456,Edwin Valenzuela,107,50000.0,Dining Table,Furniture,online,Delhi,2026-02-22,1,Cash,0.25,Edw*****@gmail.com,79******65,successful,49999.75,2026-02
5551,1004,Sean Davis,107,50000.0,Dining Table,Furniture,offline,Mumbai,2025-12-29,5,UPI,0.15,Sea*****@gmail.com,65******89,successful,249999.85,2025-12
5552,1106,Evan Hall,108,15000.0,Mixer Grinder,Home Appliances,online,Hyderabad,2025-12-14,3,UPI,0.05,Eva*****@yahoo.com,87******44,successful,44999.95,2025-12
5553,1491,Jeremy Garcia,106,80000.0,Sofa,Furn,offline,Mumbai,2026-01-25,1,Cash,0.3,Jer*****@gmail.com,76******84,successful,79999.7,2026-01
5554,1491,Jeremy Garcia,106,80000.0,Sofa,Furniture,online,Mumbai,2025-03-08,2,NetBanking,0.35,Jer*****@gmail.com,76******84,successful,159999.65,2025-03
5555,1929,Elizabeth Drake,101,250000.0,Laptop,Elec,offline,Chennai,2025-08-26,4,Cash,0.05,Eli*****@yahoo.com,85******25,successful,999999.95,2025-08
5557,1521,Nicole Mills,105,45000.0,Tv,Elec,online,Delhi,2026-03-02,1,Card,0.3,Nic*****@gmail.com,76******70,successful,44999.7,2026-03
5558,1509,Linda Martin,108,15000.0,Mixer Grinder,Home Appliances,offline,Mumbai,2026-01-23,4,Cash,0.4,Lin*****@outlook.com,62******88,successful,59999.6,2026-01
5559,1815,Victoria Ellis,105,45000.0,Tv,Electronics,online,Mumbai,2025-10-08,3,UPI,0.15,Vic*****@yahoo.com,75******21,successful,134999.85,2025-10
5560,1085,Jennifer Taylor,101,250000.0,Laptop,Electronics,online,Delhi,2025-05-14,5,NetBanking,0.35,Jen*****@outlook.com,73******85,successful,1249999.65,2025-05
5562,1506,Nicholas Ponce,109,65000.0,Refrigerator,Home,online,Mumbai,2025-10-11,5,NetBanking,0.2,Nic*****@gmail.com,60******92,successful,324999.8,2025-10
5564,1541,Emily Brown,109,65000.0,Refrigerator,Home,online,Delhi,2025-06-04,4,Card,0.15,Emi*****@outlook.com,62******54,successful,259999.85,2025-06
5565,1208,Andrew Collins,107,50000.0,Dining Table,Furn,offline,Mumbai,2025-10-10,2,UPI,0.3,And*****@gmail.com,63******60,successful,99999.7,2025-10
5566,1061,Justin Holt,103,1300.0,Shirt,Cloth,online,Chennai,2025-08-13,1,Cash,0.15,Jus*****@gmail.com,94******82,successful,1299.85,2025-08
5568,1875,Jason Prince,108,15000.0,Mixer Grinder,Home Appliances,online,Chennai,2026-05-01,5,NetBanking,0.4,Jas*****@yahoo.com,62******06,successful,74999.6,2026-05
5569,1875,Jason Prince,101,,Laptop,Electronics,online,Chennai,2025-06-19,4,Card,0.25,Jas*****@yahoo.com,62******06,successful,,2025-06
5570,1649,Kimberly Williams,109,65000.0,Refrigerator,Home Appliances,offline,Delhi,2025-08-04,5,Card,0.05,Kim*****@outlook.com,96******93,successful,324999.95,2025-08
5572,1388,Justin Reyes,101,250000.0,Laptop,Electronics,offline,Hyderabad,2026-02-03,3,UPI,0.15,Jus*****@gmail.com,71******03,successful,749999.85,2026-02
5573,1275,Mary Lawrence,107,50000.0,Dining Table,Furn,online,Delhi,2026-02-14,3,Cash,0.2,Mar*****@yahoo.com,85******23,successful,149999.8,2026-02
5574,1587,Dylan Colon,110,45000.0,Microwave,Home Appliances,online,Bangalore,2026-03-19,3,UPI,0.2,Dyl*****@gmail.com,73******82,successful,134999.8,2026-03
5576,1909,Richard Smith,107,50000.0,Dining Table,Furniture,online,Delhi,2026-02-23,3,NetBanking,0.15,Ric*****@gmail.com,78******21,successful,149999.85,2026-02
5577,1838,Nicole Evans,105,45000.0,Tv,Elec,offline,Mumbai,2025-05-08,5,Cash,0.05,Nic*****@gmail.com,80******83,successful,224999.95,2025-05
5578,1820,Emily Davis,103,1300.0,Shirt,Clothing,online,Chennai,2025-05-16,4,Card,0.05,Emi*****@outlook.com,98******20,successful,5199.95,2025-05
5579,1319,Debra Williams,105,45000.0,Tv,Electronics,online,Chennai,2026-02-14,3,UPI,0.4,Deb*****@gmail.com,92******76,successful,134999.6,2026-02
5580,1189,Donald Gallegos,103,1300.0,Shirt,Clothing,online,Bangalore,2025-10-07,2,Card,0.3,Don*****@outlook.com,90******13,successful,2599.7,2025-10
5581,1229,Alexis Miranda,107,50000.0,Dining Table,Furn,offline,Bangalore,2025-12-05,4,Cash,0.15,Ale*****@gmail.com,95******01,successful,199999.85,2025-12
5582,1360,Rachel Davis,110,45000.0,Microwave,Home Appliances,online,Delhi,2025-07-04,1,UPI,0.25,Rac*****@yahoo.com,62******93,successful,44999.75,2025-07
5583,1436,Charles Osborne,106,80000.0,Sofa,Furniture,online,Hyderabad,2025-02-11,1,Card,0.3,Cha*****@yahoo.com,86******02,successful,79999.7,2025-02
5584,1934,Sandra Taylor,106,80000.0,Sofa,Furn,online,Bangalore,2025-05-01,5,Card,0.1,San*****@outlook.com,95******47,successful,399999.9,2025-05
5585,1896,Chelsea Roberts,105,45000.0,Tv,Electronics,offline,Chennai,2026-01-13,3,Cash,0.15,Che*****@gmail.com,73******07,successful,134999.85,2026-01
5587,1741,Sandra Morales,107,50000.0,Dining Table,Furniture,online,Hyderabad,2026-04-13,5,Card,0.2,San*****@gmail.com,94******60,successful,249999.8,2026-04
5588,1559,Jason Johnson,104,8000.0,Shoes,Clothing,offline,Delhi,2026-01-30,5,NetBanking,0.2,Jas*****@yahoo.com,97******10,successful,39999.8,2026-01
5589,1080,Randy Hoffman,104,,Shoes,Cloth,offline,Bangalore,2025-10-31,3,Card,0.1,Ran*****@gmail.com,89******74,successful,,2025-10
5592,1442,Donna Jackson,106,80000.0,Sofa,Furniture,offline,Bangalore,2025-11-11,5,Cash,0.2,Don*****@gmail.com,86******85,successful,399999.8,2025-11
5593,1637,Priscilla Acosta,104,8000.0,Shoes,Clothing,offline,Mumbai,2025-05-14,3,UPI,0.25,Pri*****@gmail.com,81******52,successful,23999.75,2025-05
5594,1774,Heather Moore,110,45000.0,Microwave,Home Appliances,online,Delhi,2025-08-06,2,Card,0.4,Hea*****@gmail.com,61******07,successful,89999.6,2025-08
5596,1455,Jason Taylor,107,50000.0,Dining Table,Furniture,offline,Mumbai,2026-02-17,1,Card,0.05,Jas*****@outlook.com,84******42,successful,49999.95,2026-02
5597,1780,Christian Hammond,102,70000.0,Phone,Electronics,online,Bangalore,2025-10-13,4,Cash,0.2,Chr*****@outlook.com,97******88,successful,279999.8,2025-10
5598,1852,Henry Wyatt,101,250000.0,Laptop,Elec,online,Delhi,2026-02-16,5,Card,0.1,Hen*****@gmail.com,66******90,successful,1249999.9,2026-02
5599,1240,Mark Reyes,103,,Shirt,Clothing,offline,Bangalore,2026-03-17,2,Card,0.2,Mar*****@yahoo.com,84******66,successful,,2026-03
5601,1156,Danielle Fisher,102,70000.0,Phone,Electronics,offline,Delhi,2025-05-23,2,NetBanking,0.15,Dan*****@yahoo.com,79******86,successful,139999.85,2025-05
5602,1159,Steven Jackson,108,15000.0,Mixer Grinder,Home,online,Chennai,2025-10-07,5,Cash,0.1,Ste*****@outlook.com,71******33,successful,74999.9,2025-10
5603,1474,Alyssa Young,108,15000.0,Mixer Grinder,Home,offline,Bangalore,2025-05-07,1,UPI,0.3,Aly*****@gmail.com,92******77,successful,14999.7,2025-05
5604,1032,Kurt Harrison,108,,Mixer Grinder,Home Appliances,offline,Hyderabad,2025-10-25,1,NetBanking,0.15,Kur*****@outlook.com,69******94,successful,,2025-10
5605,1415,Jennifer Jackson,109,65000.0,Refrigerator,Home Appliances,online,Mumbai,2025-12-14,3,UPI,0.4,Jen*****@gmail.com,89******93,successful,194999.6,2025-12
5606,1748,Misty Hensley,105,45000.0,Tv,Electronics,offline,Delhi,2025-06-16,2,UPI,0.4,Mis*****@gmail.com,80******98,successful,89999.6,2025-06
5607,1460,Kenneth Dixon,109,65000.0,Refrigerator,Home,offline,Chennai,2026-02-23,1,NetBanking,0.05,Ken*****@gmail.com,78******43,successful,64999.95,2026-02
5609,1277,Keith Rodriguez,109,,Refrigerator,Home Appliances,offline,Mumbai,2025-06-12,2,Card,0.1,Kei*****@yahoo.com,86******72,successful,,2025-06
5610,1123,John Wood,109,65000.0,Refrigerator,Home Appliances,offline,Bangalore,2025-12-27,5,UPI,0.25,Joh*****@yahoo.com,67******91,successful,324999.75,2025-12
5611,1797,Michael Sharp,101,250000.0,Laptop,Electronics,offline,Mumbai,2025-04-22,2,NetBanking,0.15,Mic*****@yahoo.com,75******03,successful,499999.85,2025-04
5612,1284,Lisa Hansen,101,250000.0,Laptop,Elec,online,Delhi,2025-12-27,1,UPI,0.2,Lis*****@gmail.com,86******15,successful,249999.8,2025-12
5613,1719,Laurie Hill,103,1300.0,Shirt,Clothing,offline,Chennai,2025-05-10,1,Cash,0.35,Lau*****@gmail.com,94******60,successful,1299.65,2025-05
5614,1916,Amber Foster,106,80000.0,Sofa,Furn,online,Chennai,2025-02-08,1,Cash,0.35,Amb*****@gmail.com,75******39,successful,79999.65,2025-02
5615,1912,Mario Cannon,107,50000.0,Dining Table,Furn,offline,Bangalore,2026-02-14,3,Cash,0.2,Mar*****@outlook.com,84******71,successful,149999.8,2026-02
5617,1629,Jonathon Wallace,106,80000.0,Sofa,Furniture,online,Hyderabad,2025-07-22,3,Card,0.05,Jon*****@yahoo.com,71******72,successful,239999.95,2025-07
5618,1233,Heather Reilly,103,1300.0,Shirt,Clothing,offline,Bangalore,2025-04-09,1,NetBanking,0.25,Hea*****@gmail.com,95******68,successful,1299.75,2025-04
5619,1519,Rebecca Contreras,110,45000.0,Microwave,Home Appliances,online,Bangalore,2025-06-14,1,NetBanking,0.35,Reb*****@outlook.com,72******36,successful,44999.65,2025-06
5620,1824,Blake Brown,105,,Tv,Electronics,offline,Hyderabad,2026-03-31,4,Cash,0.15,Bla*****@yahoo.com,67******66,successful,,2026-03
5621,1446,Patrick Conner,110,,Microwave,Home Appliances,offline,Bangalore,2025-05-18,3,UPI,0.4,Pat*****@gmail.com,64******78,successful,,2025-05
5622,1829,Tamara Brown,108,15000.0,Mixer Grinder,Home,online,Hyderabad,2025-07-01,4,Card,0.25,Tam*****@yahoo.com,97******07,successful,59999.75,2025-07
5623,1863,Savannah Richards,110,45000.0,Microwave,Home Appliances,online,Bangalore,2025-11-08,4,Card,0.25,Sav*****@yahoo.com,80******80,successful,179999.75,2025-11
5624,1788,Kenneth Owens,103,1300.0,Shirt,Clothing,offline,Chennai,2025-10-26,1,Cash,0.2,Ken*****@gmail.com,91******71,successful,1299.8,2025-10
5625,1126,Caitlin Ortiz,108,15000.0,Mixer Grinder,Home,offline,Bangalore,2025-12-21,4,Card,0.1,Cai*****@gmail.com,68******32,successful,59999.9,2025-12
5626,1189,Donald Gallegos,104,8000.0,Shoes,Clothing,online,Bangalore,2025-05-05,4,NetBanking,0.15,Don*****@outlook.com,90******13,successful,31999.85,2025-05
5627,1785,Mikayla Joyce,109,65000.0,Refrigerator,Home Appliances,online,Chennai,2026-01-25,2,Card,0.4,Mik*****@gmail.com,60******38,successful,129999.6,2026-01
5628,1617,Ronald Todd,107,50000.0,Dining Table,Furniture,online,Delhi,2025-12-21,4,Cash,0.4,Ron*****@yahoo.com,77******82,successful,199999.6,2025-12
5629,1323,Patricia Zuniga,103,1300.0,Shirt,Clothing,offline,Hyderabad,2025-05-27,3,Card,0.4,Pat*****@outlook.com,72******15,successful,3899.6,2025-05
5630,1983,Tara David,103,1300.0,Shirt,Clothing,offline,Mumbai,2025-10-01,2,Cash,0.2,Tar*****@outlook.com,91******48,successful,2599.8,2025-10
5631,1489,Kevin Hall,109,65000.0,Refrigerator,Home Appliances,online,Hyderabad,2025-12-28,1,UPI,0.4,Kev*****@yahoo.com,68******13,successful,64999.6,2025-12
5632,1833,Angela Coleman,106,80000.0,Sofa,Furniture,offline,Chennai,2025-05-19,3,Cash,0.2,Ang*****@gmail.com,70******98,successful,239999.8,2025-05
5633,1368,Brandon Medina,104,8000.0,Shoes,Clothing,online,Delhi,2026-02-24,3,NetBanking,0.05,Bra*****@yahoo.com,64******63,successful,23999.95,2026-02
5634,1868,Andrew Martin,102,70000.0,Phone,Electronics,online,Delhi,2025-06-01,1,Card,0.05,And*****@gmail.com,79******36,successful,69999.95,2025-06
5635,1869,Jeffrey Moore,110,45000.0,Microwave,Home,offline,Chennai,2025-05-10,3,Card,0.05,Jef*****@gmail.com,61******10,successful,134999.95,2025-05
5636,1661,Amanda Huff,109,65000.0,Refrigerator,Home Appliances,online,Chennai,2025-07-26,4,UPI,0.25,Ama*****@gmail.com,74******38,successful,259999.75,2025-07
5637,1349,Jessica Hall,102,70000.0,Phone,Electronics,online,Delhi,2025-12-14,4,UPI,0.2,Jes*****@gmail.com,90******81,successful,279999.8,2025-12
5638,1943,Dana Adkins,108,15000.0,Mixer Grinder,Home,online,Delhi,2026-01-26,4,Card,0.4,Dan*****@yahoo.com,63******10,successful,59999.6,2026-01
5639,1760,Brittney Johnson,108,15000.0,Mixer Grinder,Home Appliances,online,Delhi,2025-08-26,3,Card,0.35,Bri*****@gmail.com,77******79,successful,44999.65,2025-08
5640,1209,Jenna Moses,105,45000.0,Tv,Electronics,offline,Mumbai,2025-06-22,2,NetBanking,0.2,Jen*****@outlook.com,99******01,successful,89999.8,2025-06
5641,1146,Eric Patterson,107,50000.0,Dining Table,Furniture,offline,Mumbai,2026-03-24,4,Cash,0.2,Eri*****@outlook.com,80******80,successful,199999.8,2026-03
5642,1180,Chad Walsh,110,45000.0,Microwave,Home Appliances,offline,Mumbai,2026-01-03,3,Cash,0.15,Cha*****@gmail.com,81******48,successful,134999.85,2026-01
5644,1241,Maureen Daniels,104,8000.0,Shoes,Cloth,online,Bangalore,2026-01-03,1,NetBanking,0.05,Mau*****@yahoo.com,68******41,successful,7999.95,2026-01
5645,1454,Shelly Smith,108,15000.0,Mixer Grinder,Home,online,Mumbai,2026-04-06,3,Card,0.1,She*****@gmail.com,77******47,successful,44999.9,2026-04
5646,1585,Wyatt Coleman,103,1300.0,Shirt,Clothing,online,Mumbai,2025-05-02,1,Card,0.05,Wya*****@gmail.com,99******62,successful,1299.95,2025-05
5647,1819,Karen Martin,108,15000.0,Mixer Grinder,Home Appliances,offline,Hyderabad,2026-03-22,1,Cash,0.35,Kar*****@yahoo.com,65******41,successful,14999.65,2026-03
5649,1038,Elizabeth Rivas,109,65000.0,Refrigerator,Home Appliances,online,Hyderabad,2025-06-15,1,Card,0.2,Eli*****@outlook.com,66******30,successful,64999.8,2025-06
5652,1209,Jenna Moses,110,45000.0,Microwave,Home Appliances,online,Mumbai,2025-07-24,1,Card,0.1,Jen*****@outlook.com,99******01,successful,44999.9,2025-07
5653,1001,Debbie Johnson,109,65000.0,Refrigerator,Home Appliances,offline,Bangalore,2025-11-05,5,Cash,0.4,Deb*****@gmail.com,81******28,successful,324999.6,2025-11
5655,1179,Alexandra May,107,50000.0,Dining Table,Furniture,offline,Chennai,2025-12-08,5,UPI,0.25,Ale*****@yahoo.com,77******05,successful,249999.75,2025-12
5658,1943,Dana Adkins,110,45000.0,Microwave,Home Appliances,online,Delhi,2025-02-10,2,NetBanking,0.4,Dan*****@yahoo.com,63******10,successful,89999.6,2025-02
5659,1824,Blake Brown,108,15000.0,Mixer Grinder,Home Appliances,online,Hyderabad,2026-01-14,3,NetBanking,0.1,Bla*****@yahoo.com,67******66,successful,44999.9,2026-01
5663,1732,Heather Ward,102,,Phone,Elec,offline,Mumbai,2025-01-09,4,UPI,0.25,Hea*****@yahoo.com,97******74,successful,,2025-01
5664,1605,Brian Taylor,106,80000.0,Sofa,Furn,offline,Hyderabad,2026-03-04,1,UPI,0.4,Bri*****@outlook.com,90******70,successful,79999.6,2026-03
5665,1568,Lori Obrien,104,8000.0,Shoes,Clothing,online,Mumbai,2025-10-25,1,Card,0.05,Lor*****@gmail.com,75******70,successful,7999.95,2025-10
5666,1286,Michele Lewis,105,45000.0,Tv,Elec,online,Delhi,2025-10-21,4,Card,0.4,Mic*****@outlook.com,78******25,successful,179999.6,2025-10
5667,1924,William Hopkins,106,80000.0,Sofa,Furniture,offline,Delhi,2026-02-11,4,NetBanking,0.15,Wil*****@yahoo.com,82******14,successful,319999.85,2026-02
5668,1513,Nathan King,107,50000.0,Dining Table,Furn,online,Hyderabad,2026-05-04,2,Card,0.4,Nat*****@gmail.com,98******27,successful,99999.6,2026-05
5669,1712,Kara Rogers,102,70000.0,Phone,Electronics,online,Chennai,2025-04-08,3,NetBanking,0.25,Kar*****@outlook.com,98******06,successful,209999.75,2025-04
5670,1047,William Melendez,102,70000.0,Phone,Electronics,online,Delhi,2025-01-09,1,Card,0.1,Wil*****@yahoo.com,72******92,successful,69999.9,2025-01
5671,1042,Richard Nguyen,110,45000.0,Microwave,Home,offline,Delhi,2025-08-17,1,Cash,0.3,Ric*****@gmail.com,94******91,successful,44999.7,2025-08
5672,1968,Bill Wong,105,45000.0,Tv,Electronics,offline,Hyderabad,2025-08-22,1,Card,0.1,Bil*****@gmail.com,89******95,successful,44999.9,2025-08
5673,1063,Renee Liu,108,15000.0,Mixer Grinder,Home Appliances,offline,Delhi,2025-08-02,1,Cash,0.15,Ren*****@outlook.com,91******61,successful,14999.85,2025-08
5677,1334,Johnathan Pruitt,103,1300.0,Shirt,Clothing,online,Delhi,2025-10-10,1,Cash,0.35,Joh*****@yahoo.com,90******78,successful,1299.65,2025-10
5680,1476,Jessica Wilson,103,1300.0,Shirt,Clothing,online,Chennai,2025-06-28,5,Card,0.1,Jes*****@outlook.com,94******37,successful,6499.9,2025-06
5681,1287,Roy Mack,109,65000.0,Refrigerator,Home Appliances,offline,Mumbai,2025-05-30,4,Cash,0.4,Roy*****@gmail.com,72******81,successful,259999.6,2025-05
5682,1004,Sean Davis,101,250000.0,Laptop,Electronics,offline,Mumbai,2025-07-09,2,NetBanking,0.15,Sea*****@gmail.com,65******89,successful,499999.85,2025-07
5683,1714,Trevor Jones,108,15000.0,Mixer Grinder,Home Appliances,offline,Delhi,2025-07-21,5,UPI,0.25,Tre*****@gmail.com,81******72,successful,74999.75,2025-07
5685,1550,Sierra Anderson,101,250000.0,Laptop,Electronics,offline,Mumbai,2025-09-09,1,Cash,0.15,Sie*****@outlook.com,93******06,successful,249999.85,2025-09
5686,1077,Mandy Hess,101,250000.0,Laptop,Electronics,offline,Mumbai,2025-09-10,4,Cash,0.35,Man*****@yahoo.com,86******56,successful,999999.65,2025-09
5687,1806,Michele Lewis,102,70000.0,Phone,Elec,online,Bangalore,2026-03-16,4,Cash,0.2,Mic*****@yahoo.com,78******42,successful,279999.8,2026-03
5688,1478,Susan Davis,101,250000.0,Laptop,Elec,offline,Bangalore,2025-06-08,2,UPI,0.2,Sus*****@outlook.com,78******80,successful,499999.8,2025-06
5691,1209,Jenna Moses,101,250000.0,Laptop,Elec,online,Mumbai,2026-02-03,4,UPI,0.05,Jen*****@outlook.com,99******01,successful,999999.95,2026-02
5694,1058,Edward Campbell,109,65000.0,Refrigerator,Home,online,Bangalore,2025-07-14,4,Cash,0.25,Edw*****@outlook.com,66******86,successful,259999.75,2025-07
5695,1533,Stephanie Todd,110,45000.0,Microwave,Home,offline,Mumbai,2026-02-12,2,Card,0.2,Ste*****@gmail.com,61******86,successful,89999.8,2026-02
5696,1325,Jennifer Morgan,105,45000.0,Tv,Elec,online,Delhi,2025-11-09,5,Card,0.1,Jen*****@outlook.com,74******76,successful,224999.9,2025-11
5697,1894,Marcus Bentley,102,70000.0,Phone,Electronics,online,Delhi,2026-03-28,3,NetBanking,0.25,Mar*****@yahoo.com,61******62,successful,209999.75,2026-03
5699,1862,Sydney Love,104,8000.0,Shoes,Clothing,offline,Hyderabad,2026-03-15,3,Cash,0.35,Syd*****@gmail.com,82******96,successful,23999.65,2026-03
5700,1687,Jason Perry,108,15000.0,Mixer Grinder,Home,offline,Chennai,2026-01-09,1,Cash,0.35,Jas*****@gmail.com,82******57,successful,14999.65,2026-01
5701,1540,Derek Brooks,105,45000.0,Tv,Electronics,offline,Hyderabad,2025-11-27,1,NetBanking,0.35,Der*****@gmail.com,86******81,successful,44999.65,2025-11
5702,1827,Monique Lee,106,,Sofa,Furniture,offline,Delhi,2025-12-09,1,Cash,0.15,Mon*****@gmail.com,97******44,successful,,2025-12
5703,1059,Justin Taylor,103,1300.0,Shirt,Cloth,offline,Hyderabad,2025-07-27,3,Cash,0.2,Jus*****@gmail.com,74******41,successful,3899.8,2025-07
5705,1686,Jennifer Perry,102,70000.0,Phone,Electronics,online,Hyderabad,2025-11-09,4,Cash,0.1,Jen*****@yahoo.com,93******51,successful,279999.9,2025-11
5706,1102,Christine Cooper,104,8000.0,Shoes,Clothing,offline,Hyderabad,2025-09-29,1,NetBanking,0.2,Chr*****@yahoo.com,67******30,successful,7999.8,2025-09
5707,1426,Donna Burns,104,8000.0,Shoes,Cloth,online,Bangalore,2025-07-02,4,UPI,0.1,Don*****@gmail.com,97******03,successful,31999.9,2025-07
5708,1251,Edward Rangel,104,8000.0,Shoes,Cloth,online,Mumbai,2025-07-21,1,Card,0.05,Edw*****@gmail.com,89******39,successful,7999.95,2025-07
5709,1626,Luke Martin,109,65000.0,Refrigerator,Home Appliances,online,Chennai,2025-08-06,2,Card,0.4,Luk*****@outlook.com,92******87,successful,129999.6,2025-08
5710,1910,Shelby Barnett,103,1300.0,Shirt,Clothing,online,Hyderabad,2026-01-11,2,Cash,0.05,She*****@yahoo.com,66******34,successful,2599.95,2026-01
5711,1587,Dylan Colon,110,45000.0,Microwave,Home,offline,Bangalore,2025-07-28,4,UPI,0.4,Dyl*****@gmail.com,73******82,successful,179999.6,2025-07
5712,1034,Laura Landry,104,8000.0,Shoes,Clothing,offline,Mumbai,2026-03-09,2,Card,0.15,Lau*****@yahoo.com,79******46,successful,15999.85,2026-03
5713,1349,Jessica Hall,104,,Shoes,Cloth,online,Delhi,2026-02-18,5,Cash,0.15,Jes*****@gmail.com,90******81,successful,,2026-02
5714,1904,Zachary Perry,105,45000.0,Tv,Electronics,online,Delhi,2025-10-11,2,NetBanking,0.25,Zac*****@outlook.com,75******11,successful,89999.75,2025-10
5715,1311,Elizabeth Peck,103,1300.0,Shirt,Cloth,offline,Hyderabad,2025-09-05,4,UPI,0.1,Eli*****@yahoo.com,91******30,successful,5199.9,2025-09
5716,1543,Victoria Moore,103,1300.0,Shirt,Cloth,offline,Mumbai,2025-09-09,1,Card,0.4,Vic*****@gmail.com,91******29,successful,1299.6,2025-09
5717,1357,Justin Cooper,103,1300.0,Shirt,Clothing,online,Mumbai,2025-11-27,1,UPI,0.35,Jus*****@gmail.com,67******25,successful,1299.65,2025-11
5718,1412,Caitlyn Reyes,101,,Laptop,Elec,offline,Bangalore,2025-12-12,3,Card,0.2,Cai*****@gmail.com,64******93,successful,,2025-12
5719,1713,Carolyn Sanchez,106,80000.0,Sofa,Furniture,online,Mumbai,2025-12-10,1,NetBanking,0.1,Car*****@outlook.com,76******68,successful,79999.9,2025-12
5720,1165,Alexis Wilson,108,15000.0,Mixer Grinder,Home Appliances,offline,Delhi,2025-10-03,5,Cash,0.2,Ale*****@outlook.com,88******63,successful,74999.8,2025-10
5722,1902,Sandra Buck,104,8000.0,Shoes,Cloth,offline,Chennai,2025-05-08,5,NetBanking,0.1,San*****@yahoo.com,84******65,successful,39999.9,2025-05
5723,1184,Oscar Tucker,110,45000.0,Microwave,Home Appliances,offline,Delhi,2025-12-24,1,NetBanking,0.4,Osc*****@gmail.com,83******09,successful,44999.6,2025-12
5724,1191,Jeremy Werner,103,1300.0,Shirt,Clothing,online,Bangalore,2025-09-22,3,NetBanking,0.3,Jer*****@outlook.com,70******55,successful,3899.7,2025-09
5725,1516,Alexander Holder,104,8000.0,Shoes,Clothing,online,Hyderabad,2025-08-04,1,Card,0.25,Ale*****@yahoo.com,80******94,successful,7999.75,2025-08
5726,1267,Thomas Crawford,103,1300.0,Shirt,Clothing,offline,Bangalore,2026-06-01,4,NetBanking,0.15,Tho*****@gmail.com,83******50,successful,5199.85,2026-06
5727,1818,Brooke Miles,105,45000.0,Tv,Elec,offline,Hyderabad,2025-07-29,3,UPI,0.4,Bro*****@gmail.com,64******46,successful,134999.6,2025-07
5728,1188,Anthony Martinez,103,1300.0,Shirt,Cloth,online,Hyderabad,2026-03-01,4,Card,0.1,Ant*****@gmail.com,94******24,successful,5199.9,2026-03
5729,1668,Mary Dyer,104,,Shoes,Clothing,offline,Bangalore,2025-06-05,3,UPI,0.05,Mar*****@outlook.com,81******22,successful,,2025-06
5730,1642,Jeffrey Taylor,103,1300.0,Shirt,Clothing,online,Delhi,2026-01-03,1,Cash,0.2,Jef*****@gmail.com,96******99,successful,1299.8,2026-01
5731,1410,Emily Johnson,101,250000.0,Laptop,Electronics,online,Chennai,2026-02-01,5,NetBanking,0.3,Emi*****@outlook.com,84******44,successful,1249999.7,2026-02
5733,1249,Brittany Ortega,101,250000.0,Laptop,Electronics,offline,Chennai,2026-04-02,2,NetBanking,0.1,Bri*****@gmail.com,76******14,successful,499999.9,2026-04
5734,1279,Martin Bass,104,,Shoes,Clothing,offline,Chennai,2025-05-16,1,UPI,0.1,Mar*****@gmail.com,88******62,successful,,2025-05
5736,1604,Melissa Mcpherson,101,250000.0,Laptop,Electronics,offline,Delhi,2025-06-08,1,UPI,0.4,Mel*****@yahoo.com,77******81,successful,249999.6,2025-06
5737,1047,William Melendez,109,65000.0,Refrigerator,Home,offline,Delhi,2025-12-06,4,UPI,0.4,Wil*****@yahoo.com,72******92,successful,259999.6,2025-12
5738,1309,Jonathan Turner,106,80000.0,Sofa,Furn,offline,Hyderabad,2026-04-16,5,Cash,0.2,Jon*****@outlook.com,92******06,successful,399999.8,2026-04
5739,1684,Leslie Cole,106,,Sofa,Furniture,online,Bangalore,2026-01-14,3,UPI,0.1,Les*****@gmail.com,85******77,successful,,2026-01
5740,1140,Jessica Underwood,108,15000.0,Mixer Grinder,Home Appliances,online,Chennai,2025-12-07,1,Cash,0.25,Jes*****@yahoo.com,91******86,successful,14999.75,2025-12
5741,1775,Christopher Garcia,106,80000.0,Sofa,Furniture,offline,Mumbai,2026-02-01,2,Card,0.05,Chr*****@outlook.com,64******73,successful,159999.95,2026-02
5742,1457,Carla Smith,106,80000.0,Sofa,Furniture,offline,Chennai,2025-06-05,5,Cash,0.35,Car*****@yahoo.com,93******95,successful,399999.65,2025-06
5743,1037,Matthew Olson,108,15000.0,Mixer Grinder,Home Appliances,online,Mumbai,2025-12-28,2,UPI,0.15,Mat*****@gmail.com,68******98,successful,29999.85,2025-12
5747,1147,Kimberly Martin,101,250000.0,Laptop,Electronics,online,Delhi,2026-03-26,1,UPI,0.25,Kim*****@gmail.com,68******66,successful,249999.75,2026-03
5748,1717,Evelyn Miller,102,70000.0,Phone,Elec,online,Hyderabad,2025-09-19,5,Cash,0.25,Eve*****@gmail.com,92******17,successful,349999.75,2025-09
5749,1417,Michael Wade,107,,Dining Table,Furniture,offline,Chennai,2025-09-25,1,Card,0.1,Mic*****@outlook.com,97******22,successful,,2025-09
5755,1096,Andrew Hardy,101,250000.0,Laptop,Elec,online,Mumbai,2025-07-11,4,Cash,0.1,And*****@gmail.com,70******72,successful,999999.9,2025-07
5756,1546,Misty Wyatt,102,70000.0,Phone,Elec,offline,Hyderabad,2025-04-30,2,UPI,0.3,Mis*****@gmail.com,94******24,successful,139999.7,2025-04
5759,1893,Michael Gibbs,110,45000.0,Microwave,Home Appliances,offline,Delhi,2025-07-23,4,UPI,0.35,Mic*****@outlook.com,65******15,successful,179999.65,2025-07
5760,1544,Robert Moore,110,,Microwave,Home,online,Bangalore,2025-07-06,5,NetBanking,0.1,Rob*****@gmail.com,90******87,successful,,2025-07
5761,1475,Jeremiah Jensen,101,250000.0,Laptop,Electronics,offline,Delhi,2026-03-18,3,Card,0.2,Jer*****@gmail.com,87******61,successful,749999.8,2026-03
5764,1415,Jennifer Jackson,108,15000.0,Mixer Grinder,Home Appliances,online,Mumbai,2025-05-02,5,Cash,0.25,Jen*****@gmail.com,89******93,successful,74999.75,2025-05
5765,1258,Erica Smith,101,250000.0,Laptop,Elec,online,Bangalore,2025-05-16,5,Cash,0.2,Eri*****@outlook.com,92******42,successful,1249999.8,2025-05
5767,1817,Debra Jenkins,101,250000.0,Laptop,Electronics,online,Chennai,2025-08-06,4,Cash,0.1,Deb*****@outlook.com,63******18,successful,999999.9,2025-08
5768,1116,Jennifer Dillon,107,50000.0,Dining Table,Furn,offline,Delhi,2025-10-12,3,UPI,0.35,Jen*****@yahoo.com,73******19,successful,149999.65,2025-10
5770,1843,Alexander Lamb,102,70000.0,Phone,Electronics,online,Bangalore,2025-08-15,5,Cash,0.1,Ale*****@outlook.com,92******10,successful,349999.9,2025-08
5771,1224,Diana Patel,105,,Tv,Electronics,online,Chennai,2026-01-03,1,UPI,0.35,Dia*****@yahoo.com,61******98,successful,,2026-01
5772,1073,John Stone,107,50000.0,Dining Table,Furniture,online,Hyderabad,2026-04-14,3,Card,0.25,Joh*****@yahoo.com,97******98,successful,149999.75,2026-04
5773,1559,Jason Johnson,106,80000.0,Sofa,Furniture,online,Delhi,2026-01-18,5,Cash,0.3,Jas*****@yahoo.com,97******10,successful,399999.7,2026-01
5774,1956,Pamela Fernandez,101,250000.0,Laptop,Electronics,offline,Hyderabad,2025-12-21,5,UPI,0.25,Pam*****@outlook.com,83******69,successful,1249999.75,2025-12
5775,1287,Roy Mack,103,1300.0,Shirt,Cloth,offline,Mumbai,2025-05-01,1,UPI,0.2,Roy*****@gmail.com,72******81,successful,1299.8,2025-05
5776,1521,Nicole Mills,110,45000.0,Microwave,Home Appliances,offline,Delhi,2025-09-29,3,UPI,0.4,Nic*****@gmail.com,76******70,successful,134999.6,2025-09
5777,1790,Max Guzman,103,1300.0,Shirt,Clothing,offline,Mumbai,2026-03-24,5,Card,0.2,Max*****@yahoo.com,60******12,successful,6499.8,2026-03
5778,1404,John Greene,110,45000.0,Microwave,Home,online,Mumbai,2025-06-05,4,Cash,0.35,Joh*****@yahoo.com,73******84,successful,179999.65,2025-06
5779,1493,Caitlin Wilson,102,70000.0,Phone,Electronics,offline,Mumbai,2026-02-09,1,NetBanking,0.05,Cai*****@gmail.com,64******36,successful,69999.95,2026-02
5780,1884,Sandra Moore,106,80000.0,Sofa,Furniture,online,Delhi,2025-11-14,1,UPI,0.05,San*****@yahoo.com,79******23,successful,79999.95,2025-11
5782,1768,Matthew Harris,109,65000.0,Refrigerator,Home Appliances,offline,Hyderabad,2025-10-16,4,NetBanking,0.3,Mat*****@yahoo.com,76******61,successful,259999.7,2025-10
5783,1276,Thomas Williamson,105,45000.0,Tv,Elec,online,Mumbai,2025-08-27,2,Card,0.15,Tho*****@outlook.com,90******37,successful,89999.85,2025-08
5784,1261,Paul Jones,104,8000.0,Shoes,Clothing,offline,Hyderabad,2025-06-29,5,Card,0.1,Pau*****@gmail.com,92******04,successful,39999.9,2025-06
5785,1348,William Brown,106,80000.0,Sofa,Furn,offline,Delhi,2025-08-16,1,Card,0.4,Wil*****@gmail.com,72******70,successful,79999.6,2025-08
5786,1115,Tina White,108,15000.0,Mixer Grinder,Home Appliances,online,Hyderabad,2026-02-08,1,Card,0.05,Tin*****@yahoo.com,95******48,successful,14999.95,2026-02
5788,1211,David Kelly,106,80000.0,Sofa,Furniture,offline,Chennai,2026-03-26,2,UPI,0.25,Dav*****@gmail.com,76******28,successful,159999.75,2026-03
5790,1103,Steven Martinez,109,,Refrigerator,Home Appliances,offline,Mumbai,2025-04-12,5,Card,0.1,Ste*****@gmail.com,63******77,successful,,2025-04
5791,1876,Bonnie Cole,104,8000.0,Shoes,Clothing,online,Bangalore,2025-12-21,1,Card,0.3,Bon*****@gmail.com,88******23,successful,7999.7,2025-12
5792,1978,Carl Gardner,105,45000.0,Tv,Electronics,offline,Mumbai,2026-01-02,5,Cash,0.1,Car*****@outlook.com,85******66,successful,224999.9,2026-01
5793,1520,Kelly Jordan,107,50000.0,Dining Table,Furn,online,Chennai,2025-11-27,5,NetBanking,0.15,Kel*****@outlook.com,69******48,successful,249999.85,2025-11
5794,1515,Judy Bishop,101,250000.0,Laptop,Electronics,offline,Bangalore,2025-10-04,2,UPI,0.2,Jud*****@outlook.com,94******66,successful,499999.8,2025-10
5795,1683,Rachel King,108,15000.0,Mixer Grinder,Home Appliances,online,Bangalore,2025-11-09,3,UPI,0.35,Rac*****@gmail.com,63******20,successful,44999.65,2025-11
5796,1853,Tiffany Watts,109,65000.0,Refrigerator,Home,online,Delhi,2025-08-14,2,UPI,0.1,Tif*****@outlook.com,73******54,successful,129999.9,2025-08
5797,1027,Joseph Hunt,107,50000.0,Dining Table,Furniture,offline,Mumbai,2026-02-12,3,UPI,0.1,Jos*****@outlook.com,79******16,successful,149999.9,2026-02
5798,1993,Samantha Lambert,106,80000.0,Sofa,Furn,online,Bangalore,2025-04-27,1,Cash,0.4,Sam*****@yahoo.com,68******94,successful,79999.6,2025-04
5799,1092,Darrell Hines,104,8000.0,Shoes,Clothing,offline,Chennai,2025-06-08,3,NetBanking,0.35,Dar*****@outlook.com,64******14,successful,23999.65,2025-06
5800,1176,Mallory Hernandez,109,65000.0,Refrigerator,Home Appliances,online,Chennai,2025-05-19,3,Card,0.05,Mal*****@gmail.com,73******19,successful,194999.95,2025-05
5803,1099,Mike Sanders,109,65000.0,Refrigerator,Home Appliances,offline,Mumbai,2025-12-16,1,NetBanking,0.15,Mik*****@gmail.com,86******33,successful,64999.85,2025-12
5804,1453,Tanner Smith,108,15000.0,Mixer Grinder,Home,online,Mumbai,2025-10-09,2,NetBanking,0.4,Tan*****@outlook.com,79******25,successful,29999.6,2025-10
5805,1046,Stephanie Bell,107,50000.0,Dining Table,Furniture,offline,Mumbai,2025-06-26,2,NetBanking,0.3,Ste*****@yahoo.com,67******42,successful,99999.7,2025-06
5806,1190,Tyler Campbell,109,65000.0,Refrigerator,Home Appliances,offline,Hyderabad,2026-01-28,1,NetBanking,0.4,Tyl*****@yahoo.com,83******38,successful,64999.6,2026-01
5807,1952,Angela Smith,104,8000.0,Shoes,Clothing,online,Chennai,2025-05-09,4,Card,0.2,Ang*****@gmail.com,66******77,successful,31999.8,2025-05
5808,1419,Jessica Mays,102,70000.0,Phone,Electronics,offline,Bangalore,2025-05-26,1,NetBanking,0.1,Jes*****@gmail.com,67******45,successful,69999.9,2025-05
5811,1327,Samuel Leonard,108,15000.0,Mixer Grinder,Home Appliances,offline,Delhi,2026-02-27,4,UPI,0.1,Sam*****@yahoo.com,62******72,successful,59999.9,2026-02
5812,1458,Mark Morse,105,45000.0,Tv,Electronics,offline,Hyderabad,2025-05-09,2,NetBanking,0.25,Mar*****@gmail.com,77******65,successful,89999.75,2025-05
5813,1007,Bryan Lindsey,102,70000.0,Phone,Electronics,offline,Hyderabad,2025-08-04,2,Card,0.4,Bry*****@gmail.com,92******89,successful,139999.6,2025-08
5814,1447,Michele Wright,105,,Tv,Electronics,online,Bangalore,2026-04-15,5,NetBanking,0.3,Mic*****@gmail.com,77******79,successful,,2026-04
5815,1851,Anna Baker,110,45000.0,Microwave,Home,offline,Bangalore,2025-10-23,1,Cash,0.25,Ann*****@outlook.com,60******38,successful,44999.75,2025-10
5817,1350,Christine Nelson,109,65000.0,Refrigerator,Home Appliances,online,Hyderabad,2025-07-15,2,NetBanking,0.1,Chr*****@gmail.com,98******67,successful,129999.9,2025-07
5818,1932,Eric Mitchell,103,1300.0,Shirt,Clothing,online,Hyderabad,2026-04-15,5,Cash,0.2,Eri*****@gmail.com,73******00,successful,6499.8,2026-04
5819,1637,Priscilla Acosta,104,8000.0,Shoes,Clothing,online,Mumbai,2025-10-09,2,NetBanking,0.4,Pri*****@gmail.com,81******52,successful,15999.6,2025-10
5820,1711,Neil Farley,106,80000.0,Sofa,Furniture,offline,Mumbai,2025-11-07,4,Cash,0.35,Nei*****@yahoo.com,71******83,successful,319999.65,2025-11
5821,1133,Jesse Rowe,109,65000.0,Refrigerator,Home Appliances,offline,Hyderabad,2025-12-06,4,Cash,0.2,Jes*****@yahoo.com,87******90,successful,259999.8,2025-12
5822,1429,Joshua Henry,109,65000.0,Refrigerator,Home,offline,Hyderabad,2025-12-09,4,UPI,0.25,Jos*****@gmail.com,99******98,successful,259999.75,2025-12
5823,1074,Justin Cooper,109,65000.0,Refrigerator,Home Appliances,online,Chennai,2025-07-23,4,Card,0.15,Jus*****@gmail.com,90******53,successful,259999.85,2025-07
5825,1664,Diane King,110,45000.0,Microwave,Home,online,Bangalore,2026-02-14,3,Card,0.05,Dia*****@yahoo.com,97******28,successful,134999.95,2026-02
5827,1677,Emily Clark,101,250000.0,Laptop,Electronics,offline,Delhi,2025-06-19,2,Cash,0.05,Emi*****@gmail.com,88******51,successful,499999.95,2025-06
5829,1002,John Martin,110,,Microwave,Home,online,Mumbai,2026-02-10,3,NetBanking,0.15,Joh*****@gmail.com,67******28,successful,,2026-02
5832,1207,Sydney Sanchez,110,45000.0,Microwave,Home Appliances,online,Hyderabad,2025-04-26,4,Cash,0.2,Syd*****@yahoo.com,75******42,successful,179999.8,2025-04
5833,1135,Brian Foster,110,45000.0,Microwave,Home Appliances,online,Hyderabad,2025-12-28,5,Card,0.15,Bri*****@gmail.com,91******85,successful,224999.85,2025-12
5834,1637,Priscilla Acosta,104,8000.0,Shoes,Cloth,offline,Mumbai,2025-11-10,2,Card,0.05,Pri*****@gmail.com,81******52,successful,15999.95,2025-11
5835,1962,Michael Simon,110,45000.0,Microwave,Home Appliances,offline,Mumbai,2025-12-15,5,Card,0.3,Mic*****@gmail.com,74******32,successful,224999.7,2025-12
5836,1144,Brianna Williams,103,1300.0,Shirt,Clothing,online,Bangalore,2025-08-09,2,NetBanking,0.35,Bri*****@gmail.com,94******30,successful,2599.65,2025-08
5837,1945,Amanda Brown,104,8000.0,Shoes,Cloth,online,Mumbai,2026-04-04,3,Cash,0.35,Ama*****@gmail.com,99******17,successful,23999.65,2026-04
5838,1529,Brian Smith,106,80000.0,Sofa,Furn,online,Delhi,2025-07-21,1,Card,0.3,Bri*****@outlook.com,88******18,successful,79999.7,2025-07
5839,1422,Holly Rivera,107,50000.0,Dining Table,Furniture,offline,Bangalore,2025-12-09,3,Card,0.25,Hol*****@outlook.com,70******59,successful,149999.75,2025-12
5840,1513,Nathan King,106,80000.0,Sofa,Furn,online,Hyderabad,2025-05-22,3,Cash,0.2,Nat*****@gmail.com,98******27,successful,239999.8,2025-05
5841,1515,Judy Bishop,105,45000.0,Tv,Electronics,online,Bangalore,2025-09-19,2,UPI,0.2,Jud*****@outlook.com,94******66,successful,89999.8,2025-09
5842,1917,Bruce Dodson,104,8000.0,Shoes,Clothing,offline,Delhi,2025-09-04,1,Card,0.05,Bru*****@yahoo.com,70******10,successful,7999.95,2025-09
5844,1743,Shaun Zimmerman,108,15000.0,Mixer Grinder,Home Appliances,online,Hyderabad,2026-03-18,4,NetBanking,0.35,Sha*****@gmail.com,97******87,successful,59999.65,2026-03
5845,1347,George Hill,106,80000.0,Sofa,Furn,offline,Chennai,2025-09-09,3,NetBanking,0.3,Geo*****@gmail.com,96******92,successful,239999.7,2025-09
5846,1208,Andrew Collins,110,,Microwave,Home,offline,Mumbai,2025-12-30,4,NetBanking,0.2,And*****@gmail.com,63******60,successful,,2025-12
5847,1379,Anthony Howard,101,250000.0,Laptop,Electronics,online,Delhi,2026-09-03,5,NetBanking,0.35,Ant*****@gmail.com,81******33,successful,1249999.65,2026-09
5848,1191,Jeremy Werner,102,70000.0,Phone,Electronics,offline,Bangalore,2025-04-12,2,Cash,0.1,Jer*****@outlook.com,70******55,successful,139999.9,2025-04
5849,1227,James Mccormick,109,65000.0,Refrigerator,Home Appliances,online,Chennai,2025-05-24,3,Cash,0.3,Jam*****@outlook.com,78******04,successful,194999.7,2025-05
5850,1974,James Davis,110,45000.0,Microwave,Home Appliances,online,Delhi,2025-05-25,5,NetBanking,0.3,Jam*****@outlook.com,70******61,successful,224999.7,2025-05
5851,1964,Teresa Jordan,103,1300.0,Shirt,Clothing,offline,Hyderabad,2025-12-12,1,Card,0.15,Ter*****@gmail.com,68******32,successful,1299.85,2025-12
5852,1197,Bradley Yates,106,,Sofa,Furniture,offline,Bangalore,2025-04-12,5,Cash,0.4,Bra*****@gmail.com,70******48,successful,,2025-04
5853,1030,Anthony Hayden,101,250000.0,Laptop,Electronics,offline,Chennai,2025-06-06,3,Card,0.05,Ant*****@gmail.com,95******39,successful,749999.95,2025-06
5855,1204,Andrew Hendricks,104,8000.0,Shoes,Cloth,offline,Mumbai,2026-04-03,5,Cash,0.1,And*****@gmail.com,72******79,successful,39999.9,2026-04
5859,1371,Kayla Luna,106,80000.0,Sofa,Furniture,offline,Chennai,2025-10-15,2,Card,0.2,Kay*****@outlook.com,76******81,successful,159999.8,2025-10
5861,1478,Susan Davis,101,250000.0,Laptop,Electronics,online,Bangalore,2025-11-05,1,Card,0.2,Sus*****@outlook.com,78******80,successful,249999.8,2025-11
5862,1565,Mark Johnson,107,50000.0,Dining Table,Furniture,online,Mumbai,2025-08-27,3,UPI,0.4,Mar*****@yahoo.com,61******33,successful,149999.6,2025-08
5863,1243,Erin Roberts,106,80000.0,Sofa,Furniture,online,Chennai,2025-09-30,2,Cash,0.35,Eri*****@gmail.com,82******19,successful,159999.65,2025-09
5864,1828,Sheila Hunt,108,15000.0,Mixer Grinder,Home Appliances,online,Bangalore,2025-10-26,2,NetBanking,0.1,She*****@yahoo.com,76******76,successful,29999.9,2025-10
5867,1750,Anita Mclean,110,45000.0,Microwave,Home Appliances,online,Chennai,2025-07-23,1,NetBanking,0.35,Ani*****@gmail.com,92******17,successful,44999.65,2025-07
5868,1526,Joseph Farmer,103,1300.0,Shirt,Clothing,offline,Bangalore,2025-06-09,4,NetBanking,0.35,Jos*****@gmail.com,71******08,successful,5199.65,2025-06
5869,1807,Kristen Leonard,104,8000.0,Shoes,Cloth,offline,Delhi,2026-03-28,4,Card,0.35,Kri*****@gmail.com,83******16,successful,31999.65,2026-03
5870,1494,Pamela Wong,104,8000.0,Shoes,Cloth,online,Chennai,2025-10-15,5,UPI,0.2,Pam*****@outlook.com,80******60,successful,39999.8,2025-10
5871,1135,Brian Foster,104,8000.0,Shoes,Cloth,offline,Hyderabad,2026-02-25,5,Cash,0.1,Bri*****@gmail.com,91******85,successful,39999.9,2026-02
5872,1325,Jennifer Morgan,107,50000.0,Dining Table,Furn,offline,Delhi,2025-12-26,3,NetBanking,0.15,Jen*****@outlook.com,74******76,successful,149999.85,2025-12
5873,1216,Patricia Larson,103,1300.0,Shirt,Clothing,online,Mumbai,2025-01-08,2,NetBanking,0.15,Pat*****@gmail.com,69******90,successful,2599.85,2025-01
5875,1279,Martin Bass,106,80000.0,Sofa,Furniture,offline,Chennai,2025-07-15,3,Cash,0.25,Mar*****@gmail.com,88******62,successful,239999.75,2025-07
5876,1825,Mary Malone,102,70000.0,Phone,Electronics,online,Delhi,2025-09-23,5,Card,0.25,Mar*****@outlook.com,70******80,successful,349999.75,2025-09
5877,1635,Joseph Lee,110,45000.0,Microwave,Home,offline,Mumbai,2025-07-15,4,Cash,0.4,Jos*****@gmail.com,75******95,successful,179999.6,2025-07
5878,1566,Brittney Klein,108,15000.0,Mixer Grinder,Home Appliances,online,Bangalore,2025-05-06,4,Card,0.4,Bri*****@gmail.com,84******54,successful,59999.6,2025-05
5879,1679,Patricia White,104,8000.0,Shoes,Clothing,offline,Mumbai,2025-12-27,2,Card,0.4,Pat*****@gmail.com,99******06,successful,15999.6,2025-12
5880,1518,Janet Norman,106,80000.0,Sofa,Furn,offline,Hyderabad,2025-05-27,2,NetBanking,0.35,Jan*****@outlook.com,66******39,successful,159999.65,2025-05
5881,1460,Kenneth Dixon,107,50000.0,Dining Table,Furniture,online,Chennai,2025-07-20,4,Card,0.4,Ken*****@gmail.com,78******43,successful,199999.6,2025-07
5882,1079,Jeffrey Jones,103,1300.0,Shirt,Clothing,online,Mumbai,2025-12-30,1,Cash,0.4,Jef*****@outlook.com,75******47,successful,1299.6,2025-12
5883,1319,Debra Williams,105,45000.0,Tv,Electronics,offline,Chennai,2026-02-14,4,NetBanking,0.4,Deb*****@gmail.com,92******76,successful,179999.6,2026-02
5886,1317,Kathleen Ferrell,103,1300.0,Shirt,Cloth,offline,Delhi,2025-05-20,4,NetBanking,0.35,Kat*****@gmail.com,84******36,successful,5199.65,2025-05
5888,1526,Joseph Farmer,104,,Shoes,Cloth,offline,Bangalore,2025-05-11,2,UPI,0.3,Jos*****@gmail.com,71******08,successful,,2025-05
5889,1673,Carol Figueroa,108,15000.0,Mixer Grinder,Home Appliances,online,Bangalore,2025-10-11,3,Cash,0.4,Car*****@yahoo.com,69******66,successful,44999.6,2025-10
5890,1408,Mark Dunn,108,15000.0,Mixer Grinder,Home Appliances,offline,Hyderabad,2026-11-04,3,UPI,0.15,Mar*****@outlook.com,89******17,successful,44999.85,2026-11
5891,1486,Nancy Hart,109,65000.0,Refrigerator,Home Appliances,offline,Mumbai,2025-11-22,1,UPI,0.05,Nan*****@outlook.com,65******90,successful,64999.95,2025-11
5892,1698,James Carter,104,8000.0,Shoes,Clothing,online,Hyderabad,2025-05-05,1,Cash,0.2,Jam*****@outlook.com,85******47,successful,7999.8,2025-05
5893,1165,Alexis Wilson,102,70000.0,Phone,Electronics,offline,Delhi,2025-06-17,2,Card,0.3,Ale*****@outlook.com,88******63,successful,139999.7,2025-06
5894,1874,Kim Woodward,107,,Dining Table,Furn,offline,Delhi,2025-09-25,5,UPI,0.25,Kim*****@outlook.com,82******56,successful,,2025-09
5895,1481,Daniel Washington,106,80000.0,Sofa,Furniture,online,Hyderabad,2026-02-09,5,Cash,0.1,Dan*****@outlook.com,67******89,successful,399999.9,2026-02
5896,1269,Nicholas Fuller,104,8000.0,Shoes,Clothing,online,Hyderabad,2026-09-01,5,NetBanking,0.3,Nic*****@yahoo.com,94******00,successful,39999.7,2026-09
5897,1959,Benjamin Davis,109,65000.0,Refrigerator,Home Appliances,online,Hyderabad,2026-01-13,5,Cash,0.4,Ben*****@gmail.com,64******42,successful,324999.6,2026-01
5898,1427,Sarah Williams,106,80000.0,Sofa,Furniture,online,Hyderabad,2026-01-29,3,NetBanking,0.15,Sar*****@gmail.com,82******38,successful,239999.85,2026-01
5899,1468,Gina Hendricks,103,1300.0,Shirt,Clothing,online,Bangalore,2025-09-01,1,UPI,0.15,Gin*****@yahoo.com,70******48,successful,1299.85,2025-09
5900,1185,Ian Park,103,1300.0,Shirt,Cloth,offline,Hyderabad,2025-11-12,4,Card,0.15,Ian*****@gmail.com,77******29,successful,5199.85,2025-11
5901,1778,Joseph Tucker,108,15000.0,Mixer Grinder,Home,offline,Hyderabad,2025-10-03,5,Cash,0.15,Jos*****@gmail.com,79******67,successful,74999.85,2025-10
5902,1218,Lindsey Gallegos,110,45000.0,Microwave,Home,online,Hyderabad,2026-04-05,5,Cash,0.15,Lin*****@gmail.com,61******99,successful,224999.85,2026-04
5905,1838,Nicole Evans,107,50000.0,Dining Table,Furniture,offline,Mumbai,2025-08-31,4,Cash,0.05,Nic*****@gmail.com,80******83,successful,199999.95,2025-08
5906,1662,Matthew Brown,103,1300.0,Shirt,Clothing,offline,Mumbai,2025-07-05,5,NetBanking,0.05,Mat*****@gmail.com,76******09,successful,6499.95,2025-07
5908,1213,David Davis,104,8000.0,Shoes,Clothing,offline,Delhi,2025-12-06,2,NetBanking,0.05,Dav*****@gmail.com,75******49,successful,15999.95,2025-12
5909,1595,John Paul,107,50000.0,Dining Table,Furniture,offline,Delhi,2026-03-02,3,Cash,0.1,Joh*****@outlook.com,97******62,successful,149999.9,2026-03
5910,1952,Angela Smith,109,65000.0,Refrigerator,Home Appliances,offline,Chennai,2026-03-03,4,UPI,0.1,Ang*****@gmail.com,66******77,successful,259999.9,2026-03
5911,1373,Sarah Rodriguez,104,8000.0,Shoes,Cloth,online,Delhi,2025-11-22,5,Card,0.3,Sar*****@yahoo.com,88******01,successful,39999.7,2025-11
5912,1431,Michael White,110,45000.0,Microwave,Home Appliances,online,Chennai,2026-01-21,5,NetBanking,0.25,Mic*****@outlook.com,99******90,successful,224999.75,2026-01
5914,1273,Lisa Henry,109,65000.0,Refrigerator,Home,online,Hyderabad,2026-01-09,4,Card,0.15,Lis*****@gmail.com,79******89,successful,259999.85,2026-01
5915,1860,Rhonda Henderson,105,45000.0,Tv,Electronics,offline,Hyderabad,2025-05-31,1,Cash,0.15,Rho*****@gmail.com,76******09,successful,44999.85,2025-05
5916,1974,James Davis,109,65000.0,Refrigerator,Home,online,Delhi,2025-09-25,4,NetBanking,0.05,Jam*****@outlook.com,70******61,successful,259999.95,2025-09
5917,1348,William Brown,104,8000.0,Shoes,Clothing,offline,Delhi,2025-06-08,3,UPI,0.35,Wil*****@gmail.com,72******70,successful,23999.65,2025-06
5918,1411,Luis Jackson,109,65000.0,Refrigerator,Home Appliances,online,Mumbai,2026-01-19,2,UPI,0.3,Lui*****@gmail.com,66******17,successful,129999.7,2026-01
5919,1438,Paul Webster,101,250000.0,Laptop,Electronics,online,Bangalore,2026-03-07,1,Cash,0.2,Pau*****@gmail.com,98******43,successful,249999.8,2026-03
5920,1807,Kristen Leonard,104,8000.0,Shoes,Clothing,offline,Delhi,2026-06-03,3,NetBanking,0.25,Kri*****@gmail.com,83******16,successful,23999.75,2026-06
5921,1487,Joshua Taylor,110,45000.0,Microwave,Home Appliances,offline,Hyderabad,2025-08-12,2,Cash,0.05,Jos*****@outlook.com,87******85,successful,89999.95,2025-08
5922,1363,Seth Everett,102,70000.0,Phone,Elec,online,Mumbai,2025-11-08,5,Card,0.05,Set*****@gmail.com,83******39,successful,349999.95,2025-11
5923,1157,Regina Bradford,103,,Shirt,Cloth,offline,Chennai,2026-01-08,3,Card,0.3,Reg*****@gmail.com,85******50,successful,,2026-01
5924,1404,John Greene,107,50000.0,Dining Table,Furniture,online,Mumbai,2025-06-07,3,NetBanking,0.05,Joh*****@yahoo.com,73******84,successful,149999.95,2025-06
5925,1674,Debra Lopez,103,1300.0,Shirt,Clothing,offline,Delhi,2025-06-05,1,Cash,0.2,Deb*****@yahoo.com,87******58,successful,1299.8,2025-06
5926,1363,Seth Everett,109,65000.0,Refrigerator,Home Appliances,online,Mumbai,2026-04-13,5,NetBanking,0.15,Set*****@gmail.com,83******39,successful,324999.85,2026-04
5927,1945,Amanda Brown,105,45000.0,Tv,Elec,offline,Mumbai,2025-09-10,2,UPI,0.4,Ama*****@gmail.com,99******17,successful,89999.6,2025-09
5929,1745,Monique Bird,104,,Shoes,Cloth,online,Delhi,2025-05-22,5,UPI,0.4,Mon*****@yahoo.com,76******67,successful,,2025-05
5930,1748,Misty Hensley,101,250000.0,Laptop,Elec,online,Delhi,2025-10-08,1,UPI,0.4,Mis*****@gmail.com,80******98,successful,249999.6,2025-10
5931,1245,Carlos Bennett,101,250000.0,Laptop,Electronics,offline,Mumbai,2026-02-11,1,Cash,0.35,Car*****@gmail.com,72******37,successful,249999.65,2026-02
5932,1743,Shaun Zimmerman,103,1300.0,Shirt,Clothing,online,Hyderabad,2025-07-11,5,Cash,0.2,Sha*****@gmail.com,97******87,successful,6499.8,2025-07
5933,1301,Sandra Palmer,104,8000.0,Shoes,Cloth,offline,Mumbai,2026-01-28,2,Cash,0.2,San*****@gmail.com,69******53,successful,15999.8,2026-01
5934,1399,Kristen Buchanan,104,8000.0,Shoes,Clothing,offline,Bangalore,2025-06-01,1,Card,0.3,Kri*****@yahoo.com,74******97,successful,7999.7,2025-06
5935,1233,Heather Reilly,101,250000.0,Laptop,Electronics,offline,Bangalore,2025-10-26,4,UPI,0.1,Hea*****@gmail.com,95******68,successful,999999.9,2025-10
5936,1168,Jessica Adams,102,70000.0,Phone,Electronics,online,Mumbai,2025-07-08,2,Cash,0.25,Jes*****@outlook.com,69******37,successful,139999.75,2025-07
5937,1619,Jon Perry,107,50000.0,Dining Table,Furniture,offline,Chennai,2026-01-18,4,UPI,0.2,Jon*****@yahoo.com,76******02,successful,199999.8,2026-01
5938,1182,Nancy Jones,104,8000.0,Shoes,Cloth,offline,Delhi,2025-06-06,3,UPI,0.4,Nan*****@outlook.com,99******38,successful,23999.6,2025-06
5939,1632,Ashley Delgado,101,250000.0,Laptop,Elec,online,Hyderabad,2025-09-16,5,UPI,0.25,Ash*****@gmail.com,62******12,successful,1249999.75,2025-09
5940,1409,Melanie Hayes,107,50000.0,Dining Table,Furniture,online,Bangalore,2025-11-09,1,UPI,0.35,Mel*****@yahoo.com,87******11,successful,49999.65,2025-11
5942,1461,Michael Cook,101,250000.0,Laptop,Elec,offline,Delhi,2025-09-28,2,UPI,0.05,Mic*****@gmail.com,90******03,successful,499999.95,2025-09
5943,1029,Kimberly Montes,106,80000.0,Sofa,Furn,offline,Chennai,2025-06-11,1,Card,0.4,Kim*****@outlook.com,76******80,successful,79999.6,2025-06
5945,1094,Kathleen Davis,107,,Dining Table,Furniture,offline,Delhi,2025-09-09,5,Cash,0.3,Kat*****@yahoo.com,90******77,successful,,2025-09
5946,1888,Bill Nunez,107,50000.0,Dining Table,Furn,online,Hyderabad,2025-11-27,4,UPI,0.4,Bil*****@gmail.com,66******17,successful,199999.6,2025-11
5947,1051,Heidi Haynes,107,50000.0,Dining Table,Furn,online,Delhi,2025-06-09,1,Card,0.3,Hei*****@yahoo.com,81******74,successful,49999.7,2025-06
5948,1797,Michael Sharp,108,15000.0,Mixer Grinder,Home,online,Mumbai,2025-06-25,5,Card,0.25,Mic*****@yahoo.com,75******03,successful,74999.75,2025-06
5949,1272,Tyler Vasquez,110,45000.0,Microwave,Home Appliances,online,Bangalore,2026-11-01,1,Card,0.35,Tyl*****@gmail.com,84******75,successful,44999.65,2026-11
5950,1198,Christopher Villa,103,1300.0,Shirt,Clothing,offline,Delhi,2026-01-23,2,Cash,0.3,Chr*****@yahoo.com,79******74,successful,2599.7,2026-01
5951,1671,John Owens,110,45000.0,Microwave,Home Appliances,online,Bangalore,2025-08-16,3,UPI,0.3,Joh*****@gmail.com,92******45,successful,134999.7,2025-08
5953,1374,Anthony Kelley,104,8000.0,Shoes,Clothing,online,Hyderabad,2025-11-10,4,NetBanking,0.2,Ant*****@gmail.com,99******08,successful,31999.8,2025-11
5954,1774,Heather Moore,103,1300.0,Shirt,Cloth,online,Delhi,2025-05-14,1,Cash,0.05,Hea*****@gmail.com,61******07,successful,1299.95,2025-05
5955,1360,Rachel Davis,109,65000.0,Refrigerator,Home,offline,Delhi,2025-10-23,2,UPI,0.15,Rac*****@yahoo.com,62******93,successful,129999.85,2025-10
5956,1436,Charles Osborne,102,70000.0,Phone,Electronics,online,Hyderabad,2025-08-31,2,Card,0.35,Cha*****@yahoo.com,86******02,successful,139999.65,2025-08
5957,1827,Monique Lee,102,70000.0,Phone,Elec,online,Delhi,2025-12-07,2,Card,0.05,Mon*****@gmail.com,97******44,successful,139999.95,2025-12
5958,1424,Karen White,103,1300.0,Shirt,Cloth,offline,Hyderabad,2026-02-03,1,NetBanking,0.2,Kar*****@gmail.com,97******60,successful,1299.8,2026-02
5959,1430,Jennifer Gregory,108,15000.0,Mixer Grinder,Home Appliances,online,Delhi,2025-08-21,2,Card,0.05,Jen*****@yahoo.com,98******72,successful,29999.95,2025-08
5961,1397,Joshua Zavala,109,65000.0,Refrigerator,Home Appliances,offline,Bangalore,2025-10-24,5,NetBanking,0.25,Jos*****@gmail.com,65******32,successful,324999.75,2025-10
5962,1258,Erica Smith,107,50000.0,Dining Table,Furniture,offline,Bangalore,2025-08-07,5,UPI,0.25,Eri*****@outlook.com,92******42,successful,249999.75,2025-08
5963,1089,Jessica Avila,104,8000.0,Shoes,Clothing,offline,Bangalore,2025-08-11,4,UPI,0.1,Jes*****@outlook.com,61******57,successful,31999.9,2025-08
5964,1099,Mike Sanders,104,8000.0,Shoes,Cloth,online,Mumbai,2026-01-18,1,Card,0.25,Mik*****@gmail.com,86******33,successful,7999.75,2026-01
5965,1113,Jason Russell,108,15000.0,Mixer Grinder,Home Appliances,online,Bangalore,2025-10-22,3,Card,0.05,Jas*****@yahoo.com,97******00,successful,44999.95,2025-10
5966,1675,Karen Cain,102,70000.0,Phone,Electronics,offline,Bangalore,2026-06-01,4,UPI,0.4,Kar*****@gmail.com,89******31,successful,279999.6,2026-06
5967,1084,Nicole Moss,101,250000.0,Laptop,Electronics,online,Delhi,2026-04-08,1,UPI,0.2,Nic*****@gmail.com,92******93,successful,249999.8,2026-04
5968,1183,Aaron Ramirez,104,,Shoes,Clothing,online,Chennai,2025-07-11,3,NetBanking,0.15,Aar*****@gmail.com,92******90,successful,,2025-07
5969,1383,John Lutz,101,,Laptop,Electronics,offline,Delhi,2026-01-31,4,UPI,0.15,Joh*****@outlook.com,76******68,successful,,2026-01
5970,1661,Amanda Huff,110,45000.0,Microwave,Home Appliances,offline,Chennai,2026-03-11,4,Card,0.4,Ama*****@gmail.com,74******38,successful,179999.6,2026-03
5971,1997,Michelle Meyer,101,250000.0,Laptop,Elec,online,Delhi,2026-03-23,3,UPI,0.25,Mic*****@gmail.com,78******15,successful,749999.75,2026-03
5972,1596,Amy Lopez,106,80000.0,Sofa,Furn,online,Bangalore,2025-04-28,2,Cash,0.1,Amy*****@outlook.com,70******00,successful,159999.9,2025-04
5973,1696,Derek Anderson,108,15000.0,Mixer Grinder,Home Appliances,offline,Chennai,2025-08-03,3,Cash,0.25,Der*****@yahoo.com,78******49,successful,44999.75,2025-08
5974,1161,Lucas Brown,105,45000.0,Tv,Elec,offline,Delhi,2025-09-10,5,NetBanking,0.4,Luc*****@outlook.com,78******84,successful,224999.6,2025-09
5976,1811,Rita Hamilton,101,250000.0,Laptop,Electronics,offline,Hyderabad,2025-07-09,5,Card,0.35,Rit*****@outlook.com,68******74,successful,1249999.65,2025-07
5977,1543,Victoria Moore,103,1300.0,Shirt,Clothing,online,Mumbai,2025-12-12,1,NetBanking,0.1,Vic*****@gmail.com,91******29,successful,1299.9,2025-12
5978,1333,Douglas Thompson,107,50000.0,Dining Table,Furn,offline,Delhi,2025-11-16,3,NetBanking,0.1,Dou*****@outlook.com,65******46,successful,149999.9,2025-11
5979,1244,Erik Davis,103,1300.0,Shirt,Cloth,offline,Mumbai,2026-03-18,1,UPI,0.3,Eri*****@gmail.com,72******73,successful,1299.7,2026-03
5980,1027,Joseph Hunt,107,50000.0,Dining Table,Furniture,offline,Mumbai,2025-07-18,4,UPI,0.3,Jos*****@outlook.com,79******16,successful,199999.7,2025-07
5981,1359,Jo Barnes,102,70000.0,Phone,Electronics,online,Chennai,2026-03-13,2,Cash,0.4,Jo9*****@gmail.com,94******78,successful,139999.6,2026-03
5982,1134,Jennifer Williams,107,50000.0,Dining Table,Furniture,online,Mumbai,2025-12-04,1,UPI,0.2,Jen*****@yahoo.com,89******26,successful,49999.8,2025-12
5983,1956,Pamela Fernandez,110,45000.0,Microwave,Home Appliances,offline,Hyderabad,2025-10-09,2,Card,0.2,Pam*****@outlook.com,83******69,successful,89999.8,2025-10
5984,1929,Elizabeth Drake,105,,Tv,Elec,offline,Chennai,2026-03-04,4,Cash,0.35,Eli*****@yahoo.com,85******25,successful,,2026-03
5986,1307,George Hall,108,15000.0,Mixer Grinder,Home Appliances,online,Bangalore,2026-05-03,5,NetBanking,0.4,Geo*****@outlook.com,63******07,successful,74999.6,2026-05
5987,1834,David Thomas,107,50000.0,Dining Table,Furniture,online,Mumbai,2025-07-08,3,Card,0.3,Dav*****@yahoo.com,66******27,successful,149999.7,2025-07
5988,1879,Carol Lane,109,65000.0,Refrigerator,Home,offline,Hyderabad,2026-10-01,5,Card,0.35,Car*****@outlook.com,83******02,successful,324999.65,2026-10
5989,1128,Autumn Morgan,103,1300.0,Shirt,Clothing,offline,Chennai,2026-01-24,4,Cash,0.05,Aut*****@gmail.com,80******06,successful,5199.95,2026-01
5991,1596,Amy Lopez,104,8000.0,Shoes,Clothing,offline,Bangalore,2025-04-17,4,NetBanking,0.3,Amy*****@outlook.com,70******00,successful,31999.7,2025-04
5992,1512,David Kent,101,250000.0,Laptop,Electronics,offline,Delhi,2026-01-28,1,UPI,0.4,Dav*****@gmail.com,69******74,successful,249999.6,2026-01
5993,1922,Thomas Rivera,107,50000.0,Dining Table,Furn,online,Bangalore,2025-05-31,2,NetBanking,0.25,Tho*****@gmail.com,75******21,successful,99999.75,2025-05
5995,1188,Anthony Martinez,108,15000.0,Mixer Grinder,Home Appliances,online,Hyderabad,2025-12-01,4,UPI,0.3,Ant*****@gmail.com,94******24,successful,59999.7,2025-12
5996,1631,Vincent Riley,105,,Tv,Electronics,online,Delhi,2025-08-01,1,Cash,0.05,Vin*****@gmail.com,76******30,successful,,2025-08
5998,1238,Troy Patton,104,8000.0,Shoes,Cloth,offline,Delhi,2025-11-26,1,Cash,0.4,Tro*****@gmail.com,96******91,successful,7999.6,2025-11
5999,1495,Ashley Mitchell,110,45000.0,Microwave,Home Appliances,online,Mumbai,2025-12-12,3,Cash,0.25,Ash*****@gmail.com,79******34,successful,134999.75,2025-12
6000,1899,Jason Miller,103,1300.0,Shirt,Clothing,online,Hyderabad,2025-11-15,5,NetBanking,0.05,Jas*****@gmail.com,93******28,successful,6499.95,2025-11
6001,1440,James Edwards,101,250000.0,Laptop,Elec,online,Delhi,2025-11-16,2,Cash,0.35,Jam*****@outlook.com,82******70,successful,499999.65,2025-11
6002,1558,Brenda Schneider,102,70000.0,Phone,Elec,online,Bangalore,2025-04-28,3,NetBanking,0.05,Bre*****@gmail.com,95******88,successful,209999.95,2025-04
6003,1503,Patrick Lopez,107,50000.0,Dining Table,Furniture,offline,Chennai,2025-04-25,3,Card,0.05,Pat*****@gmail.com,72******47,successful,149999.95,2025-04
6004,1218,Lindsey Gallegos,102,70000.0,Phone,Electronics,online,Hyderabad,2025-07-30,4,NetBanking,0.3,Lin*****@gmail.com,61******99,successful,279999.7,2025-07
6005,1256,Brooke Miller,101,250000.0,Laptop,Elec,online,Bangalore,2026-02-11,1,Cash,0.35,Bro*****@yahoo.com,73******47,successful,249999.65,2026-02
6006,1914,Miranda Sanchez,106,80000.0,Sofa,Furniture,online,Chennai,2025-06-06,1,NetBanking,0.4,Mir*****@gmail.com,78******77,successful,79999.6,2025-06
6009,1719,Laurie Hill,106,80000.0,Sofa,Furniture,online,Chennai,2025-08-21,3,NetBanking,0.1,Lau*****@gmail.com,94******60,successful,239999.9,2025-08
6010,1942,Susan Dean,107,50000.0,Dining Table,Furniture,online,Chennai,2025-10-25,3,UPI,0.3,Sus*****@gmail.com,94******64,successful,149999.7,2025-10
6011,1074,Justin Cooper,103,,Shirt,Cloth,offline,Chennai,2026-02-24,1,Cash,0.05,Jus*****@gmail.com,90******53,successful,,2026-02
6013,1435,Jeffrey Wood,107,50000.0,Dining Table,Furn,online,Hyderabad,2026-01-01,1,Card,0.15,Jef*****@gmail.com,72******89,successful,49999.85,2026-01
6014,1908,Nicole James,110,45000.0,Microwave,Home Appliances,online,Hyderabad,2025-04-29,2,Cash,0.25,Nic*****@gmail.com,62******72,successful,89999.75,2025-04
6015,1174,Kathleen Anderson,106,80000.0,Sofa,Furniture,online,Hyderabad,2025-05-31,3,Card,0.35,Kat*****@gmail.com,81******21,successful,239999.65,2025-05
6016,1611,Matthew Deleon,103,1300.0,Shirt,Cloth,offline,Delhi,2025-12-03,4,UPI,0.4,Mat*****@outlook.com,95******81,successful,5199.6,2025-12
6017,1820,Emily Davis,105,45000.0,Tv,Elec,online,Chennai,2025-11-27,2,UPI,0.35,Emi*****@outlook.com,98******20,successful,89999.65,2025-11
6019,1711,Neil Farley,109,65000.0,Refrigerator,Home Appliances,offline,Mumbai,2025-09-26,4,Card,0.3,Nei*****@yahoo.com,71******83,successful,259999.7,2025-09
6020,1858,Christopher Hansen,104,8000.0,Shoes,Clothing,offline,Delhi,2025-09-08,4,Cash,0.2,Chr*****@yahoo.com,95******04,successful,31999.8,2025-09
6022,1599,Breanna Clements,103,1300.0,Shirt,Clothing,online,Hyderabad,2025-08-09,5,NetBanking,0.25,Bre*****@gmail.com,96******33,successful,6499.75,2025-08
6023,1470,Suzanne Miranda,108,15000.0,Mixer Grinder,Home Appliances,online,Chennai,2025-08-14,5,UPI,0.1,Suz*****@outlook.com,68******57,successful,74999.9,2025-08
6024,1821,Frank Bean,108,15000.0,Mixer Grinder,Home,online,Hyderabad,2025-11-04,4,UPI,0.25,Fra*****@outlook.com,65******96,successful,59999.75,2025-11
6025,1649,Kimberly Williams,102,,Phone,Electronics,offline,Delhi,2026-01-03,3,Card,0.05,Kim*****@outlook.com,96******93,successful,,2026-01
6026,1816,Allison Young,103,1300.0,Shirt,Cloth,online,Mumbai,2025-07-05,3,UPI,0.35,All*****@gmail.com,68******13,successful,3899.65,2025-07
6027,1007,Bryan Lindsey,102,70000.0,Phone,Elec,offline,Hyderabad,2025-11-29,2,NetBanking,0.35,Bry*****@gmail.com,92******89,successful,139999.65,2025-11
6029,1670,Joan Miller,106,80000.0,Sofa,Furniture,online,Mumbai,2025-10-04,5,NetBanking,0.4,Joa*****@gmail.com,79******78,successful,399999.6,2025-10
6030,1128,Autumn Morgan,102,70000.0,Phone,Electronics,offline,Chennai,2025-05-01,4,UPI,0.15,Aut*****@gmail.com,80******06,successful,279999.85,2025-05
6031,1791,Brenda Owens,105,45000.0,Tv,Electronics,online,Bangalore,2026-08-03,4,Card,0.15,Bre*****@gmail.com,73******30,successful,179999.85,2026-08
6033,1250,Brooke Santiago,104,,Shoes,Clothing,offline,Delhi,2025-06-25,3,Card,0.35,Bro*****@gmail.com,67******76,successful,,2025-06
6034,1616,Mark Taylor,103,1300.0,Shirt,Clothing,offline,Mumbai,2025-12-19,2,Cash,0.4,Mar*****@outlook.com,86******71,successful,2599.6,2025-12
6035,1232,Tracy Santana,106,80000.0,Sofa,Furniture,online,Delhi,2026-03-04,4,Card,0.4,Tra*****@gmail.com,71******16,successful,319999.6,2026-03
6036,1149,Michael Levine,110,45000.0,Microwave,Home,online,Hyderabad,2026-03-27,3,UPI,0.3,Mic*****@yahoo.com,71******03,successful,134999.7,2026-03
6037,1426,Donna Burns,108,15000.0,Mixer Grinder,Home,offline,Bangalore,2025-07-01,3,Card,0.1,Don*****@gmail.com,97******03,successful,44999.9,2025-07
6038,1828,Sheila Hunt,104,8000.0,Shoes,Cloth,offline,Bangalore,2026-03-13,1,Cash,0.3,She*****@yahoo.com,76******76,successful,7999.7,2026-03
6039,1776,Jason Johns,105,45000.0,Tv,Electronics,online,Chennai,2025-05-18,4,Cash,0.3,Jas*****@gmail.com,91******61,successful,179999.7,2025-05
6040,1888,Bill Nunez,104,8000.0,Shoes,Cloth,offline,Hyderabad,2025-10-13,1,Card,0.1,Bil*****@gmail.com,66******17,successful,7999.9,2025-10
6041,1544,Robert Moore,110,45000.0,Microwave,Home,online,Bangalore,2025-06-01,5,Card,0.25,Rob*****@gmail.com,90******87,successful,224999.75,2025-06
6042,1562,Jacob Moore,104,8000.0,Shoes,Clothing,offline,Chennai,2025-05-27,5,Cash,0.25,Jac*****@gmail.com,81******63,successful,39999.75,2025-05
6043,1724,Kelly Adams,106,80000.0,Sofa,Furn,offline,Hyderabad,2025-12-18,4,NetBanking,0.4,Kel*****@gmail.com,77******65,successful,319999.6,2025-12
6045,1392,William Montgomery,107,50000.0,Dining Table,Furniture,online,Chennai,2025-12-01,5,Cash,0.3,Wil*****@yahoo.com,87******50,successful,249999.7,2025-12
6046,1321,Daniel Taylor,102,70000.0,Phone,Electronics,online,Hyderabad,2025-10-25,4,Card,0.3,Dan*****@gmail.com,69******62,successful,279999.7,2025-10
6047,1985,Allison Garner,108,15000.0,Mixer Grinder,Home Appliances,offline,Bangalore,2025-05-03,2,Card,0.4,All*****@gmail.com,74******83,successful,29999.6,2025-05
6048,1857,Kyle Kennedy,104,8000.0,Shoes,Cloth,online,Mumbai,2025-07-19,2,UPI,0.05,Kyl*****@gmail.com,67******00,successful,15999.95,2025-07
6049,1228,William Case,101,250000.0,Laptop,Electronics,offline,Hyderabad,2025-03-08,2,Card,0.35,Wil*****@gmail.com,83******00,successful,499999.65,2025-03
6050,1294,Peter Reed,101,250000.0,Laptop,Elec,online,Hyderabad,2026-04-02,1,NetBanking,0.35,Pet*****@yahoo.com,70******25,successful,249999.65,2026-04
6051,1528,Zachary Curry,110,45000.0,Microwave,Home Appliances,offline,Hyderabad,2025-10-03,4,UPI,0.15,Zac*****@yahoo.com,91******30,successful,179999.85,2025-10
6052,1249,Brittany Ortega,107,50000.0,Dining Table,Furn,online,Chennai,2026-02-01,3,NetBanking,0.25,Bri*****@gmail.com,76******14,successful,149999.75,2026-02
6053,1250,Brooke Santiago,107,50000.0,Dining Table,Furniture,offline,Delhi,2026-04-01,5,UPI,0.35,Bro*****@gmail.com,67******76,successful,249999.65,2026-04
6055,1237,Amanda Smith,109,65000.0,Refrigerator,Home,offline,Delhi,2025-08-23,4,UPI,0.05,Ama*****@outlook.com,88******66,successful,259999.95,2025-08
6056,1615,Mark Charles,110,45000.0,Microwave,Home Appliances,offline,Bangalore,2025-06-10,3,Card,0.4,Mar*****@outlook.com,94******75,successful,134999.6,2025-06
6057,1741,Sandra Morales,105,45000.0,Tv,Electronics,online,Hyderabad,2025-11-20,2,Cash,0.2,San*****@gmail.com,94******60,successful,89999.8,2025-11
6058,1402,Alyssa Hopkins,104,8000.0,Shoes,Clothing,online,Hyderabad,2025-05-17,3,Cash,0.35,Aly*****@gmail.com,73******15,successful,23999.65,2025-05
6059,1185,Ian Park,105,45000.0,Tv,Electronics,online,Hyderabad,2025-06-24,2,UPI,0.15,Ian*****@gmail.com,77******29,successful,89999.85,2025-06
6060,1028,Katie Robbins,108,15000.0,Mixer Grinder,Home Appliances,offline,Hyderabad,2026-03-04,2,Card,0.25,Kat*****@yahoo.com,93******02,successful,29999.75,2026-03
6061,1911,Marc Morales,104,8000.0,Shoes,Cloth,offline,Delhi,2026-02-26,3,Cash,0.1,Mar*****@outlook.com,99******59,successful,23999.9,2026-02
6062,1728,Jeff Walton,106,80000.0,Sofa,Furniture,offline,Chennai,2025-07-09,4,Card,0.4,Jef*****@outlook.com,76******43,successful,319999.6,2025-07
6063,1805,Joshua Thomas,108,15000.0,Mixer Grinder,Home,offline,Chennai,2025-08-11,2,NetBanking,0.15,Jos*****@yahoo.com,99******48,successful,29999.85,2025-08
6064,1003,Alexandria Nelson,109,65000.0,Refrigerator,Home Appliances,online,Bangalore,2026-03-30,4,UPI,0.25,Ale*****@yahoo.com,93******88,successful,259999.75,2026-03
6066,1165,Alexis Wilson,105,45000.0,Tv,Electronics,online,Delhi,2026-01-17,3,UPI,0.4,Ale*****@outlook.com,88******63,successful,134999.6,2026-01
6067,1852,Henry Wyatt,103,1300.0,Shirt,Cloth,online,Delhi,2026-01-06,3,UPI,0.05,Hen*****@gmail.com,66******90,successful,3899.95,2026-01
6068,1211,David Kelly,103,1300.0,Shirt,Clothing,offline,Chennai,2025-07-10,1,Cash,0.1,Dav*****@gmail.com,76******28,successful,1299.9,2025-07
6069,1500,John Torres,102,70000.0,Phone,Elec,online,Mumbai,2025-12-01,5,Card,0.35,Joh*****@yahoo.com,68******73,successful,349999.65,2025-12
6070,1710,Dale Black,102,70000.0,Phone,Elec,offline,Chennai,2025-12-17,2,Card,0.05,Dal*****@yahoo.com,83******80,successful,139999.95,2025-12
6071,1675,Karen Cain,110,45000.0,Microwave,Home Appliances,offline,Bangalore,2025-04-08,1,UPI,0.15,Kar*****@gmail.com,89******31,successful,44999.85,2025-04
6072,1494,Pamela Wong,103,1300.0,Shirt,Cloth,online,Chennai,2025-06-04,5,UPI,0.2,Pam*****@outlook.com,80******60,successful,6499.8,2025-06
6073,1288,Connor Rose,110,45000.0,Microwave,Home,offline,Hyderabad,2025-05-25,2,Cash,0.4,Con*****@gmail.com,69******43,successful,89999.6,2025-05
6074,1512,David Kent,107,50000.0,Dining Table,Furniture,online,Delhi,2026-02-03,3,UPI,0.15,Dav*****@gmail.com,69******74,successful,149999.85,2026-02
6076,1706,Kathryn Stokes,110,45000.0,Microwave,Home Appliances,online,Delhi,2026-01-13,5,NetBanking,0.15,Kat*****@gmail.com,79******27,successful,224999.85,2026-01
6077,1675,Karen Cain,106,80000.0,Sofa,Furniture,offline,Bangalore,2025-08-15,4,NetBanking,0.35,Kar*****@gmail.com,89******31,successful,319999.65,2025-08
6078,1722,Shari House,104,8000.0,Shoes,Cloth,online,Bangalore,2025-08-30,4,NetBanking,0.2,Sha*****@gmail.com,64******43,successful,31999.8,2025-08
6079,1699,Benjamin Butler,109,65000.0,Refrigerator,Home Appliances,online,Hyderabad,2025-07-07,5,Cash,0.1,Ben*****@gmail.com,85******47,successful,324999.9,2025-07
6080,1198,Christopher Villa,110,45000.0,Microwave,Home,offline,Delhi,2025-09-12,1,UPI,0.2,Chr*****@yahoo.com,79******74,successful,44999.8,2025-09
6081,1371,Kayla Luna,103,1300.0,Shirt,Cloth,online,Chennai,2025-11-10,2,Cash,0.05,Kay*****@outlook.com,76******81,successful,2599.95,2025-11
6082,1342,Hunter Adams,101,250000.0,Laptop,Electronics,offline,Hyderabad,2026-04-02,2,UPI,0.2,Hun*****@outlook.com,72******86,successful,499999.8,2026-04
6083,1897,Spencer Carpenter,105,,Tv,Electronics,offline,Delhi,2025-07-16,1,NetBanking,0.4,Spe*****@yahoo.com,76******21,successful,,2025-07
6084,1172,Cody Fleming,106,80000.0,Sofa,Furniture,online,Delhi,2025-08-25,2,Card,0.2,Cod*****@gmail.com,61******92,successful,159999.8,2025-08
6085,1495,Ashley Mitchell,110,,Microwave,Home Appliances,offline,Mumbai,2025-07-12,1,UPI,0.1,Ash*****@gmail.com,79******34,successful,,2025-07
6086,1473,Ashley Dawson,104,8000.0,Shoes,Clothing,offline,Delhi,2025-12-17,5,NetBanking,0.3,Ash*****@gmail.com,76******09,successful,39999.7,2025-12
6087,1285,Ryan Dawson,107,50000.0,Dining Table,Furn,offline,Mumbai,2025-07-08,3,UPI,0.15,Rya*****@gmail.com,81******46,successful,149999.85,2025-07
6088,1909,Richard Smith,104,8000.0,Shoes,Cloth,offline,Delhi,2026-01-20,5,Card,0.05,Ric*****@gmail.com,78******21,successful,39999.95,2026-01
6089,1446,Patrick Conner,104,8000.0,Shoes,Cloth,offline,Bangalore,2025-05-22,3,Cash,0.05,Pat*****@gmail.com,64******78,successful,23999.95,2025-05
6090,1025,Michael Young,109,65000.0,Refrigerator,Home,online,Mumbai,2025-05-09,1,UPI,0.4,Mic*****@gmail.com,65******90,successful,64999.6,2025-05
6091,1530,Edward Murphy,103,1300.0,Shirt,Clothing,online,Hyderabad,2026-10-01,3,NetBanking,0.05,Edw*****@gmail.com,82******65,successful,3899.95,2026-10
6092,1170,Nathan Richardson,107,,Dining Table,Furniture,offline,Bangalore,2025-11-03,3,UPI,0.1,Nat*****@gmail.com,77******44,successful,,2025-11
6093,1140,Jessica Underwood,102,70000.0,Phone,Electronics,online,Chennai,2025-10-19,4,UPI,0.4,Jes*****@yahoo.com,91******86,successful,279999.6,2025-10
6094,1619,Jon Perry,107,50000.0,Dining Table,Furniture,online,Chennai,2026-02-21,4,UPI,0.05,Jon*****@yahoo.com,76******02,successful,199999.95,2026-02
6095,1375,Kevin Rodriguez,109,65000.0,Refrigerator,Home Appliances,online,Bangalore,2025-11-17,4,NetBanking,0.3,Kev*****@gmail.com,79******37,successful,259999.7,2025-11
6096,1642,Jeffrey Taylor,105,45000.0,Tv,Electronics,offline,Delhi,2026-02-01,1,Card,0.35,Jef*****@gmail.com,96******99,successful,44999.65,2026-02
6098,1376,Mark Clark,105,45000.0,Tv,Elec,offline,Delhi,2025-09-05,1,NetBanking,0.15,Mar*****@yahoo.com,92******59,successful,44999.85,2025-09
6099,1552,Cynthia Buchanan,103,1300.0,Shirt,Clothing,offline,Chennai,2025-11-16,5,Cash,0.1,Cyn*****@yahoo.com,81******48,successful,6499.9,2025-11
6101,1266,Janice Parker,103,1300.0,Shirt,Cloth,offline,Mumbai,2025-08-03,5,UPI,0.3,Jan*****@yahoo.com,68******91,successful,6499.7,2025-08
6104,1321,Daniel Taylor,109,65000.0,Refrigerator,Home,offline,Hyderabad,2025-05-15,2,UPI,0.05,Dan*****@gmail.com,69******62,successful,129999.95,2025-05
6108,1056,Dana Perry,110,45000.0,Microwave,Home Appliances,online,Hyderabad,2026-03-17,5,NetBanking,0.3,Dan*****@gmail.com,98******62,successful,224999.7,2026-03
6109,1096,Andrew Hardy,105,45000.0,Tv,Elec,offline,Mumbai,2025-11-26,3,NetBanking,0.1,And*****@gmail.com,70******72,successful,134999.9,2025-11
6111,1599,Breanna Clements,107,,Dining Table,Furn,offline,Hyderabad,2025-07-25,4,NetBanking,0.3,Bre*****@gmail.com,96******33,successful,,2025-07
6112,1563,Kurt Mccoy,108,15000.0,Mixer Grinder,Home Appliances,online,Hyderabad,2025-10-03,3,Cash,0.35,Kur*****@outlook.com,88******40,successful,44999.65,2025-10
6113,1778,Joseph Tucker,110,45000.0,Microwave,Home Appliances,offline,Hyderabad,2025-06-28,5,NetBanking,0.25,Jos*****@gmail.com,79******67,successful,224999.75,2025-06
6114,1153,Thomas Sanchez,105,45000.0,Tv,Electronics,online,Mumbai,2025-08-28,4,UPI,0.15,Tho*****@gmail.com,84******82,successful,179999.85,2025-08
6117,1092,Darrell Hines,102,70000.0,Phone,Elec,online,Chennai,2025-12-12,2,Card,0.1,Dar*****@outlook.com,64******14,successful,139999.9,2025-12
6118,1551,Pamela Rodriguez,102,70000.0,Phone,Electronics,offline,Bangalore,2025-10-26,5,NetBanking,0.15,Pam*****@yahoo.com,84******11,successful,349999.85,2025-10
6119,1557,Henry Jones,109,65000.0,Refrigerator,Home Appliances,offline,Mumbai,2025-11-01,5,Card,0.3,Hen*****@gmail.com,67******82,successful,324999.7,2025-11
6120,1494,Pamela Wong,110,45000.0,Microwave,Home,offline,Chennai,2025-08-12,1,Card,0.2,Pam*****@outlook.com,80******60,successful,44999.8,2025-08
6122,1515,Judy Bishop,107,50000.0,Dining Table,Furniture,offline,Bangalore,2026-02-07,2,NetBanking,0.4,Jud*****@outlook.com,94******66,successful,99999.6,2026-02
6124,1832,Crystal Mays,104,8000.0,Shoes,Cloth,offline,Hyderabad,2026-02-17,1,Card,0.15,Cry*****@gmail.com,69******99,successful,7999.85,2026-02
6125,1297,Travis Wilson,102,70000.0,Phone,Elec,offline,Chennai,2026-03-22,5,Card,0.3,Tra*****@yahoo.com,85******85,successful,349999.7,2026-03
6126,1650,Andre Lamb,103,1300.0,Shirt,Cloth,offline,Delhi,2026-03-03,5,Card,0.05,And*****@gmail.com,69******91,successful,6499.95,2026-03
6128,1821,Frank Bean,108,,Mixer Grinder,Home Appliances,offline,Hyderabad,2026-04-11,4,Card,0.4,Fra*****@outlook.com,65******96,successful,,2026-04
6129,2000,Gary Morton,102,70000.0,Phone,Electronics,online,Chennai,2025-10-07,2,Cash,0.3,Gar*****@outlook.com,68******69,successful,139999.7,2025-10
6130,1543,Victoria Moore,102,70000.0,Phone,Electronics,offline,Mumbai,2026-02-20,3,Cash,0.1,Vic*****@gmail.com,91******29,successful,209999.9,2026-02
6131,1894,Marcus Bentley,105,45000.0,Tv,Elec,offline,Delhi,2026-01-24,1,Card,0.1,Mar*****@yahoo.com,61******62,successful,44999.9,2026-01
6132,1850,Jasmine Rose,105,45000.0,Tv,Electronics,online,Bangalore,2025-10-27,3,Cash,0.25,Jas*****@gmail.com,95******70,successful,134999.75,2025-10
6133,1667,Maria Tate,104,8000.0,Shoes,Clothing,offline,Delhi,2026-02-21,4,UPI,0.3,Mar*****@yahoo.com,84******81,successful,31999.7,2026-02
6134,1763,Daniel Washington,107,50000.0,Dining Table,Furniture,online,Hyderabad,2025-07-10,4,UPI,0.2,Dan*****@outlook.com,71******22,successful,199999.8,2025-07
6135,1129,Richard Kelly,104,8000.0,Shoes,Clothing,offline,Hyderabad,2025-05-29,2,NetBanking,0.2,Ric*****@gmail.com,69******53,successful,15999.8,2025-05
6137,1830,Sandra Gray,106,80000.0,Sofa,Furniture,online,Bangalore,2025-06-01,4,UPI,0.25,San*****@gmail.com,85******30,successful,319999.75,2025-06
6138,1726,Heather Hill,107,50000.0,Dining Table,Furniture,online,Hyderabad,2026-03-02,2,UPI,0.25,Hea*****@gmail.com,94******87,successful,99999.75,2026-03
6139,1582,Kevin Bryan,101,250000.0,Laptop,Electronics,offline,Delhi,2026-02-07,5,Cash,0.1,Kev*****@gmail.com,83******57,successful,1249999.9,2026-02
6141,1788,Kenneth Owens,110,,Microwave,Home Appliances,online,Chennai,2026-02-06,3,Cash,0.4,Ken*****@gmail.com,91******71,successful,,2026-02
6142,1389,Andrew Jones,106,80000.0,Sofa,Furniture,online,Delhi,2026-02-19,5,UPI,0.25,And*****@gmail.com,71******82,successful,399999.75,2026-02
6143,1630,John Johnson,107,50000.0,Dining Table,Furniture,offline,Hyderabad,2025-05-10,4,Card,0.2,Joh*****@outlook.com,86******01,successful,199999.8,2025-05
6144,1331,Craig Zamora,106,80000.0,Sofa,Furniture,online,Bangalore,2025-07-06,5,Card,0.2,Cra*****@outlook.com,97******35,successful,399999.8,2025-07
6146,1153,Thomas Sanchez,105,45000.0,Tv,Elec,online,Mumbai,2026-05-01,2,Cash,0.3,Tho*****@gmail.com,84******82,successful,89999.7,2026-05
6147,1741,Sandra Morales,106,80000.0,Sofa,Furniture,online,Hyderabad,2025-05-23,3,NetBanking,0.1,San*****@gmail.com,94******60,successful,239999.9,2025-05
6148,1386,Emily Vasquez,110,45000.0,Microwave,Home Appliances,online,Mumbai,2025-09-21,3,UPI,0.15,Emi*****@yahoo.com,66******71,successful,134999.85,2025-09
6149,1791,Brenda Owens,108,,Mixer Grinder,Home Appliances,online,Bangalore,2025-06-25,4,Card,0.25,Bre*****@gmail.com,73******30,successful,,2025-06
6152,1312,Brian White,103,1300.0,Shirt,Cloth,offline,Mumbai,2025-06-12,2,Cash,0.3,Bri*****@yahoo.com,81******73,successful,2599.7,2025-06
6153,1955,Kimberly Smith,101,250000.0,Laptop,Electronics,offline,Hyderabad,2025-04-18,1,Card,0.05,Kim*****@gmail.com,86******11,successful,249999.95,2025-04
6154,1316,Carmen Hernandez,104,8000.0,Shoes,Cloth,offline,Bangalore,2025-10-23,2,Cash,0.15,Car*****@gmail.com,90******24,successful,15999.85,2025-10
6155,1793,Benjamin Williams,105,45000.0,Tv,Elec,offline,Mumbai,2025-05-06,1,NetBanking,0.3,Ben*****@gmail.com,73******28,successful,44999.7,2025-05
6156,1422,Holly Rivera,101,250000.0,Laptop,Electronics,online,Bangalore,2025-10-24,2,UPI,0.25,Hol*****@outlook.com,70******59,successful,499999.75,2025-10
6157,1796,Amy Wilson,101,250000.0,Laptop,Electronics,online,Chennai,2025-08-29,4,NetBanking,0.2,Amy*****@gmail.com,83******29,successful,999999.8,2025-08
6160,1719,Laurie Hill,102,70000.0,Phone,Elec,offline,Chennai,2025-05-24,2,UPI,0.15,Lau*****@gmail.com,94******60,successful,139999.85,2025-05
6161,1094,Kathleen Davis,110,45000.0,Microwave,Home,online,Delhi,2025-08-27,1,Card,0.3,Kat*****@yahoo.com,90******77,successful,44999.7,2025-08
6162,1284,Lisa Hansen,110,45000.0,Microwave,Home Appliances,offline,Delhi,2025-05-27,1,Card,0.35,Lis*****@gmail.com,86******15,successful,44999.65,2025-05
6163,1899,Jason Miller,103,1300.0,Shirt,Clothing,online,Hyderabad,2025-05-06,4,NetBanking,0.4,Jas*****@gmail.com,93******28,successful,5199.6,2025-05
6164,1914,Miranda Sanchez,104,8000.0,Shoes,Cloth,offline,Chennai,2025-07-30,1,UPI,0.2,Mir*****@gmail.com,78******77,successful,7999.8,2025-07
6167,1282,Nicole Bennett,109,65000.0,Refrigerator,Home Appliances,offline,Delhi,2026-03-16,2,Cash,0.35,Nic*****@gmail.com,72******85,successful,129999.65,2026-03
6169,1662,Matthew Brown,105,45000.0,Tv,Electronics,online,Mumbai,2026-02-23,1,NetBanking,0.05,Mat*****@gmail.com,76******09,successful,44999.95,2026-02
6171,1443,Hailey Watson,107,50000.0,Dining Table,Furniture,online,Bangalore,2025-09-08,4,NetBanking,0.05,Hai*****@outlook.com,85******65,successful,199999.95,2025-09
6172,1363,Seth Everett,107,50000.0,Dining Table,Furniture,online,Mumbai,2025-01-11,4,NetBanking,0.3,Set*****@gmail.com,83******39,successful,199999.7,2025-01
6173,1952,Angela Smith,105,45000.0,Tv,Elec,online,Chennai,2026-03-20,4,Cash,0.25,Ang*****@gmail.com,66******77,successful,179999.75,2026-03
6174,1154,Tammy Mitchell,101,250000.0,Laptop,Electronics,online,Chennai,2025-12-30,1,UPI,0.2,Tam*****@outlook.com,64******10,successful,249999.8,2025-12
6175,1867,Julie Lowery,103,,Shirt,Clothing,offline,Chennai,2025-05-31,3,UPI,0.35,Jul*****@outlook.com,74******96,successful,,2025-05
6176,1243,Erin Roberts,107,,Dining Table,Furn,online,Chennai,2025-11-14,3,Card,0.05,Eri*****@gmail.com,82******19,successful,,2025-11
6178,1066,Linda Bradford,101,250000.0,Laptop,Electronics,online,Hyderabad,2025-06-19,4,Card,0.2,Lin*****@outlook.com,61******46,successful,999999.8,2025-06
6181,1982,Isaiah Hartman,104,8000.0,Shoes,Clothing,offline,Chennai,2025-07-10,2,NetBanking,0.05,Isa*****@gmail.com,68******84,successful,15999.95,2025-07
6182,1005,Elizabeth Contreras,104,8000.0,Shoes,Cloth,online,Delhi,2025-12-07,4,UPI,0.4,Eli*****@gmail.com,64******42,successful,31999.6,2025-12
6183,1719,Laurie Hill,104,8000.0,Shoes,Cloth,online,Chennai,2025-11-18,5,UPI,0.15,Lau*****@gmail.com,94******60,successful,39999.85,2025-11
6184,1867,Julie Lowery,108,15000.0,Mixer Grinder,Home Appliances,offline,Chennai,2026-02-03,3,Card,0.3,Jul*****@outlook.com,74******96,successful,44999.7,2026-02
6185,1644,Kathy Davis,107,50000.0,Dining Table,Furniture,online,Delhi,2025-05-02,5,Card,0.2,Kat*****@gmail.com,79******35,successful,249999.8,2025-05
6186,1244,Erik Davis,105,45000.0,Tv,Electronics,offline,Mumbai,2025-08-13,1,Cash,0.1,Eri*****@gmail.com,72******73,successful,44999.9,2025-08
6187,1431,Michael White,102,,Phone,Electronics,online,Chennai,2026-01-29,3,UPI,0.3,Mic*****@outlook.com,99******90,successful,,2026-01
6188,1293,James Crawford,102,70000.0,Phone,Elec,offline,Hyderabad,2025-06-18,1,Cash,0.25,Jam*****@yahoo.com,83******88,successful,69999.75,2025-06
6189,1888,Bill Nunez,102,70000.0,Phone,Elec,offline,Hyderabad,2025-06-29,1,Cash,0.4,Bil*****@gmail.com,66******17,successful,69999.6,2025-06
6190,1340,Abigail Schmidt,102,70000.0,Phone,Electronics,online,Delhi,2025-09-11,5,NetBanking,0.35,Abi*****@gmail.com,82******92,successful,349999.65,2025-09
6191,1719,Laurie Hill,107,50000.0,Dining Table,Furniture,online,Chennai,2025-08-23,5,NetBanking,0.2,Lau*****@gmail.com,94******60,successful,249999.8,2025-08
6192,1844,Jonathan Smith,109,65000.0,Refrigerator,Home Appliances,online,Bangalore,2025-12-27,4,Cash,0.25,Jon*****@outlook.com,67******70,successful,259999.75,2025-12
6193,1498,Karen Owens,106,,Sofa,Furniture,offline,Delhi,2026-01-10,4,NetBanking,0.4,Kar*****@gmail.com,88******37,successful,,2026-01
6195,1621,Stacy Ramirez,103,1300.0,Shirt,Cloth,online,Bangalore,2025-05-07,1,Card,0.05,Sta*****@gmail.com,65******92,successful,1299.95,2025-05
6196,1181,Lynn Shaw,107,50000.0,Dining Table,Furniture,online,Mumbai,2025-11-03,2,Card,0.4,Lyn*****@yahoo.com,96******28,successful,99999.6,2025-11
6197,1249,Brittany Ortega,109,65000.0,Refrigerator,Home Appliances,online,Chennai,2025-09-12,5,NetBanking,0.05,Bri*****@gmail.com,76******14,successful,324999.95,2025-09
6198,1271,Anita Choi,101,250000.0,Laptop,Elec,offline,Mumbai,2025-06-24,2,NetBanking,0.25,Ani*****@yahoo.com,64******65,successful,499999.75,2025-06
6199,1496,Amanda Davis,104,8000.0,Shoes,Clothing,offline,Bangalore,2025-03-06,4,Card,0.15,Ama*****@outlook.com,94******40,successful,31999.85,2025-03
6200,1559,Jason Johnson,107,50000.0,Dining Table,Furn,online,Delhi,2025-08-06,3,NetBanking,0.05,Jas*****@yahoo.com,97******10,successful,149999.95,2025-08
6201,1239,Eric Brown,103,,Shirt,Clothing,online,Mumbai,2025-11-10,1,NetBanking,0.05,Eri*****@gmail.com,92******45,successful,,2025-11
6202,1070,Mark Holt,107,50000.0,Dining Table,Furniture,online,Delhi,2025-05-19,3,Card,0.05,Mar*****@gmail.com,60******62,successful,149999.95,2025-05
6203,1054,Ruth Gonzales,107,50000.0,Dining Table,Furniture,offline,Mumbai,2025-05-07,2,Card,0.1,Rut*****@yahoo.com,79******76,successful,99999.9,2025-05
6204,1620,Craig Jacobs,109,,Refrigerator,Home Appliances,offline,Bangalore,2025-05-06,3,Card,0.15,Cra*****@gmail.com,62******01,successful,,2025-05
6205,1445,Samantha Clark,104,8000.0,Shoes,Clothing,offline,Chennai,2025-12-11,3,NetBanking,0.3,Sam*****@gmail.com,78******17,successful,23999.7,2025-12
6206,1264,Lori Tucker,102,70000.0,Phone,Electronics,offline,Delhi,2025-10-22,2,Card,0.15,Lor*****@outlook.com,81******47,successful,139999.85,2025-10
6208,1351,Scott Martinez,101,250000.0,Laptop,Electronics,offline,Hyderabad,2025-09-08,2,Card,0.3,Sco*****@gmail.com,82******29,successful,499999.7,2025-09
6210,1929,Elizabeth Drake,103,1300.0,Shirt,Cloth,online,Chennai,2025-05-31,2,UPI,0.25,Eli*****@yahoo.com,85******25,successful,2599.75,2025-05
6211,1782,Billy Wilcox,108,15000.0,Mixer Grinder,Home Appliances,offline,Bangalore,2025-06-04,4,UPI,0.3,Bil*****@gmail.com,79******05,successful,59999.7,2025-06
6212,1461,Michael Cook,104,8000.0,Shoes,Clothing,offline,Delhi,2025-06-12,1,Card,0.2,Mic*****@gmail.com,90******03,successful,7999.8,2025-06
6213,1714,Trevor Jones,109,65000.0,Refrigerator,Home Appliances,online,Delhi,2025-06-10,4,Cash,0.35,Tre*****@gmail.com,81******72,successful,259999.65,2025-06
6214,1261,Paul Jones,104,8000.0,Shoes,Cloth,offline,Hyderabad,2025-05-11,1,NetBanking,0.4,Pau*****@gmail.com,92******04,successful,7999.6,2025-05
6215,1532,Heather Garcia,104,8000.0,Shoes,Clothing,offline,Delhi,2025-08-21,4,Card,0.35,Hea*****@outlook.com,99******06,successful,31999.65,2025-08
6216,1426,Donna Burns,110,45000.0,Microwave,Home Appliances,offline,Bangalore,2025-11-12,4,Card,0.25,Don*****@gmail.com,97******03,successful,179999.75,2025-11
6217,1810,Bonnie Lopez,108,15000.0,Mixer Grinder,Home Appliances,online,Chennai,2025-05-12,4,NetBanking,0.35,Bon*****@outlook.com,73******53,successful,59999.65,2025-05
6218,1334,Johnathan Pruitt,102,70000.0,Phone,Electronics,offline,Delhi,2026-01-05,5,Card,0.35,Joh*****@yahoo.com,90******78,successful,349999.65,2026-01
6219,1526,Joseph Farmer,108,15000.0,Mixer Grinder,Home,online,Bangalore,2025-11-09,3,NetBanking,0.15,Jos*****@gmail.com,71******08,successful,44999.85,2025-11
6221,1296,Calvin Powell,108,15000.0,Mixer Grinder,Home,offline,Mumbai,2025-09-12,1,UPI,0.05,Cal*****@outlook.com,87******92,successful,14999.95,2025-09
6224,1862,Sydney Love,102,,Phone,Elec,online,Hyderabad,2025-09-27,5,NetBanking,0.2,Syd*****@gmail.com,82******96,successful,,2025-09
6225,1288,Connor Rose,105,45000.0,Tv,Electronics,offline,Hyderabad,2026-01-04,1,NetBanking,0.3,Con*****@gmail.com,69******43,successful,44999.7,2026-01
6226,1882,Mary Boyer,109,,Refrigerator,Home Appliances,online,Mumbai,2026-01-08,1,UPI,0.05,Mar*****@gmail.com,74******03,successful,,2026-01
6228,1627,Matthew Osborn,109,,Refrigerator,Home Appliances,offline,Delhi,2025-07-08,1,NetBanking,0.35,Mat*****@yahoo.com,61******40,successful,,2025-07
6229,1141,Roberta Boyd,105,45000.0,Tv,Electronics,offline,Delhi,2025-12-31,4,Card,0.2,Rob*****@yahoo.com,71******28,successful,179999.8,2025-12
6230,1188,Anthony Martinez,108,15000.0,Mixer Grinder,Home Appliances,offline,Hyderabad,2025-05-28,4,NetBanking,0.2,Ant*****@gmail.com,94******24,successful,59999.8,2025-05
6232,1589,Kimberly Navarro,103,1300.0,Shirt,Clothing,offline,Mumbai,2026-08-03,2,UPI,0.3,Kim*****@outlook.com,88******71,successful,2599.7,2026-08
6233,1769,Jennifer Fisher,102,70000.0,Phone,Electronics,online,Delhi,2025-07-22,2,Card,0.1,Jen*****@yahoo.com,80******66,successful,139999.9,2025-07
6236,1753,Laura Dougherty,101,,Laptop,Electronics,offline,Chennai,2025-09-12,5,Card,0.2,Lau*****@outlook.com,93******17,successful,,2025-09
6237,1026,Johnny Casey,102,70000.0,Phone,Electronics,offline,Delhi,2025-06-12,4,Cash,0.25,Joh*****@outlook.com,88******46,successful,279999.75,2025-06
6238,1727,Scott Valdez,107,50000.0,Dining Table,Furniture,online,Mumbai,2025-07-02,2,NetBanking,0.35,Sco*****@gmail.com,81******62,successful,99999.65,2025-07
6239,1226,Charles Wright,107,50000.0,Dining Table,Furn,online,Hyderabad,2025-10-05,1,Cash,0.1,Cha*****@gmail.com,85******66,successful,49999.9,2025-10
6240,1689,Christopher Stephens,108,15000.0,Mixer Grinder,Home Appliances,offline,Mumbai,2026-03-18,5,UPI,0.05,Chr*****@gmail.com,64******84,successful,74999.95,2026-03
6241,1924,William Hopkins,105,45000.0,Tv,Elec,offline,Delhi,2025-11-20,4,NetBanking,0.3,Wil*****@yahoo.com,82******14,successful,179999.7,2025-11
6242,1179,Alexandra May,105,45000.0,Tv,Elec,online,Chennai,2025-06-18,5,NetBanking,0.4,Ale*****@yahoo.com,77******05,successful,224999.6,2025-06
6243,1117,Jeremy Nichols,103,,Shirt,Clothing,online,Bangalore,2025-10-31,5,UPI,0.25,Jer*****@yahoo.com,93******50,successful,,2025-10
6244,1621,Stacy Ramirez,101,250000.0,Laptop,Electronics,offline,Bangalore,2025-05-06,3,UPI,0.2,Sta*****@gmail.com,65******92,successful,749999.8,2025-05
6245,1838,Nicole Evans,102,70000.0,Phone,Electronics,offline,Mumbai,2025-06-27,2,UPI,0.15,Nic*****@gmail.com,80******83,successful,139999.85,2025-06
6246,1314,Heather Houston,110,45000.0,Microwave,Home Appliances,online,Delhi,2025-05-23,4,NetBanking,0.1,Hea*****@yahoo.com,91******83,successful,179999.9,2025-05
6247,1899,Jason Miller,106,80000.0,Sofa,Furniture,offline,Hyderabad,2026-01-27,5,NetBanking,0.3,Jas*****@gmail.com,93******28,successful,399999.7,2026-01
6248,1956,Pamela Fernandez,104,8000.0,Shoes,Clothing,offline,Hyderabad,2026-01-23,3,Cash,0.3,Pam*****@outlook.com,83******69,successful,23999.7,2026-01
6249,1988,Roger Mcmillan,105,45000.0,Tv,Elec,offline,Chennai,2025-12-27,3,Cash,0.2,Rog*****@gmail.com,64******10,successful,134999.8,2025-12
6251,1712,Kara Rogers,110,45000.0,Microwave,Home,offline,Chennai,2026-04-07,5,NetBanking,0.4,Kar*****@outlook.com,98******06,successful,224999.6,2026-04
6252,1717,Evelyn Miller,108,15000.0,Mixer Grinder,Home Appliances,offline,Hyderabad,2025-05-24,3,Cash,0.15,Eve*****@gmail.com,92******17,successful,44999.85,2025-05
6253,1985,Allison Garner,104,8000.0,Shoes,Clothing,online,Bangalore,2025-04-22,1,NetBanking,0.2,All*****@gmail.com,74******83,successful,7999.8,2025-04
6254,1101,Timothy Smith,102,70000.0,Phone,Electronics,offline,Delhi,2025-06-09,4,Card,0.05,Tim*****@gmail.com,66******04,successful,279999.95,2025-06
6255,1058,Edward Campbell,102,70000.0,Phone,Electronics,online,Bangalore,2025-10-08,1,Cash,0.1,Edw*****@outlook.com,66******86,successful,69999.9,2025-10
6256,1083,Tina Hawkins,104,8000.0,Shoes,Cloth,online,Delhi,2025-12-13,4,Card,0.25,Tin*****@yahoo.com,80******36,successful,31999.75,2025-12
6257,1899,Jason Miller,108,15000.0,Mixer Grinder,Home,online,Hyderabad,2026-01-15,4,UPI,0.2,Jas*****@gmail.com,93******28,successful,59999.8,2026-01
6258,1090,Richard Walker,110,45000.0,Microwave,Home Appliances,online,Chennai,2026-02-23,4,UPI,0.1,Ric*****@outlook.com,77******58,successful,179999.9,2026-02
6260,1736,Michael Williams,103,1300.0,Shirt,Clothing,online,Mumbai,2025-06-04,4,NetBanking,0.25,Mic*****@outlook.com,66******16,successful,5199.75,2025-06
6261,1122,Melissa Levy,104,8000.0,Shoes,Clothing,offline,Delhi,2026-03-06,2,UPI,0.25,Mel*****@gmail.com,87******02,successful,15999.75,2026-03
6262,1579,Jennifer Randall,105,45000.0,Tv,Electronics,online,Hyderabad,2025-12-02,3,NetBanking,0.15,Jen*****@outlook.com,89******52,successful,134999.85,2025-12
6265,1252,Brad Galloway,101,250000.0,Laptop,Elec,online,Bangalore,2025-04-16,3,UPI,0.25,Bra*****@gmail.com,77******45,successful,749999.75,2025-04
6266,1283,Dwayne Newman,104,8000.0,Shoes,Cloth,offline,Hyderabad,2025-05-21,2,UPI,0.3,Dwa*****@outlook.com,83******73,successful,15999.7,2025-05
6267,1274,Mark Castro,102,70000.0,Phone,Electronics,online,Mumbai,2025-12-07,2,Card,0.2,Mar*****@outlook.com,94******62,successful,139999.8,2025-12
6268,1204,Andrew Hendricks,104,8000.0,Shoes,Cloth,offline,Mumbai,2025-09-25,1,NetBanking,0.35,And*****@gmail.com,72******79,successful,7999.65,2025-09
6269,1312,Brian White,109,65000.0,Refrigerator,Home,offline,Mumbai,2025-08-12,4,Card,0.05,Bri*****@yahoo.com,81******73,successful,259999.95,2025-08
6270,1433,Joseph Knapp,108,15000.0,Mixer Grinder,Home Appliances,offline,Bangalore,2025-10-11,4,Card,0.2,Jos*****@gmail.com,92******37,successful,59999.8,2025-10
6271,1274,Mark Castro,108,15000.0,Mixer Grinder,Home Appliances,online,Mumbai,2025-11-09,1,NetBanking,0.2,Mar*****@outlook.com,94******62,successful,14999.8,2025-11
6272,1348,William Brown,108,,Mixer Grinder,Home,offline,Delhi,2025-05-02,3,Cash,0.25,Wil*****@gmail.com,72******70,successful,,2025-05
6273,1573,David Rasmussen,108,15000.0,Mixer Grinder,Home Appliances,offline,Delhi,2026-03-16,3,Cash,0.2,Dav*****@outlook.com,61******38,successful,44999.8,2026-03
6274,1138,Darren Hall,104,8000.0,Shoes,Cloth,offline,Hyderabad,2025-06-22,2,NetBanking,0.4,Dar*****@outlook.com,78******94,successful,15999.6,2025-06
6275,1607,Adrian Singleton,110,45000.0,Microwave,Home Appliances,online,Mumbai,2025-12-18,2,NetBanking,0.15,Adr*****@yahoo.com,88******94,successful,89999.85,2025-12
6276,1449,Alan Keith,105,45000.0,Tv,Electronics,online,Delhi,2026-01-08,3,Card,0.25,Ala*****@gmail.com,91******05,successful,134999.75,2026-01
6277,1671,John Owens,105,,Tv,Elec,offline,Bangalore,2026-03-01,1,Card,0.15,Joh*****@gmail.com,92******45,successful,,2026-03
6278,1555,Daniel Burke,108,15000.0,Mixer Grinder,Home Appliances,offline,Delhi,2025-11-09,1,NetBanking,0.25,Dan*****@gmail.com,74******77,successful,14999.75,2025-11
6279,1407,Laura Adams,107,50000.0,Dining Table,Furniture,offline,Bangalore,2025-10-19,5,UPI,0.35,Lau*****@gmail.com,60******68,successful,249999.65,2025-10
6280,1077,Mandy Hess,104,,Shoes,Clothing,offline,Mumbai,2025-11-06,1,UPI,0.15,Man*****@yahoo.com,86******56,successful,,2025-11
6281,1650,Andre Lamb,101,250000.0,Laptop,Elec,online,Delhi,2025-10-01,2,NetBanking,0.2,And*****@gmail.com,69******91,successful,499999.8,2025-10
6283,1761,Gina Nichols,110,45000.0,Microwave,Home Appliances,online,Chennai,2025-11-13,5,NetBanking,0.35,Gin*****@outlook.com,94******38,successful,224999.65,2025-11
6284,1216,Patricia Larson,102,70000.0,Phone,Elec,offline,Mumbai,2025-10-12,5,UPI,0.15,Pat*****@gmail.com,69******90,successful,349999.85,2025-10
6285,1944,Jodi Gray,105,45000.0,Tv,Electronics,offline,Chennai,2025-09-09,5,NetBanking,0.25,Jod*****@gmail.com,65******36,successful,224999.75,2025-09
6286,1037,Matthew Olson,108,,Mixer Grinder,Home,online,Mumbai,2025-09-18,4,Cash,0.05,Mat*****@gmail.com,68******98,successful,,2025-09
6287,1737,Craig Jones,109,65000.0,Refrigerator,Home Appliances,offline,Mumbai,2025-07-08,1,Cash,0.2,Cra*****@yahoo.com,87******36,successful,64999.8,2025-07
6288,1385,Christina Bates,107,50000.0,Dining Table,Furn,offline,Hyderabad,2026-10-03,4,Card,0.35,Chr*****@gmail.com,92******78,successful,199999.65,2026-10
6289,1602,Andrew Diaz,108,15000.0,Mixer Grinder,Home,online,Hyderabad,2026-01-26,1,NetBanking,0.35,And*****@yahoo.com,81******57,successful,14999.65,2026-01
6290,1406,Preston Baldwin,109,65000.0,Refrigerator,Home,online,Delhi,2025-04-23,1,Card,0.3,Pre*****@gmail.com,94******49,successful,64999.7,2025-04
6291,1410,Emily Johnson,101,250000.0,Laptop,Electronics,online,Chennai,2026-01-02,1,UPI,0.4,Emi*****@outlook.com,84******44,successful,249999.6,2026-01
6292,1603,Holly Wilson,104,8000.0,Shoes,Clothing,offline,Hyderabad,2025-10-27,1,Cash,0.2,Hol*****@gmail.com,83******48,successful,7999.8,2025-10
6294,1480,Kelly Davis,107,50000.0,Dining Table,Furniture,online,Hyderabad,2026-12-03,4,Card,0.4,Kel*****@gmail.com,81******24,successful,199999.6,2026-12
6296,1186,Paul Morris,107,50000.0,Dining Table,Furniture,offline,Delhi,2026-03-26,3,UPI,0.3,Pau*****@gmail.com,80******05,successful,149999.7,2026-03
6297,1795,Justin Drake,103,1300.0,Shirt,Clothing,online,Chennai,2025-10-01,5,NetBanking,0.05,Jus*****@yahoo.com,70******88,successful,6499.95,2025-10
6298,1933,Michael Hernandez,110,45000.0,Microwave,Home Appliances,offline,Chennai,2026-01-05,5,Cash,0.4,Mic*****@gmail.com,95******89,successful,224999.6,2026-01
6299,1068,Andrew Cole,103,1300.0,Shirt,Clothing,online,Hyderabad,2026-02-11,1,NetBanking,0.4,And*****@outlook.com,67******93,successful,1299.6,2026-02
6300,1153,Thomas Sanchez,103,1300.0,Shirt,Clothing,offline,Mumbai,2025-09-16,4,Card,0.4,Tho*****@gmail.com,84******82,successful,5199.6,2025-09
6301,1919,Joseph Bauer,104,8000.0,Shoes,Clothing,online,Delhi,2025-10-09,4,Cash,0.4,Jos*****@outlook.com,67******14,successful,31999.6,2025-10
6302,1157,Regina Bradford,110,45000.0,Microwave,Home Appliances,offline,Chennai,2025-09-15,1,UPI,0.25,Reg*****@gmail.com,85******50,successful,44999.75,2025-09
6303,1411,Luis Jackson,106,,Sofa,Furniture,offline,Mumbai,2026-03-22,1,Cash,0.15,Lui*****@gmail.com,66******17,successful,,2026-03
6304,1344,Caitlin Hutchinson,108,,Mixer Grinder,Home Appliances,offline,Mumbai,2026-05-03,2,NetBanking,0.05,Cai*****@gmail.com,97******76,successful,,2026-05
6305,1989,Jeremy Kelley,104,8000.0,Shoes,Cloth,online,Bangalore,2025-03-12,1,Card,0.4,Jer*****@gmail.com,94******37,successful,7999.6,2025-03
6307,1278,Sandra Robinson,103,1300.0,Shirt,Clothing,online,Chennai,2025-10-06,4,Card,0.3,San*****@gmail.com,99******46,successful,5199.7,2025-10
6308,1116,Jennifer Dillon,101,250000.0,Laptop,Electronics,offline,Delhi,2025-08-18,2,Cash,0.3,Jen*****@yahoo.com,73******19,successful,499999.7,2025-08
6309,1247,Chad Lawson,107,50000.0,Dining Table,Furn,online,Chennai,2026-03-21,2,NetBanking,0.3,Cha*****@yahoo.com,80******74,successful,99999.7,2026-03
6310,1222,Vincent Shannon,110,45000.0,Microwave,Home,online,Delhi,2025-09-08,3,UPI,0.4,Vin*****@gmail.com,81******94,successful,134999.6,2025-09
6311,1092,Darrell Hines,103,1300.0,Shirt,Clothing,offline,Chennai,2025-09-20,1,NetBanking,0.35,Dar*****@outlook.com,64******14,successful,1299.65,2025-09
6312,1041,Rachel Steele,107,50000.0,Dining Table,Furn,offline,Chennai,2025-11-27,3,Card,0.15,Rac*****@outlook.com,74******20,successful,149999.85,2025-11
6313,1916,Amber Foster,102,70000.0,Phone,Electronics,offline,Chennai,2025-11-27,4,NetBanking,0.3,Amb*****@gmail.com,75******39,successful,279999.7,2025-11
6314,1242,John Ward,109,65000.0,Refrigerator,Home,offline,Mumbai,2025-11-06,3,UPI,0.3,Joh*****@outlook.com,74******39,successful,194999.7,2025-11
6315,1170,Nathan Richardson,107,50000.0,Dining Table,Furniture,offline,Bangalore,2025-08-15,4,UPI,0.3,Nat*****@gmail.com,77******44,successful,199999.7,2025-08
6316,1352,Susan Johnson,106,,Sofa,Furn,online,Chennai,2026-01-25,3,Cash,0.05,Sus*****@outlook.com,77******56,successful,,2026-01
6319,1552,Cynthia Buchanan,106,80000.0,Sofa,Furniture,offline,Chennai,2026-03-19,1,NetBanking,0.35,Cyn*****@yahoo.com,81******48,successful,79999.65,2026-03
6320,1554,Darrell Watson,108,15000.0,Mixer Grinder,Home Appliances,offline,Mumbai,2025-11-18,1,UPI,0.2,Dar*****@gmail.com,94******32,successful,14999.8,2025-11
6322,1861,Tyler Chandler,104,8000.0,Shoes,Clothing,online,Bangalore,2025-12-28,2,Cash,0.2,Tyl*****@outlook.com,83******68,successful,15999.8,2025-12
6323,1650,Andre Lamb,102,70000.0,Phone,Elec,offline,Delhi,2025-05-11,2,Cash,0.4,And*****@gmail.com,69******91,successful,139999.6,2025-05
6324,1628,Michael Garcia,109,65000.0,Refrigerator,Home,online,Hyderabad,2026-08-04,5,UPI,0.25,Mic*****@gmail.com,69******17,successful,324999.75,2026-08
6325,1770,Daniel Lester,101,250000.0,Laptop,Electronics,online,Chennai,2025-09-23,5,NetBanking,0.2,Dan*****@gmail.com,72******11,successful,1249999.8,2025-09
6327,1646,Brian Shields,110,45000.0,Microwave,Home Appliances,offline,Delhi,2025-09-01,5,NetBanking,0.15,Bri*****@yahoo.com,67******30,successful,224999.85,2025-09
6328,1900,Norman Joseph,109,65000.0,Refrigerator,Home Appliances,online,Delhi,2025-07-09,1,Cash,0.25,Nor*****@gmail.com,70******83,successful,64999.75,2025-07
6329,1746,Lawrence Coffey,105,45000.0,Tv,Electronics,offline,Chennai,2025-07-02,3,NetBanking,0.25,Law*****@gmail.com,71******71,successful,134999.75,2025-07
6330,1195,Michael Collins,106,80000.0,Sofa,Furniture,offline,Bangalore,2025-12-30,4,NetBanking,0.15,Mic*****@outlook.com,83******64,successful,319999.85,2025-12
6332,1977,Donna Ayers,109,65000.0,Refrigerator,Home Appliances,offline,Hyderabad,2025-11-23,2,NetBanking,0.1,Don*****@yahoo.com,63******87,successful,129999.9,2025-11
6333,1226,Charles Wright,106,80000.0,Sofa,Furniture,offline,Hyderabad,2026-07-03,1,NetBanking,0.25,Cha*****@gmail.com,85******66,successful,79999.75,2026-07
6334,1259,Miranda Perez,110,45000.0,Microwave,Home,offline,Mumbai,2025-09-04,3,Card,0.25,Mir*****@outlook.com,62******38,successful,134999.75,2025-09
6336,1615,Mark Charles,109,65000.0,Refrigerator,Home Appliances,offline,Bangalore,2026-02-27,5,Card,0.05,Mar*****@outlook.com,94******75,successful,324999.95,2026-02
6337,1636,Natalie Robinson,107,50000.0,Dining Table,Furniture,offline,Hyderabad,2026-03-26,3,Card,0.4,Nat*****@outlook.com,82******80,successful,149999.6,2026-03
6338,1709,Savannah Lee,102,,Phone,Electronics,online,Bangalore,2025-09-30,1,Cash,0.35,Sav*****@outlook.com,66******08,successful,,2025-09
6339,1494,Pamela Wong,106,80000.0,Sofa,Furniture,offline,Chennai,2025-08-19,2,UPI,0.25,Pam*****@outlook.com,80******60,successful,159999.75,2025-08
6341,1677,Emily Clark,110,45000.0,Microwave,Home Appliances,offline,Delhi,2025-06-25,2,UPI,0.3,Emi*****@gmail.com,88******51,successful,89999.7,2025-06
6342,1062,Richard Copeland,102,70000.0,Phone,Elec,offline,Bangalore,2025-04-18,4,NetBanking,0.25,Ric*****@gmail.com,72******67,successful,279999.75,2025-04
6343,1158,Bryan Cunningham,106,80000.0,Sofa,Furniture,online,Chennai,2025-07-18,3,UPI,0.25,Bry*****@yahoo.com,87******78,successful,239999.75,2025-07
6344,1485,Thomas Jackson,103,1300.0,Shirt,Cloth,online,Mumbai,2026-05-01,5,UPI,0.4,Tho*****@yahoo.com,90******88,successful,6499.6,2026-05
6345,1199,Richard Davis,101,250000.0,Laptop,Electronics,online,Hyderabad,2025-11-28,3,UPI,0.15,Ric*****@outlook.com,75******58,successful,749999.85,2025-11
6346,1462,Bradley Sutton,110,45000.0,Microwave,Home Appliances,offline,Delhi,2025-12-13,3,UPI,0.35,Bra*****@yahoo.com,74******75,successful,134999.65,2025-12
6347,1571,Carly Fox,102,70000.0,Phone,Electronics,offline,Mumbai,2025-07-18,3,Cash,0.4,Car*****@gmail.com,75******27,successful,209999.6,2025-07
6348,1624,Krista Miller,107,50000.0,Dining Table,Furniture,offline,Chennai,2025-12-15,4,UPI,0.35,Kri*****@outlook.com,66******50,successful,199999.65,2025-12
6349,1119,Valerie Hines,106,80000.0,Sofa,Furniture,offline,Hyderabad,2025-09-09,5,NetBanking,0.15,Val*****@outlook.com,78******95,successful,399999.85,2025-09
6350,1623,William Edwards,102,70000.0,Phone,Electronics,offline,Mumbai,2025-06-18,3,NetBanking,0.15,Wil*****@gmail.com,71******09,successful,209999.85,2025-06
6351,1590,Karen Anderson,105,45000.0,Tv,Electronics,online,Hyderabad,2025-06-25,4,NetBanking,0.2,Kar*****@gmail.com,80******95,successful,179999.8,2025-06
6352,1048,Darlene Eaton,101,250000.0,Laptop,Electronics,offline,Delhi,2026-01-04,1,UPI,0.3,Dar*****@yahoo.com,67******39,successful,249999.7,2026-01
6353,1120,Jennifer Young,108,15000.0,Mixer Grinder,Home,online,Mumbai,2026-02-15,2,UPI,0.4,Jen*****@gmail.com,63******39,successful,29999.6,2026-02
6355,1092,Darrell Hines,107,50000.0,Dining Table,Furniture,online,Chennai,2025-07-25,2,NetBanking,0.35,Dar*****@outlook.com,64******14,successful,99999.65,2025-07
6356,1131,Susan Ramirez,105,45000.0,Tv,Electronics,offline,Chennai,2025-10-02,1,Cash,0.15,Sus*****@gmail.com,85******76,successful,44999.85,2025-10
6357,1871,Ronald Lloyd,108,15000.0,Mixer Grinder,Home,offline,Hyderabad,2025-10-04,4,Card,0.1,Ron*****@gmail.com,76******33,successful,59999.9,2025-10
6360,1533,Stephanie Todd,103,1300.0,Shirt,Clothing,online,Mumbai,2025-10-12,5,UPI,0.25,Ste*****@gmail.com,61******86,successful,6499.75,2025-10
6361,1751,Jasmin Terry,101,250000.0,Laptop,Elec,online,Hyderabad,2026-02-08,5,Cash,0.4,Jas*****@gmail.com,64******65,successful,1249999.6,2026-02
6362,1564,Adriana English,106,80000.0,Sofa,Furniture,offline,Mumbai,2025-11-13,5,Cash,0.2,Adr*****@yahoo.com,85******64,successful,399999.8,2025-11
6363,1775,Christopher Garcia,109,65000.0,Refrigerator,Home,offline,Mumbai,2025-08-05,4,Card,0.25,Chr*****@outlook.com,64******73,successful,259999.75,2025-08
6365,1134,Jennifer Williams,105,45000.0,Tv,Elec,offline,Mumbai,2025-09-15,1,NetBanking,0.2,Jen*****@yahoo.com,89******26,successful,44999.8,2025-09
6366,1973,Joseph Martinez,106,80000.0,Sofa,Furniture,online,Bangalore,2026-01-26,3,Cash,0.05,Jos*****@yahoo.com,78******21,successful,239999.95,2026-01
6367,1874,Kim Woodward,105,45000.0,Tv,Electronics,offline,Delhi,2025-09-03,2,Card,0.1,Kim*****@outlook.com,82******56,successful,89999.9,2025-09
6368,1821,Frank Bean,108,15000.0,Mixer Grinder,Home Appliances,online,Hyderabad,2026-02-06,1,NetBanking,0.4,Fra*****@outlook.com,65******96,successful,14999.6,2026-02
6369,1399,Kristen Buchanan,105,45000.0,Tv,Elec,offline,Bangalore,2026-03-08,3,NetBanking,0.25,Kri*****@yahoo.com,74******97,successful,134999.75,2026-03
6370,1223,Alexander Paul,107,50000.0,Dining Table,Furniture,offline,Mumbai,2025-09-22,5,Cash,0.15,Ale*****@gmail.com,63******89,successful,249999.85,2025-09
6371,1311,Elizabeth Peck,109,65000.0,Refrigerator,Home Appliances,offline,Hyderabad,2026-01-11,5,Cash,0.25,Eli*****@yahoo.com,91******30,successful,324999.75,2026-01
6372,1665,Michael Weaver,110,45000.0,Microwave,Home Appliances,online,Bangalore,2026-01-31,5,UPI,0.3,Mic*****@gmail.com,78******12,successful,224999.7,2026-01
6373,1968,Bill Wong,101,250000.0,Laptop,Elec,offline,Hyderabad,2025-09-14,1,Cash,0.3,Bil*****@gmail.com,89******95,successful,249999.7,2025-09
6374,1032,Kurt Harrison,110,45000.0,Microwave,Home,online,Hyderabad,2025-06-18,2,Card,0.35,Kur*****@outlook.com,69******94,successful,89999.65,2025-06
6375,1751,Jasmin Terry,109,,Refrigerator,Home Appliances,offline,Hyderabad,2026-02-22,3,Cash,0.3,Jas*****@gmail.com,64******65,successful,,2026-02
6377,1661,Amanda Huff,106,80000.0,Sofa,Furn,online,Chennai,2025-08-09,2,UPI,0.25,Ama*****@gmail.com,74******38,successful,159999.75,2025-08
6379,1897,Spencer Carpenter,108,15000.0,Mixer Grinder,Home Appliances,offline,Delhi,2025-12-28,5,Card,0.05,Spe*****@yahoo.com,76******21,successful,74999.95,2025-12
6380,1157,Regina Bradford,106,80000.0,Sofa,Furniture,online,Chennai,2025-04-21,2,Cash,0.1,Reg*****@gmail.com,85******50,successful,159999.9,2025-04
6382,1333,Douglas Thompson,108,15000.0,Mixer Grinder,Home Appliances,online,Delhi,2025-04-16,5,Cash,0.4,Dou*****@outlook.com,65******46,successful,74999.6,2025-04
6383,1599,Breanna Clements,103,1300.0,Shirt,Clothing,offline,Hyderabad,2025-10-30,2,NetBanking,0.1,Bre*****@gmail.com,96******33,successful,2599.9,2025-10
6384,1406,Preston Baldwin,105,45000.0,Tv,Elec,online,Delhi,2025-12-04,3,Card,0.25,Pre*****@gmail.com,94******49,successful,134999.75,2025-12
6385,1380,Victoria Patterson,110,45000.0,Microwave,Home Appliances,offline,Mumbai,2026-03-04,5,Card,0.3,Vic*****@outlook.com,76******33,successful,224999.7,2026-03
6386,1645,Amy Becker,107,50000.0,Dining Table,Furn,offline,Chennai,2025-11-25,1,NetBanking,0.3,Amy*****@yahoo.com,62******91,successful,49999.7,2025-11
6387,1463,Matthew Mathis,103,1300.0,Shirt,Clothing,online,Delhi,2025-09-10,2,UPI,0.3,Mat*****@yahoo.com,96******17,successful,2599.7,2025-09
6388,1085,Jennifer Taylor,103,1300.0,Shirt,Cloth,offline,Delhi,2025-06-06,2,NetBanking,0.4,Jen*****@outlook.com,73******85,successful,2599.6,2025-06
6390,1060,John Barron,102,70000.0,Phone,Electronics,offline,Mumbai,2025-08-06,4,NetBanking,0.35,Joh*****@outlook.com,85******62,successful,279999.65,2025-08
6392,1376,Mark Clark,103,,Shirt,Clothing,online,Delhi,2025-08-10,3,NetBanking,0.15,Mar*****@yahoo.com,92******59,successful,,2025-08
6393,1831,Benjamin Wu,104,8000.0,Shoes,Clothing,online,Chennai,2026-01-31,3,Card,0.1,Ben*****@gmail.com,85******40,successful,23999.9,2026-01
6394,1845,Brendan Ruiz,102,,Phone,Electronics,offline,Bangalore,2025-07-06,4,Card,0.25,Bre*****@gmail.com,78******41,successful,,2025-07
6395,1121,Stacy Murphy,109,65000.0,Refrigerator,Home,online,Bangalore,2025-06-03,5,Cash,0.15,Sta*****@outlook.com,97******77,successful,324999.85,2025-06
6397,1283,Dwayne Newman,105,45000.0,Tv,Elec,online,Hyderabad,2026-02-21,4,NetBanking,0.05,Dwa*****@outlook.com,83******73,successful,179999.95,2026-02
6398,1779,Vanessa Maxwell,104,,Shoes,Clothing,online,Bangalore,2026-04-14,2,Card,0.1,Van*****@gmail.com,75******67,successful,,2026-04
6399,1151,Dennis Johnston,104,8000.0,Shoes,Clothing,online,Mumbai,2025-04-19,4,Card,0.15,Den*****@yahoo.com,89******63,successful,31999.85,2025-04
6400,1404,John Greene,103,1300.0,Shirt,Clothing,offline,Mumbai,2025-05-17,4,UPI,0.25,Joh*****@yahoo.com,73******84,successful,5199.75,2025-05
6401,1649,Kimberly Williams,102,70000.0,Phone,Electronics,online,Delhi,2025-07-23,3,NetBanking,0.4,Kim*****@outlook.com,96******93,successful,209999.6,2025-07
6402,1881,David Stevens,108,15000.0,Mixer Grinder,Home Appliances,offline,Mumbai,2025-01-05,5,NetBanking,0.25,Dav*****@yahoo.com,81******76,successful,74999.75,2025-01
6404,1304,Charlotte Odom,107,50000.0,Dining Table,Furn,online,Hyderabad,2025-02-08,5,NetBanking,0.35,Cha*****@outlook.com,81******94,successful,249999.65,2025-02
6406,1289,Robert Mccoy,101,250000.0,Laptop,Electronics,online,Bangalore,2026-02-18,3,UPI,0.4,Rob*****@outlook.com,72******27,successful,749999.6,2026-02
6407,1869,Jeffrey Moore,106,80000.0,Sofa,Furn,online,Chennai,2026-05-02,2,Card,0.35,Jef*****@gmail.com,61******10,successful,159999.65,2026-05
6408,1504,Matthew Byrd,109,65000.0,Refrigerator,Home Appliances,online,Delhi,2026-03-31,1,Card,0.1,Mat*****@outlook.com,75******18,successful,64999.9,2026-03
6409,1990,Regina Coleman,109,65000.0,Refrigerator,Home Appliances,online,Mumbai,2026-02-24,1,UPI,0.35,Reg*****@gmail.com,81******04,successful,64999.65,2026-02
6410,1898,Thomas Levy,101,250000.0,Laptop,Electronics,online,Chennai,2025-09-14,4,Card,0.2,Tho*****@gmail.com,61******13,successful,999999.8,2025-09
6411,1132,Sara Perez,103,1300.0,Shirt,Cloth,online,Chennai,2025-07-03,4,Cash,0.4,Sar*****@outlook.com,68******23,successful,5199.6,2025-07
6413,1015,Courtney Barton,108,,Mixer Grinder,Home Appliances,offline,Hyderabad,2026-03-03,2,UPI,0.35,Cou*****@yahoo.com,82******04,successful,,2026-03
6415,1703,Elizabeth Richards,101,250000.0,Laptop,Electronics,online,Bangalore,2025-10-18,2,UPI,0.05,Eli*****@gmail.com,71******57,successful,499999.95,2025-10
6416,1387,Geoffrey Price,101,250000.0,Laptop,Elec,online,Bangalore,2025-08-15,5,Cash,0.4,Geo*****@outlook.com,81******93,successful,1249999.6,2025-08
6418,1545,Jesse Hopkins,102,70000.0,Phone,Electronics,offline,Bangalore,2026-03-15,1,Card,0.1,Jes*****@gmail.com,69******68,successful,69999.9,2026-03
6419,1372,Timothy Hendrix,101,250000.0,Laptop,Elec,online,Chennai,2025-08-18,1,Card,0.2,Tim*****@gmail.com,64******73,successful,249999.8,2025-08
6420,1857,Kyle Kennedy,107,50000.0,Dining Table,Furn,offline,Mumbai,2026-01-06,4,NetBanking,0.25,Kyl*****@gmail.com,67******00,successful,199999.75,2026-01
6422,1585,Wyatt Coleman,109,65000.0,Refrigerator,Home Appliances,offline,Mumbai,2026-02-01,5,Card,0.25,Wya*****@gmail.com,99******62,successful,324999.75,2026-02
6423,1053,Steve Mitchell,104,8000.0,Shoes,Cloth,online,Chennai,2025-08-11,5,Cash,0.4,Ste*****@outlook.com,90******06,successful,39999.6,2025-08
6425,1828,Sheila Hunt,110,45000.0,Microwave,Home Appliances,offline,Bangalore,2025-11-01,4,NetBanking,0.2,She*****@yahoo.com,76******76,successful,179999.8,2025-11
6426,1755,Scott Norman,109,65000.0,Refrigerator,Home Appliances,online,Hyderabad,2025-05-13,3,Cash,0.25,Sco*****@gmail.com,74******96,successful,194999.75,2025-05
6427,1413,Emily Hinton,109,65000.0,Refrigerator,Home Appliances,offline,Delhi,2026-03-19,2,UPI,0.35,Emi*****@yahoo.com,80******89,successful,129999.65,2026-03
6428,1679,Patricia White,106,80000.0,Sofa,Furn,online,Mumbai,2026-01-01,2,Card,0.1,Pat*****@gmail.com,99******06,successful,159999.9,2026-01
6429,1522,Colin Pope,109,65000.0,Refrigerator,Home Appliances,offline,Mumbai,2025-05-08,4,NetBanking,0.05,Col*****@gmail.com,92******02,successful,259999.95,2025-05
6430,1488,Jeffrey Woods,103,1300.0,Shirt,Clothing,offline,Bangalore,2025-12-16,2,Cash,0.05,Jef*****@yahoo.com,96******14,successful,2599.95,2025-12
6431,1477,Leah Mitchell,104,,Shoes,Clothing,online,Chennai,2025-04-09,2,Cash,0.3,Lea*****@gmail.com,65******41,successful,,2025-04
6433,1559,Jason Johnson,107,50000.0,Dining Table,Furniture,offline,Delhi,2025-10-18,1,UPI,0.4,Jas*****@yahoo.com,97******10,successful,49999.6,2025-10
6434,1147,Kimberly Martin,102,70000.0,Phone,Electronics,online,Delhi,2025-09-11,4,UPI,0.15,Kim*****@gmail.com,68******66,successful,279999.85,2025-09
6435,1981,Jennifer Foster,109,65000.0,Refrigerator,Home Appliances,offline,Chennai,2025-01-12,2,Card,0.2,Jen*****@outlook.com,96******94,successful,129999.8,2025-01
6436,1634,Mark Cook,107,50000.0,Dining Table,Furn,online,Mumbai,2025-09-11,3,NetBanking,0.3,Mar*****@outlook.com,73******64,successful,149999.7,2025-09
6438,1676,Jack Mata,108,15000.0,Mixer Grinder,Home Appliances,online,Delhi,2025-12-09,2,UPI,0.4,Jac*****@gmail.com,92******65,successful,29999.6,2025-12
6439,1311,Elizabeth Peck,104,8000.0,Shoes,Clothing,online,Hyderabad,2025-02-10,4,Cash,0.2,Eli*****@yahoo.com,91******30,successful,31999.8,2025-02
6441,1208,Andrew Collins,110,45000.0,Microwave,Home,online,Mumbai,2026-01-11,3,NetBanking,0.1,And*****@gmail.com,63******60,successful,134999.9,2026-01
6442,1924,William Hopkins,108,15000.0,Mixer Grinder,Home,offline,Delhi,2025-09-07,5,Cash,0.1,Wil*****@yahoo.com,82******14,successful,74999.9,2025-09
6444,1179,Alexandra May,105,45000.0,Tv,Electronics,offline,Chennai,2025-05-02,1,Card,0.25,Ale*****@yahoo.com,77******05,successful,44999.75,2025-05
6445,1067,Kim Burke,110,45000.0,Microwave,Home Appliances,online,Mumbai,2025-07-26,1,UPI,0.15,Kim*****@gmail.com,66******84,successful,44999.85,2025-07
6446,1884,Sandra Moore,108,15000.0,Mixer Grinder,Home,online,Delhi,2026-04-05,2,NetBanking,0.25,San*****@yahoo.com,79******23,successful,29999.75,2026-04
6447,1191,Jeremy Werner,107,50000.0,Dining Table,Furn,online,Bangalore,2025-05-16,1,Card,0.3,Jer*****@outlook.com,70******55,successful,49999.7,2025-05
6448,1245,Carlos Bennett,110,45000.0,Microwave,Home Appliances,online,Mumbai,2026-03-31,5,NetBanking,0.25,Car*****@gmail.com,72******37,successful,224999.75,2026-03
6449,1024,Adrian Bruce,101,250000.0,Laptop,Electronics,online,Bangalore,2025-06-15,3,Card,0.4,Adr*****@gmail.com,79******37,successful,749999.6,2025-06
6450,1050,Robert Hughes,102,70000.0,Phone,Elec,online,Chennai,2025-07-30,5,Card,0.15,Rob*****@yahoo.com,73******46,successful,349999.85,2025-07
6451,1308,Stephanie Young,110,45000.0,Microwave,Home Appliances,online,Hyderabad,2025-08-12,4,NetBanking,0.35,Ste*****@gmail.com,83******67,successful,179999.65,2025-08
6452,1432,Mercedes Oneal,102,70000.0,Phone,Electronics,offline,Hyderabad,2025-11-01,1,NetBanking,0.15,Mer*****@yahoo.com,83******26,successful,69999.85,2025-11
6453,1327,Samuel Leonard,106,80000.0,Sofa,Furn,online,Delhi,2026-02-27,5,UPI,0.05,Sam*****@yahoo.com,62******72,successful,399999.95,2026-02
6455,1355,Daniel Ward,101,250000.0,Laptop,Electronics,online,Mumbai,2025-07-03,1,UPI,0.05,Dan*****@gmail.com,82******38,successful,249999.95,2025-07
6456,1904,Zachary Perry,109,65000.0,Refrigerator,Home Appliances,offline,Delhi,2025-12-12,3,Card,0.35,Zac*****@outlook.com,75******11,successful,194999.65,2025-12
6457,1220,Andrew Pena,107,50000.0,Dining Table,Furn,offline,Mumbai,2025-01-12,1,NetBanking,0.1,And*****@gmail.com,72******15,successful,49999.9,2025-01
6459,1063,Renee Liu,103,1300.0,Shirt,Cloth,online,Delhi,2025-05-10,4,UPI,0.25,Ren*****@outlook.com,91******61,successful,5199.75,2025-05
6460,1428,James Mccoy,109,65000.0,Refrigerator,Home,online,Bangalore,2025-09-19,5,Cash,0.25,Jam*****@gmail.com,66******77,successful,324999.75,2025-09
6462,1577,Diana Brewer,102,70000.0,Phone,Elec,online,Bangalore,2025-05-01,1,Cash,0.4,Dia*****@gmail.com,68******19,successful,69999.6,2025-05
6463,1135,Brian Foster,109,65000.0,Refrigerator,Home,offline,Hyderabad,2025-05-13,5,Card,0.3,Bri*****@gmail.com,91******85,successful,324999.7,2025-05
6464,1498,Karen Owens,103,1300.0,Shirt,Cloth,online,Delhi,2025-05-01,1,UPI,0.3,Kar*****@gmail.com,88******37,successful,1299.7,2025-05
6465,1987,Eric Waters,107,50000.0,Dining Table,Furniture,online,Hyderabad,2025-11-05,3,UPI,0.4,Eri*****@gmail.com,75******21,successful,149999.6,2025-11
6466,1931,Amy Mccall,103,1300.0,Shirt,Clothing,offline,Bangalore,2025-07-15,1,Card,0.15,Amy*****@gmail.com,75******53,successful,1299.85,2025-07
6467,1128,Autumn Morgan,109,,Refrigerator,Home Appliances,offline,Chennai,2026-03-22,1,UPI,0.35,Aut*****@gmail.com,80******06,successful,,2026-03
6468,1304,Charlotte Odom,108,15000.0,Mixer Grinder,Home Appliances,online,Hyderabad,2026-02-02,2,Card,0.25,Cha*****@outlook.com,81******94,successful,29999.75,2026-02
6469,1677,Emily Clark,101,250000.0,Laptop,Electronics,offline,Delhi,2025-11-03,3,Card,0.2,Emi*****@gmail.com,88******51,successful,749999.8,2025-11
6470,1582,Kevin Bryan,110,45000.0,Microwave,Home Appliances,offline,Delhi,2026-09-04,3,Cash,0.35,Kev*****@gmail.com,83******57,successful,134999.65,2026-09
6471,1396,Jason Taylor,102,70000.0,Phone,Electronics,offline,Hyderabad,2025-09-30,1,Card,0.1,Jas*****@yahoo.com,64******16,successful,69999.9,2025-09
6472,1503,Patrick Lopez,103,1300.0,Shirt,Clothing,offline,Chennai,2025-10-04,4,UPI,0.05,Pat*****@gmail.com,72******47,successful,5199.95,2025-10
6474,1631,Vincent Riley,107,50000.0,Dining Table,Furniture,offline,Delhi,2025-09-21,1,UPI,0.2,Vin*****@gmail.com,76******30,successful,49999.8,2025-09
6476,1354,Jordan Donaldson,109,65000.0,Refrigerator,Home Appliances,online,Bangalore,2025-06-02,2,Cash,0.35,Jor*****@gmail.com,70******32,successful,129999.65,2025-06
6477,1133,Jesse Rowe,108,15000.0,Mixer Grinder,Home Appliances,online,Hyderabad,2025-10-21,1,Cash,0.25,Jes*****@yahoo.com,87******90,successful,14999.75,2025-10
6478,1254,Brandon Turner,106,,Sofa,Furn,offline,Chennai,2026-04-03,2,Card,0.2,Bra*****@gmail.com,75******96,successful,,2026-04
6479,1873,Mitchell Johnson,108,15000.0,Mixer Grinder,Home,offline,Delhi,2026-03-01,5,Card,0.15,Mit*****@outlook.com,66******92,successful,74999.85,2026-03
6480,1640,Daniel Morris,105,45000.0,Tv,Elec,online,Hyderabad,2025-12-15,2,Card,0.35,Dan*****@outlook.com,87******03,successful,89999.65,2025-12
6481,1565,Mark Johnson,109,65000.0,Refrigerator,Home Appliances,offline,Mumbai,2025-07-30,5,Cash,0.1,Mar*****@yahoo.com,61******33,successful,324999.9,2025-07
6483,1985,Allison Garner,102,70000.0,Phone,Electronics,offline,Bangalore,2025-09-09,3,Card,0.4,All*****@gmail.com,74******83,successful,209999.6,2025-09
6485,1975,Timothy Nichols,107,50000.0,Dining Table,Furniture,online,Bangalore,2026-02-23,5,Cash,0.15,Tim*****@gmail.com,78******86,successful,249999.85,2026-02
6486,1750,Anita Mclean,102,70000.0,Phone,Electronics,online,Chennai,2025-10-27,1,UPI,0.25,Ani*****@gmail.com,92******17,successful,69999.75,2025-10
6487,1361,Jennifer Hart,107,50000.0,Dining Table,Furniture,offline,Bangalore,2025-08-03,4,UPI,0.2,Jen*****@gmail.com,99******68,successful,199999.8,2025-08
6489,1512,David Kent,105,45000.0,Tv,Electronics,offline,Delhi,2025-08-05,2,UPI,0.25,Dav*****@gmail.com,69******74,successful,89999.75,2025-08
6490,1689,Christopher Stephens,107,50000.0,Dining Table,Furniture,online,Mumbai,2025-06-01,4,NetBanking,0.35,Chr*****@gmail.com,64******84,successful,199999.65,2025-06
6491,1167,Gabriel Sanchez,109,65000.0,Refrigerator,Home Appliances,offline,Mumbai,2026-01-18,3,Card,0.35,Gab*****@gmail.com,95******68,successful,194999.65,2026-01
6492,1273,Lisa Henry,104,8000.0,Shoes,Clothing,offline,Hyderabad,2025-08-26,1,UPI,0.4,Lis*****@gmail.com,79******89,successful,7999.6,2025-08
6493,1395,William Francis,106,80000.0,Sofa,Furn,online,Hyderabad,2026-02-17,4,Cash,0.4,Wil*****@gmail.com,65******28,successful,319999.6,2026-02
6494,1420,Debra Short,108,,Mixer Grinder,Home Appliances,online,Chennai,2025-10-22,3,Cash,0.3,Deb*****@gmail.com,96******81,successful,,2025-10
6496,1499,Paula Mcbride,106,,Sofa,Furniture,online,Hyderabad,2026-01-24,1,NetBanking,0.3,Pau*****@gmail.com,83******05,successful,,2026-01
6497,1450,James Hayes,107,50000.0,Dining Table,Furniture,offline,Chennai,2025-04-23,2,Cash,0.35,Jam*****@yahoo.com,94******32,successful,99999.65,2025-04
6498,1917,Bruce Dodson,106,80000.0,Sofa,Furniture,offline,Delhi,2025-06-20,5,NetBanking,0.3,Bru*****@yahoo.com,70******10,successful,399999.7,2025-06
6499,1018,Benjamin Rivera,107,50000.0,Dining Table,Furniture,offline,Delhi,2026-04-01,4,Cash,0.4,Ben*****@gmail.com,62******00,successful,199999.6,2026-04
6500,1171,William Orr,101,250000.0,Laptop,Elec,online,Bangalore,2025-04-18,3,Card,0.15,Wil*****@gmail.com,93******79,successful,749999.85,2025-04
6503,1167,Gabriel Sanchez,110,45000.0,Microwave,Home Appliances,online,Mumbai,2025-07-21,2,UPI,0.05,Gab*****@gmail.com,95******68,successful,89999.95,2025-07
6504,1767,Chelsea Booth,105,45000.0,Tv,Electronics,online,Bangalore,2025-05-30,4,NetBanking,0.35,Che*****@gmail.com,66******06,successful,179999.65,2025-05
6505,1161,Lucas Brown,104,8000.0,Shoes,Clothing,offline,Delhi,2025-07-15,2,Card,0.1,Luc*****@outlook.com,78******84,successful,15999.9,2025-07
6507,1395,William Francis,103,1300.0,Shirt,Clothing,offline,Hyderabad,2025-10-12,1,UPI,0.35,Wil*****@gmail.com,65******28,successful,1299.65,2025-10
6508,1799,Matthew Rodriguez,107,50000.0,Dining Table,Furn,offline,Bangalore,2026-11-04,1,UPI,0.1,Mat*****@gmail.com,64******99,successful,49999.9,2026-11
6509,1407,Laura Adams,103,1300.0,Shirt,Cloth,online,Bangalore,2025-11-06,4,NetBanking,0.2,Lau*****@gmail.com,60******68,successful,5199.8,2025-11
6510,1626,Luke Martin,102,70000.0,Phone,Electronics,online,Chennai,2026-09-03,3,NetBanking,0.05,Luk*****@outlook.com,92******87,successful,209999.95,2026-09
6511,1607,Adrian Singleton,107,50000.0,Dining Table,Furniture,offline,Mumbai,2025-08-07,1,Card,0.1,Adr*****@yahoo.com,88******94,successful,49999.9,2025-08
6512,1025,Michael Young,106,80000.0,Sofa,Furn,offline,Mumbai,2025-11-02,4,Cash,0.15,Mic*****@gmail.com,65******90,successful,319999.85,2025-11
6513,1386,Emily Vasquez,101,250000.0,Laptop,Electronics,online,Mumbai,2025-06-07,1,NetBanking,0.15,Emi*****@yahoo.com,66******71,successful,249999.85,2025-06
6514,1060,John Barron,102,,Phone,Electronics,online,Mumbai,2025-06-04,2,UPI,0.35,Joh*****@outlook.com,85******62,successful,,2025-06
6515,1389,Andrew Jones,105,,Tv,Elec,online,Delhi,2026-02-23,5,UPI,0.3,And*****@gmail.com,71******82,successful,,2026-02
6516,1294,Peter Reed,104,8000.0,Shoes,Cloth,online,Hyderabad,2025-05-17,4,Card,0.4,Pet*****@yahoo.com,70******25,successful,31999.6,2025-05
6517,1922,Thomas Rivera,106,80000.0,Sofa,Furniture,online,Bangalore,2025-12-24,4,NetBanking,0.1,Tho*****@gmail.com,75******21,successful,319999.9,2025-12
6518,1467,Darryl Coleman,102,,Phone,Elec,online,Mumbai,2025-06-06,1,NetBanking,0.25,Dar*****@gmail.com,80******30,successful,,2025-06
6519,1123,John Wood,109,65000.0,Refrigerator,Home Appliances,online,Bangalore,2025-10-10,2,UPI,0.15,Joh*****@yahoo.com,67******91,successful,129999.85,2025-10
6520,1551,Pamela Rodriguez,108,15000.0,Mixer Grinder,Home Appliances,offline,Bangalore,2025-09-02,2,Card,0.4,Pam*****@yahoo.com,84******11,successful,29999.6,2025-09
6521,1581,Natasha Cook,109,65000.0,Refrigerator,Home,online,Delhi,2026-01-18,3,UPI,0.2,Nat*****@outlook.com,89******05,successful,194999.8,2026-01
6523,1319,Debra Williams,109,65000.0,Refrigerator,Home Appliances,offline,Chennai,2025-11-25,2,UPI,0.05,Deb*****@gmail.com,92******76,successful,129999.95,2025-11
6525,1899,Jason Miller,103,1300.0,Shirt,Cloth,offline,Hyderabad,2025-08-07,2,UPI,0.4,Jas*****@gmail.com,93******28,successful,2599.6,2025-08
6526,1621,Stacy Ramirez,101,,Laptop,Elec,online,Bangalore,2026-01-22,4,NetBanking,0.2,Sta*****@gmail.com,65******92,successful,,2026-01
6527,1631,Vincent Riley,103,1300.0,Shirt,Clothing,offline,Delhi,2025-04-23,5,UPI,0.05,Vin*****@gmail.com,76******30,successful,6499.95,2025-04
6528,1124,Richard Hopkins,106,80000.0,Sofa,Furniture,offline,Chennai,2025-05-05,2,NetBanking,0.1,Ric*****@outlook.com,94******95,successful,159999.9,2025-05
6529,1772,Alexandra Lane,105,45000.0,Tv,Electronics,online,Mumbai,2025-12-06,3,NetBanking,0.4,Ale*****@gmail.com,64******27,successful,134999.6,2025-12
6530,1663,Michael Holder,110,45000.0,Microwave,Home Appliances,online,Chennai,2025-11-05,1,UPI,0.3,Mic*****@outlook.com,81******32,successful,44999.7,2025-11
6531,1306,Curtis Knight,110,45000.0,Microwave,Home,online,Delhi,2026-01-08,1,UPI,0.1,Cur*****@gmail.com,63******89,successful,44999.9,2026-01
6532,1148,Julie Graham,103,1300.0,Shirt,Clothing,offline,Mumbai,2026-03-02,3,Cash,0.35,Jul*****@yahoo.com,88******47,successful,3899.65,2026-03
6533,1178,Donna Hall,109,65000.0,Refrigerator,Home Appliances,offline,Mumbai,2026-06-01,2,Cash,0.15,Don*****@gmail.com,63******52,successful,129999.85,2026-06
6534,1366,Kimberly Stevenson,105,45000.0,Tv,Electronics,offline,Bangalore,2025-06-08,5,Cash,0.3,Kim*****@yahoo.com,87******53,successful,224999.7,2025-06
6535,1611,Matthew Deleon,107,50000.0,Dining Table,Furniture,offline,Delhi,2025-10-24,4,Cash,0.1,Mat*****@outlook.com,95******81,successful,199999.9,2025-10
6537,1752,Ryan Heath,107,50000.0,Dining Table,Furn,offline,Hyderabad,2026-03-24,2,UPI,0.1,Rya*****@yahoo.com,94******40,successful,99999.9,2026-03
6538,1896,Chelsea Roberts,106,80000.0,Sofa,Furn,offline,Chennai,2025-10-31,1,Card,0.25,Che*****@gmail.com,73******07,successful,79999.75,2025-10
6540,1521,Nicole Mills,104,8000.0,Shoes,Cloth,offline,Delhi,2026-03-22,1,Card,0.25,Nic*****@gmail.com,76******70,successful,7999.75,2026-03
6541,1723,Jessica Johnson,102,70000.0,Phone,Elec,online,Hyderabad,2026-03-19,5,Card,0.25,Jes*****@gmail.com,79******63,successful,349999.75,2026-03
6544,1109,Michael Wilkins,104,8000.0,Shoes,Clothing,offline,Delhi,2025-11-22,2,Card,0.1,Mic*****@yahoo.com,79******88,successful,15999.9,2025-11
6545,1099,Mike Sanders,104,8000.0,Shoes,Clothing,offline,Mumbai,2026-02-02,4,UPI,0.1,Mik*****@gmail.com,86******33,successful,31999.9,2026-02
6546,1903,Mary Richardson,102,70000.0,Phone,Electronics,online,Mumbai,2025-08-21,4,UPI,0.1,Mar*****@outlook.com,66******95,successful,279999.9,2025-08
6548,1877,Elizabeth Barron,101,250000.0,Laptop,Electronics,online,Mumbai,2026-02-22,2,NetBanking,0.2,Eli*****@gmail.com,64******82,successful,499999.8,2026-02
6549,1109,Michael Wilkins,108,,Mixer Grinder,Home Appliances,online,Delhi,2025-07-19,1,Card,0.25,Mic*****@yahoo.com,79******88,successful,,2025-07
6550,1073,John Stone,103,1300.0,Shirt,Cloth,online,Hyderabad,2026-03-14,1,UPI,0.3,Joh*****@yahoo.com,97******98,successful,1299.7,2026-03
6551,1010,Robert Jackson,104,8000.0,Shoes,Cloth,offline,Hyderabad,2025-07-18,2,Card,0.25,Rob*****@gmail.com,72******14,successful,15999.75,2025-07
6552,1273,Lisa Henry,102,70000.0,Phone,Electronics,online,Hyderabad,2025-10-19,5,NetBanking,0.05,Lis*****@gmail.com,79******89,successful,349999.95,2025-10
6553,1160,Patrick Gross,108,15000.0,Mixer Grinder,Home Appliances,online,Delhi,2025-11-30,3,NetBanking,0.15,Pat*****@gmail.com,96******49,successful,44999.85,2025-11
6554,1660,Jamie Russo,110,45000.0,Microwave,Home Appliances,online,Delhi,2025-10-12,3,Cash,0.25,Jam*****@gmail.com,83******16,successful,134999.75,2025-10
6555,1652,Kelly Hamilton,104,8000.0,Shoes,Clothing,online,Mumbai,2026-01-10,4,Card,0.1,Kel*****@gmail.com,94******59,successful,31999.9,2026-01
6556,1344,Caitlin Hutchinson,102,,Phone,Elec,offline,Mumbai,2025-11-16,1,Cash,0.4,Cai*****@gmail.com,97******76,successful,,2025-11
6557,1853,Tiffany Watts,106,80000.0,Sofa,Furniture,online,Delhi,2025-06-30,1,Cash,0.25,Tif*****@outlook.com,73******54,successful,79999.75,2025-06
6558,1565,Mark Johnson,108,15000.0,Mixer Grinder,Home,online,Mumbai,2025-12-12,1,Card,0.2,Mar*****@yahoo.com,61******33,successful,14999.8,2025-12
6559,1561,Dustin Edwards,105,45000.0,Tv,Electronics,online,Delhi,2026-03-31,3,Card,0.4,Dus*****@yahoo.com,74******47,successful,134999.6,2026-03
6560,1552,Cynthia Buchanan,103,1300.0,Shirt,Cloth,offline,Chennai,2025-08-02,2,NetBanking,0.1,Cyn*****@yahoo.com,81******48,successful,2599.9,2025-08
6561,1487,Joshua Taylor,102,70000.0,Phone,Electronics,offline,Hyderabad,2026-02-26,3,Cash,0.2,Jos*****@outlook.com,87******85,successful,209999.8,2026-02
6562,1048,Darlene Eaton,106,,Sofa,Furniture,offline,Delhi,2025-05-15,2,UPI,0.05,Dar*****@yahoo.com,67******39,successful,,2025-05
6563,1516,Alexander Holder,106,80000.0,Sofa,Furniture,online,Hyderabad,2025-09-02,3,NetBanking,0.1,Ale*****@yahoo.com,80******94,successful,239999.9,2025-09
6564,1638,Brendan Ayers,110,45000.0,Microwave,Home,online,Delhi,2025-02-05,1,Cash,0.25,Bre*****@gmail.com,78******55,successful,44999.75,2025-02
6565,1917,Bruce Dodson,101,250000.0,Laptop,Electronics,online,Delhi,2025-08-03,3,Cash,0.25,Bru*****@yahoo.com,70******10,successful,749999.75,2025-08
6566,1992,David Gomez,104,8000.0,Shoes,Clothing,online,Bangalore,2026-03-11,2,Card,0.15,Dav*****@gmail.com,85******55,successful,15999.85,2026-03
6567,1592,Stephanie Buchanan,110,45000.0,Microwave,Home,online,Chennai,2025-05-23,5,UPI,0.4,Ste*****@outlook.com,95******68,successful,224999.6,2025-05
6568,1912,Mario Cannon,107,50000.0,Dining Table,Furniture,offline,Bangalore,2025-09-06,1,UPI,0.4,Mar*****@outlook.com,84******71,successful,49999.6,2025-09
6569,1042,Richard Nguyen,101,250000.0,Laptop,Electronics,online,Delhi,2025-07-16,2,Card,0.15,Ric*****@gmail.com,94******91,successful,499999.85,2025-07
6571,1002,John Martin,106,80000.0,Sofa,Furniture,offline,Mumbai,2026-03-03,2,NetBanking,0.1,Joh*****@gmail.com,67******28,successful,159999.9,2026-03
6572,1202,William Green,104,8000.0,Shoes,Clothing,online,Hyderabad,2025-08-17,3,UPI,0.1,Wil*****@yahoo.com,95******72,successful,23999.9,2025-08
6573,1399,Kristen Buchanan,106,80000.0,Sofa,Furn,online,Bangalore,2025-11-13,3,Card,0.4,Kri*****@yahoo.com,74******97,successful,239999.6,2025-11
6574,1135,Brian Foster,104,,Shoes,Clothing,online,Hyderabad,2025-06-08,5,UPI,0.2,Bri*****@gmail.com,91******85,successful,,2025-06
6576,1278,Sandra Robinson,107,50000.0,Dining Table,Furniture,offline,Chennai,2025-12-30,2,Card,0.05,San*****@gmail.com,99******46,successful,99999.95,2025-12
6577,1916,Amber Foster,107,50000.0,Dining Table,Furniture,offline,Chennai,2025-06-12,4,Card,0.3,Amb*****@gmail.com,75******39,successful,199999.7,2025-06
6578,1087,Cathy Callahan,105,45000.0,Tv,Elec,online,Mumbai,2025-11-03,3,Cash,0.4,Cat*****@gmail.com,60******76,successful,134999.6,2025-11
6579,1494,Pamela Wong,110,45000.0,Microwave,Home Appliances,online,Chennai,2025-11-09,2,Cash,0.1,Pam*****@outlook.com,80******60,successful,89999.9,2025-11
6580,1069,Grace Silva,102,,Phone,Electronics,offline,Bangalore,2026-02-04,4,UPI,0.1,Gra*****@yahoo.com,61******58,successful,,2026-02
6581,1852,Henry Wyatt,105,45000.0,Tv,Elec,online,Delhi,2026-05-01,5,Cash,0.15,Hen*****@gmail.com,66******90,successful,224999.85,2026-05
6582,1343,Michael Smith,102,70000.0,Phone,Electronics,online,Bangalore,2025-07-28,3,UPI,0.25,Mic*****@gmail.com,72******68,successful,209999.75,2025-07
6583,1616,Mark Taylor,101,250000.0,Laptop,Electronics,online,Mumbai,2026-03-19,2,Card,0.2,Mar*****@outlook.com,86******71,successful,499999.8,2026-03
6584,1002,John Martin,109,65000.0,Refrigerator,Home,offline,Mumbai,2026-01-28,1,Cash,0.25,Joh*****@gmail.com,67******28,successful,64999.75,2026-01
6586,1289,Robert Mccoy,103,1300.0,Shirt,Clothing,offline,Bangalore,2026-01-23,2,Cash,0.05,Rob*****@outlook.com,72******27,successful,2599.95,2026-01
6589,1244,Erik Davis,105,45000.0,Tv,Electronics,online,Mumbai,2026-03-10,2,UPI,0.3,Eri*****@gmail.com,72******73,successful,89999.7,2026-03
6590,1565,Mark Johnson,110,45000.0,Microwave,Home,online,Mumbai,2025-09-18,2,Cash,0.1,Mar*****@yahoo.com,61******33,successful,89999.9,2025-09
6591,1198,Christopher Villa,107,50000.0,Dining Table,Furniture,offline,Delhi,2025-05-13,5,UPI,0.35,Chr*****@yahoo.com,79******74,successful,249999.65,2025-05
6594,1384,Hayley Anthony,105,45000.0,Tv,Electronics,offline,Mumbai,2025-11-04,1,Cash,0.2,Hay*****@yahoo.com,65******07,successful,44999.8,2025-11
6595,1643,Evelyn Cordova,106,80000.0,Sofa,Furniture,offline,Chennai,2026-01-24,5,NetBanking,0.15,Eve*****@gmail.com,65******10,successful,399999.85,2026-01
6596,1006,Martin Williams,106,80000.0,Sofa,Furniture,offline,Mumbai,2025-04-06,2,UPI,0.25,Mar*****@outlook.com,75******10,successful,159999.75,2025-04
6597,1307,George Hall,104,8000.0,Shoes,Clothing,offline,Bangalore,2025-10-18,4,Card,0.05,Geo*****@outlook.com,63******07,successful,31999.95,2025-10
6598,1288,Connor Rose,110,45000.0,Microwave,Home,online,Hyderabad,2025-12-12,3,Cash,0.4,Con*****@gmail.com,69******43,successful,134999.6,2025-12
6600,1128,Autumn Morgan,103,1300.0,Shirt,Clothing,online,Chennai,2025-09-25,2,NetBanking,0.05,Aut*****@gmail.com,80******06,successful,2599.95,2025-09
6602,1596,Amy Lopez,103,1300.0,Shirt,Cloth,offline,Bangalore,2025-05-27,2,Cash,0.25,Amy*****@outlook.com,70******00,successful,2599.75,2025-05
6603,1583,Dorothy Alexander,104,8000.0,Shoes,Cloth,offline,Chennai,2025-12-19,2,Cash,0.35,Dor*****@yahoo.com,65******88,successful,15999.65,2025-12
6605,1574,Helen Cooley,108,15000.0,Mixer Grinder,Home Appliances,offline,Bangalore,2025-04-22,3,NetBanking,0.2,Hel*****@gmail.com,63******65,successful,44999.8,2025-04
6606,1264,Lori Tucker,107,50000.0,Dining Table,Furniture,offline,Delhi,2025-12-26,5,Card,0.35,Lor*****@outlook.com,81******47,successful,249999.65,2025-12
6607,1732,Heather Ward,103,1300.0,Shirt,Clothing,offline,Mumbai,2025-09-30,2,Card,0.4,Hea*****@yahoo.com,97******74,successful,2599.6,2025-09
6608,1080,Randy Hoffman,110,45000.0,Microwave,Home,offline,Bangalore,2025-06-22,4,Card,0.35,Ran*****@gmail.com,89******74,successful,179999.65,2025-06
6611,1763,Daniel Washington,107,50000.0,Dining Table,Furniture,online,Hyderabad,2025-05-17,5,Card,0.2,Dan*****@outlook.com,71******22,successful,249999.8,2025-05
6613,1964,Teresa Jordan,102,70000.0,Phone,Electronics,online,Hyderabad,2026-02-19,2,NetBanking,0.35,Ter*****@gmail.com,68******32,successful,139999.65,2026-02
6614,1633,Kathryn Morgan,105,45000.0,Tv,Electronics,offline,Bangalore,2025-12-14,3,Cash,0.3,Kat*****@gmail.com,89******07,successful,134999.7,2025-12
6615,1595,John Paul,110,45000.0,Microwave,Home Appliances,offline,Delhi,2025-10-09,2,NetBanking,0.2,Joh*****@outlook.com,97******62,successful,89999.8,2025-10
6616,1888,Bill Nunez,102,70000.0,Phone,Electronics,offline,Hyderabad,2025-12-16,4,NetBanking,0.25,Bil*****@gmail.com,66******17,successful,279999.75,2025-12
6617,1505,Edgar Jones,104,8000.0,Shoes,Clothing,offline,Mumbai,2025-08-31,3,Cash,0.35,Edg*****@outlook.com,70******23,successful,23999.65,2025-08
6618,1327,Samuel Leonard,110,,Microwave,Home Appliances,online,Delhi,2025-08-17,4,NetBanking,0.05,Sam*****@yahoo.com,62******72,successful,,2025-08
6619,1578,Alexander Peterson,104,8000.0,Shoes,Clothing,online,Chennai,2026-01-12,1,NetBanking,0.15,Ale*****@gmail.com,84******09,successful,7999.85,2026-01
6620,1683,Rachel King,105,45000.0,Tv,Electronics,offline,Bangalore,2026-02-13,3,NetBanking,0.1,Rac*****@gmail.com,63******20,successful,134999.9,2026-02
6622,1336,Kelsey Ochoa,101,250000.0,Laptop,Electronics,offline,Hyderabad,2025-05-09,5,Card,0.4,Kel*****@gmail.com,85******73,successful,1249999.6,2025-05
6623,1045,Natalie Gibson,104,8000.0,Shoes,Clothing,online,Chennai,2026-03-13,2,Cash,0.4,Nat*****@outlook.com,80******04,successful,15999.6,2026-03
6624,1710,Dale Black,108,15000.0,Mixer Grinder,Home,online,Chennai,2025-11-29,1,UPI,0.1,Dal*****@yahoo.com,83******80,successful,14999.9,2025-11
6625,1508,John Carrillo,108,15000.0,Mixer Grinder,Home Appliances,online,Delhi,2025-08-21,4,Card,0.4,Joh*****@outlook.com,86******67,successful,59999.6,2025-08
6626,1666,Regina Johnson,103,1300.0,Shirt,Clothing,online,Hyderabad,2025-10-12,4,UPI,0.05,Reg*****@yahoo.com,64******17,successful,5199.95,2025-10
6627,1854,Randy Hayes,102,70000.0,Phone,Elec,offline,Delhi,2025-10-22,5,Card,0.1,Ran*****@outlook.com,85******75,successful,349999.9,2025-10
6629,1561,Dustin Edwards,110,45000.0,Microwave,Home Appliances,online,Delhi,2026-02-03,3,Cash,0.1,Dus*****@yahoo.com,74******47,successful,134999.9,2026-02
6630,1400,Linda Ward,102,70000.0,Phone,Electronics,online,Hyderabad,2025-04-12,3,UPI,0.05,Lin*****@gmail.com,94******23,successful,209999.95,2025-04
6631,1052,Christopher Phillips,107,50000.0,Dining Table,Furn,offline,Bangalore,2025-07-07,4,Card,0.25,Chr*****@gmail.com,75******48,successful,199999.75,2025-07
6632,1644,Kathy Davis,107,50000.0,Dining Table,Furniture,offline,Delhi,2026-03-22,5,Cash,0.2,Kat*****@gmail.com,79******35,successful,249999.8,2026-03
6633,1824,Blake Brown,101,250000.0,Laptop,Electronics,online,Hyderabad,2025-07-18,1,Card,0.05,Bla*****@yahoo.com,67******66,successful,249999.95,2025-07
6635,1837,Jennifer Thomas,101,250000.0,Laptop,Elec,offline,Delhi,2025-08-26,3,UPI,0.1,Jen*****@gmail.com,60******33,successful,749999.9,2025-08
6636,1684,Leslie Cole,105,,Tv,Elec,offline,Bangalore,2026-02-26,3,UPI,0.35,Les*****@gmail.com,85******77,successful,,2026-02
6637,1669,Crystal Vincent,102,70000.0,Phone,Elec,online,Delhi,2025-07-06,4,Cash,0.05,Cry*****@gmail.com,82******97,successful,279999.95,2025-07
6638,1220,Andrew Pena,104,8000.0,Shoes,Clothing,offline,Mumbai,2025-08-06,1,Card,0.1,And*****@gmail.com,72******15,successful,7999.9,2025-08
6639,1992,David Gomez,101,250000.0,Laptop,Electronics,offline,Bangalore,2025-08-06,3,UPI,0.3,Dav*****@gmail.com,85******55,successful,749999.7,2025-08
6640,1171,William Orr,102,70000.0,Phone,Elec,online,Bangalore,2025-06-09,4,Card,0.2,Wil*****@gmail.com,93******79,successful,279999.8,2025-06
6641,1087,Cathy Callahan,101,250000.0,Laptop,Electronics,offline,Mumbai,2025-10-07,2,Cash,0.15,Cat*****@gmail.com,60******76,successful,499999.85,2025-10
6642,1129,Richard Kelly,104,8000.0,Shoes,Cloth,offline,Hyderabad,2026-11-04,2,UPI,0.2,Ric*****@gmail.com,69******53,successful,15999.8,2026-11
6643,1863,Savannah Richards,105,45000.0,Tv,Elec,offline,Bangalore,2025-08-18,4,Card,0.05,Sav*****@yahoo.com,80******80,successful,179999.95,2025-08
6644,1828,Sheila Hunt,106,80000.0,Sofa,Furn,offline,Bangalore,2025-11-08,2,Card,0.05,She*****@yahoo.com,76******76,successful,159999.95,2025-11
6647,1789,Jessica Young,101,250000.0,Laptop,Electronics,online,Chennai,2026-04-03,2,Cash,0.15,Jes*****@yahoo.com,70******38,successful,499999.85,2026-04
6648,1908,Nicole James,103,1300.0,Shirt,Clothing,offline,Hyderabad,2025-08-12,4,Cash,0.2,Nic*****@gmail.com,62******72,successful,5199.8,2025-08
6650,1744,Sarah Jones,103,1300.0,Shirt,Cloth,offline,Hyderabad,2026-02-24,5,Cash,0.3,Sar*****@yahoo.com,92******63,successful,6499.7,2026-02
6651,1266,Janice Parker,101,250000.0,Laptop,Elec,offline,Mumbai,2025-09-30,3,Card,0.05,Jan*****@yahoo.com,68******91,successful,749999.95,2025-09
6652,1889,Derek Peters,105,45000.0,Tv,Electronics,online,Hyderabad,2026-02-03,3,Cash,0.05,Der*****@gmail.com,67******97,successful,134999.95,2026-02
6653,1352,Susan Johnson,106,80000.0,Sofa,Furniture,offline,Chennai,2026-05-04,4,Card,0.25,Sus*****@outlook.com,77******56,successful,319999.75,2026-05
6654,1920,Caitlin Stokes,109,65000.0,Refrigerator,Home Appliances,online,Chennai,2025-08-20,3,NetBanking,0.2,Cai*****@gmail.com,61******28,successful,194999.8,2025-08
6655,1592,Stephanie Buchanan,110,,Microwave,Home Appliances,online,Chennai,2025-10-21,3,NetBanking,0.15,Ste*****@outlook.com,95******68,successful,,2025-10
6657,1710,Dale Black,102,70000.0,Phone,Electronics,offline,Chennai,2025-12-28,5,NetBanking,0.4,Dal*****@yahoo.com,83******80,successful,349999.6,2025-12
6658,1684,Leslie Cole,104,8000.0,Shoes,Cloth,offline,Bangalore,2025-08-30,2,NetBanking,0.4,Les*****@gmail.com,85******77,successful,15999.6,2025-08
6659,1836,Valerie Hayes,109,65000.0,Refrigerator,Home Appliances,online,Chennai,2025-05-18,3,Card,0.05,Val*****@gmail.com,96******69,successful,194999.95,2025-05
6660,1943,Dana Adkins,103,1300.0,Shirt,Clothing,offline,Delhi,2025-04-23,5,UPI,0.4,Dan*****@yahoo.com,63******10,successful,6499.6,2025-04
6661,1832,Crystal Mays,103,1300.0,Shirt,Clothing,online,Hyderabad,2026-03-29,3,Card,0.35,Cry*****@gmail.com,69******99,successful,3899.65,2026-03
6662,1711,Neil Farley,109,65000.0,Refrigerator,Home Appliances,offline,Mumbai,2025-05-09,4,UPI,0.05,Nei*****@yahoo.com,71******83,successful,259999.95,2025-05
6663,1232,Tracy Santana,105,45000.0,Tv,Electronics,online,Delhi,2026-01-10,4,NetBanking,0.1,Tra*****@gmail.com,71******16,successful,179999.9,2026-01
6667,1803,Sandra Nunez,104,,Shoes,Cloth,offline,Chennai,2025-12-26,4,UPI,0.4,San*****@gmail.com,93******44,successful,,2025-12
6668,1133,Jesse Rowe,105,45000.0,Tv,Elec,offline,Hyderabad,2025-09-29,5,Card,0.15,Jes*****@yahoo.com,87******90,successful,224999.85,2025-09
6669,2000,Gary Morton,108,15000.0,Mixer Grinder,Home Appliances,offline,Chennai,2025-12-29,2,Cash,0.3,Gar*****@outlook.com,68******69,successful,29999.7,2025-12
6671,1697,Wanda Boyd,109,65000.0,Refrigerator,Home,offline,Bangalore,2026-04-16,3,Cash,0.3,Wan*****@gmail.com,66******02,successful,194999.7,2026-04
6673,1822,Lori Jackson,106,80000.0,Sofa,Furniture,offline,Bangalore,2025-05-18,4,UPI,0.15,Lor*****@gmail.com,77******50,successful,319999.85,2025-05
6675,1542,Julie Newton,102,70000.0,Phone,Electronics,online,Mumbai,2026-02-01,4,Cash,0.15,Jul*****@gmail.com,71******70,successful,279999.85,2026-02
6676,1565,Mark Johnson,110,,Microwave,Home Appliances,online,Mumbai,2025-01-05,4,NetBanking,0.15,Mar*****@yahoo.com,61******33,successful,,2025-01
6677,1461,Michael Cook,108,15000.0,Mixer Grinder,Home Appliances,online,Delhi,2026-02-14,2,Card,0.05,Mic*****@gmail.com,90******03,successful,29999.95,2026-02
6678,1094,Kathleen Davis,103,1300.0,Shirt,Clothing,online,Delhi,2025-09-28,3,Card,0.35,Kat*****@yahoo.com,90******77,successful,3899.65,2025-09
6679,1809,David Nelson,105,45000.0,Tv,Elec,online,Delhi,2026-02-09,3,UPI,0.25,Dav*****@gmail.com,71******53,successful,134999.75,2026-02
6680,1214,Leonard Horton,108,15000.0,Mixer Grinder,Home Appliances,offline,Delhi,2025-05-10,4,UPI,0.1,Leo*****@outlook.com,93******28,successful,59999.9,2025-05
6681,1090,Richard Walker,103,1300.0,Shirt,Cloth,offline,Chennai,2025-09-11,1,Cash,0.2,Ric*****@outlook.com,77******58,successful,1299.8,2025-09
6682,1952,Angela Smith,102,70000.0,Phone,Electronics,online,Chennai,2025-08-31,4,NetBanking,0.25,Ang*****@gmail.com,66******77,successful,279999.75,2025-08
6683,1198,Christopher Villa,108,15000.0,Mixer Grinder,Home Appliances,offline,Delhi,2025-06-24,3,NetBanking,0.15,Chr*****@yahoo.com,79******74,successful,44999.85,2025-06
6684,1360,Rachel Davis,101,250000.0,Laptop,Elec,offline,Delhi,2026-06-02,3,UPI,0.4,Rac*****@yahoo.com,62******93,successful,749999.6,2026-06
6685,1027,Joseph Hunt,108,,Mixer Grinder,Home,offline,Mumbai,2026-04-05,1,UPI,0.25,Jos*****@outlook.com,79******16,successful,,2026-04
6686,1363,Seth Everett,101,250000.0,Laptop,Elec,online,Mumbai,2025-10-31,1,Cash,0.4,Set*****@gmail.com,83******39,successful,249999.6,2025-10
6687,1327,Samuel Leonard,101,250000.0,Laptop,Electronics,online,Delhi,2025-06-04,4,NetBanking,0.4,Sam*****@yahoo.com,62******72,successful,999999.6,2025-06
6688,1572,Linda Cummings,102,70000.0,Phone,Electronics,offline,Hyderabad,2025-05-12,5,Card,0.35,Lin*****@yahoo.com,73******94,successful,349999.65,2025-05
6693,1631,Vincent Riley,104,8000.0,Shoes,Cloth,online,Delhi,2026-03-01,1,NetBanking,0.2,Vin*****@gmail.com,76******30,successful,7999.8,2026-03
6694,1153,Thomas Sanchez,102,70000.0,Phone,Electronics,online,Mumbai,2025-07-28,1,UPI,0.2,Tho*****@gmail.com,84******82,successful,69999.8,2025-07
6695,1151,Dennis Johnston,107,50000.0,Dining Table,Furniture,offline,Mumbai,2025-09-09,4,UPI,0.4,Den*****@yahoo.com,89******63,successful,199999.6,2025-09
6697,1263,Morgan Daniel,105,45000.0,Tv,Electronics,offline,Chennai,2026-04-07,4,Card,0.25,Mor*****@outlook.com,73******48,successful,179999.75,2026-04
6700,1341,Paul Hobbs,101,250000.0,Laptop,Elec,offline,Mumbai,2025-08-25,4,Cash,0.15,Pau*****@outlook.com,92******49,successful,999999.85,2025-08
6702,1379,Anthony Howard,106,80000.0,Sofa,Furn,online,Delhi,2025-11-11,1,Card,0.05,Ant*****@gmail.com,81******33,successful,79999.95,2025-11
6704,1779,Vanessa Maxwell,105,45000.0,Tv,Elec,online,Bangalore,2025-06-03,2,Cash,0.2,Van*****@gmail.com,75******67,successful,89999.8,2025-06
6705,1046,Stephanie Bell,102,,Phone,Electronics,online,Mumbai,2026-01-25,2,Cash,0.05,Ste*****@yahoo.com,67******42,successful,,2026-01
6706,1363,Seth Everett,110,45000.0,Microwave,Home,offline,Mumbai,2025-08-12,2,Card,0.4,Set*****@gmail.com,83******39,successful,89999.6,2025-08
6707,1692,Lisa Owens,104,8000.0,Shoes,Cloth,online,Delhi,2026-12-02,5,NetBanking,0.2,Lis*****@gmail.com,84******25,successful,39999.8,2026-12
6708,1839,Ryan Wilkinson,104,8000.0,Shoes,Cloth,online,Hyderabad,2025-07-30,4,UPI,0.4,Rya*****@gmail.com,75******45,successful,31999.6,2025-07
6709,1840,Kelly Chang,109,65000.0,Refrigerator,Home Appliances,online,Hyderabad,2026-01-11,1,Card,0.05,Kel*****@yahoo.com,85******24,successful,64999.95,2026-01
6711,1434,Ryan Vaughn,110,45000.0,Microwave,Home Appliances,offline,Chennai,2025-05-26,4,Card,0.25,Rya*****@gmail.com,72******50,successful,179999.75,2025-05
6712,1834,David Thomas,106,,Sofa,Furn,online,Mumbai,2026-01-01,3,Card,0.4,Dav*****@yahoo.com,66******27,successful,,2026-01
6713,1088,Duane Smith,108,,Mixer Grinder,Home Appliances,online,Bangalore,2025-12-06,3,UPI,0.2,Dua*****@gmail.com,93******68,successful,,2025-12
6714,1416,Lance Lindsey,110,45000.0,Microwave,Home,offline,Delhi,2026-10-03,1,NetBanking,0.1,Lan*****@yahoo.com,86******59,successful,44999.9,2026-10
6715,1598,Randall Kennedy,101,250000.0,Laptop,Elec,online,Delhi,2025-05-09,3,Cash,0.05,Ran*****@gmail.com,68******86,successful,749999.95,2025-05
6716,1590,Karen Anderson,104,8000.0,Shoes,Clothing,online,Hyderabad,2025-04-28,5,NetBanking,0.35,Kar*****@gmail.com,80******95,successful,39999.65,2025-04
6717,1376,Mark Clark,101,250000.0,Laptop,Elec,offline,Delhi,2025-06-05,2,Cash,0.35,Mar*****@yahoo.com,92******59,successful,499999.65,2025-06
6718,1442,Donna Jackson,106,,Sofa,Furniture,offline,Bangalore,2025-08-07,5,UPI,0.35,Don*****@gmail.com,86******85,successful,,2025-08
6719,1907,Teresa Schwartz,106,80000.0,Sofa,Furniture,online,Chennai,2025-11-05,2,UPI,0.15,Ter*****@outlook.com,99******41,successful,159999.85,2025-11
6720,1662,Matthew Brown,102,70000.0,Phone,Elec,online,Mumbai,2025-12-28,3,UPI,0.35,Mat*****@gmail.com,76******09,successful,209999.65,2025-12
6721,1163,Adriana Saunders,101,,Laptop,Electronics,offline,Mumbai,2026-03-20,2,Cash,0.15,Adr*****@outlook.com,80******02,successful,,2026-03
6722,1354,Jordan Donaldson,109,65000.0,Refrigerator,Home,offline,Bangalore,2026-02-17,2,Card,0.3,Jor*****@gmail.com,70******32,successful,129999.7,2026-02
6724,1200,Natalie Peters,108,15000.0,Mixer Grinder,Home Appliances,offline,Mumbai,2025-09-02,4,Card,0.15,Nat*****@outlook.com,92******64,successful,59999.85,2025-09
6725,1587,Dylan Colon,105,45000.0,Tv,Electronics,offline,Bangalore,2025-11-27,1,UPI,0.35,Dyl*****@gmail.com,73******82,successful,44999.65,2025-11
6726,1137,Kelly Jackson,103,1300.0,Shirt,Clothing,online,Bangalore,2025-10-25,2,NetBanking,0.2,Kel*****@outlook.com,97******18,successful,2599.8,2025-10
6727,1769,Jennifer Fisher,101,250000.0,Laptop,Electronics,online,Delhi,2025-08-31,5,Cash,0.15,Jen*****@yahoo.com,80******66,successful,1249999.85,2025-08
6728,1710,Dale Black,106,80000.0,Sofa,Furn,online,Chennai,2025-09-18,3,Cash,0.35,Dal*****@yahoo.com,83******80,successful,239999.65,2025-09
6729,1128,Autumn Morgan,107,50000.0,Dining Table,Furn,offline,Chennai,2026-02-14,5,Cash,0.15,Aut*****@gmail.com,80******06,successful,249999.85,2026-02
6730,1870,Thomas Lambert,105,45000.0,Tv,Electronics,online,Hyderabad,2025-10-23,3,Card,0.15,Tho*****@gmail.com,88******16,successful,134999.85,2025-10
6731,1731,Miranda Evans,110,45000.0,Microwave,Home Appliances,offline,Bangalore,2025-08-06,5,NetBanking,0.3,Mir*****@gmail.com,75******40,successful,224999.7,2025-08
6733,1159,Steven Jackson,101,250000.0,Laptop,Elec,online,Chennai,2026-02-28,4,Cash,0.4,Ste*****@outlook.com,71******33,successful,999999.6,2026-02
6734,1196,Ashley Ortiz,106,80000.0,Sofa,Furniture,offline,Bangalore,2026-04-10,4,Cash,0.25,Ash*****@gmail.com,94******93,successful,319999.75,2026-04
6735,1134,Jennifer Williams,108,15000.0,Mixer Grinder,Home Appliances,offline,Mumbai,2025-08-19,2,NetBanking,0.2,Jen*****@yahoo.com,89******26,successful,29999.8,2025-08
6736,1710,Dale Black,108,,Mixer Grinder,Home Appliances,online,Chennai,2026-01-30,2,Card,0.15,Dal*****@yahoo.com,83******80,successful,,2026-01
6737,1328,Toni Crawford,103,1300.0,Shirt,Clothing,online,Hyderabad,2025-11-12,3,Cash,0.15,Ton*****@yahoo.com,77******57,successful,3899.85,2025-11
6739,1377,Steven Keith,103,1300.0,Shirt,Cloth,offline,Delhi,2025-05-06,4,Card,0.15,Ste*****@gmail.com,74******01,successful,5199.85,2025-05
6740,1475,Jeremiah Jensen,107,50000.0,Dining Table,Furniture,offline,Delhi,2025-07-24,1,UPI,0.4,Jer*****@gmail.com,87******61,successful,49999.6,2025-07
6741,1322,Heather Escobar,109,65000.0,Refrigerator,Home Appliances,offline,Bangalore,2025-08-30,5,NetBanking,0.1,Hea*****@gmail.com,84******20,successful,324999.9,2025-08
6742,1536,Michael Chavez,107,50000.0,Dining Table,Furn,offline,Chennai,2025-05-02,2,Card,0.1,Mic*****@yahoo.com,98******85,successful,99999.9,2025-05
6743,1350,Christine Nelson,110,45000.0,Microwave,Home,online,Hyderabad,2026-03-25,3,Card,0.4,Chr*****@gmail.com,98******67,successful,134999.6,2026-03
6744,1943,Dana Adkins,101,250000.0,Laptop,Electronics,offline,Delhi,2025-07-04,2,Card,0.4,Dan*****@yahoo.com,63******10,successful,499999.6,2025-07
6745,1652,Kelly Hamilton,108,15000.0,Mixer Grinder,Home Appliances,online,Mumbai,2026-04-11,2,Card,0.35,Kel*****@gmail.com,94******59,successful,29999.65,2026-04
6746,1184,Oscar Tucker,104,8000.0,Shoes,Cloth,offline,Delhi,2025-08-07,5,UPI,0.05,Osc*****@gmail.com,83******09,successful,39999.95,2025-08
6747,1700,Jennifer Olson,105,45000.0,Tv,Elec,offline,Hyderabad,2025-08-13,3,Cash,0.15,Jen*****@gmail.com,72******81,successful,134999.85,2025-08
6750,1500,John Torres,108,15000.0,Mixer Grinder,Home Appliances,offline,Mumbai,2025-04-11,3,Card,0.15,Joh*****@yahoo.com,68******73,successful,44999.85,2025-04
6751,1442,Donna Jackson,105,45000.0,Tv,Electronics,online,Bangalore,2025-09-20,4,NetBanking,0.4,Don*****@gmail.com,86******85,successful,179999.6,2025-09
6752,1457,Carla Smith,103,1300.0,Shirt,Clothing,online,Chennai,2025-06-12,4,UPI,0.15,Car*****@yahoo.com,93******95,successful,5199.85,2025-06
6753,1917,Bruce Dodson,110,45000.0,Microwave,Home Appliances,online,Delhi,2025-10-30,1,UPI,0.3,Bru*****@yahoo.com,70******10,successful,44999.7,2025-10
6754,1428,James Mccoy,103,1300.0,Shirt,Clothing,offline,Bangalore,2025-12-26,4,NetBanking,0.2,Jam*****@gmail.com,66******77,successful,5199.8,2025-12
6755,1678,Joshua Faulkner,106,80000.0,Sofa,Furniture,online,Chennai,2026-04-07,2,NetBanking,0.05,Jos*****@gmail.com,89******35,successful,159999.95,2026-04
6756,1586,Kristen Lawrence,102,70000.0,Phone,Electronics,offline,Hyderabad,2025-07-11,3,Cash,0.4,Kri*****@gmail.com,75******47,successful,209999.6,2025-07
6757,1213,David Davis,105,45000.0,Tv,Electronics,offline,Delhi,2025-04-28,2,UPI,0.2,Dav*****@gmail.com,75******49,successful,89999.8,2025-04
6758,1607,Adrian Singleton,110,45000.0,Microwave,Home Appliances,offline,Mumbai,2025-10-05,3,UPI,0.05,Adr*****@yahoo.com,88******94,successful,134999.95,2025-10
6759,1204,Andrew Hendricks,109,65000.0,Refrigerator,Home Appliances,online,Mumbai,2025-08-24,2,UPI,0.35,And*****@gmail.com,72******79,successful,129999.65,2025-08
6760,1313,Sandra Murphy,101,250000.0,Laptop,Elec,offline,Delhi,2026-04-11,1,NetBanking,0.1,San*****@outlook.com,66******00,successful,249999.9,2026-04
6761,1427,Sarah Williams,103,1300.0,Shirt,Clothing,offline,Hyderabad,2026-03-18,2,NetBanking,0.05,Sar*****@gmail.com,82******38,successful,2599.95,2026-03
6766,1218,Lindsey Gallegos,103,1300.0,Shirt,Cloth,offline,Hyderabad,2025-06-05,2,Cash,0.2,Lin*****@gmail.com,61******99,successful,2599.8,2025-06
6767,1139,Eric Hunter,106,,Sofa,Furn,offline,Delhi,2025-11-04,2,Cash,0.1,Eri*****@outlook.com,79******92,successful,,2025-11
6768,1805,Joshua Thomas,105,,Tv,Electronics,online,Chennai,2025-09-16,5,Card,0.25,Jos*****@yahoo.com,99******48,successful,,2025-09
6769,1832,Crystal Mays,103,1300.0,Shirt,Clothing,online,Hyderabad,2025-11-13,2,NetBanking,0.1,Cry*****@gmail.com,69******99,successful,2599.9,2025-11
6770,1742,Christopher Thompson,109,65000.0,Refrigerator,Home Appliances,offline,Mumbai,2025-12-03,5,NetBanking,0.1,Chr*****@gmail.com,63******53,successful,324999.9,2025-12
6772,1054,Ruth Gonzales,108,15000.0,Mixer Grinder,Home Appliances,online,Mumbai,2025-11-01,2,UPI,0.4,Rut*****@yahoo.com,79******76,successful,29999.6,2025-11
6773,1576,Christopher Shepherd,110,45000.0,Microwave,Home Appliances,offline,Bangalore,2025-12-15,4,UPI,0.3,Chr*****@yahoo.com,80******15,successful,179999.7,2025-12
6774,1266,Janice Parker,109,65000.0,Refrigerator,Home Appliances,offline,Mumbai,2025-10-30,1,Cash,0.35,Jan*****@yahoo.com,68******91,successful,64999.65,2025-10
6775,1561,Dustin Edwards,101,250000.0,Laptop,Electronics,online,Delhi,2026-02-16,1,Cash,0.2,Dus*****@yahoo.com,74******47,successful,249999.8,2026-02
6776,1431,Michael White,109,65000.0,Refrigerator,Home,offline,Chennai,2026-03-18,1,NetBanking,0.15,Mic*****@outlook.com,99******90,successful,64999.85,2026-03
6778,1434,Ryan Vaughn,106,,Sofa,Furniture,online,Chennai,2025-11-30,4,UPI,0.3,Rya*****@gmail.com,72******50,successful,,2025-11
6781,1583,Dorothy Alexander,110,45000.0,Microwave,Home Appliances,offline,Chennai,2025-01-10,3,Cash,0.4,Dor*****@yahoo.com,65******88,successful,134999.6,2025-01
6784,1736,Michael Williams,105,,Tv,Elec,offline,Mumbai,2026-02-03,4,Cash,0.3,Mic*****@outlook.com,66******16,successful,,2026-02
6785,1948,Jerry Campbell,105,45000.0,Tv,Electronics,online,Delhi,2026-11-03,2,NetBanking,0.2,Jer*****@outlook.com,65******67,successful,89999.8,2026-11
6787,1647,Nicholas Cook,108,15000.0,Mixer Grinder,Home,online,Delhi,2025-04-24,1,NetBanking,0.35,Nic*****@yahoo.com,70******57,successful,14999.65,2025-04
6788,1959,Benjamin Davis,109,65000.0,Refrigerator,Home Appliances,online,Hyderabad,2025-09-25,1,UPI,0.1,Ben*****@gmail.com,64******42,successful,64999.9,2025-09
6789,1132,Sara Perez,110,45000.0,Microwave,Home Appliances,offline,Chennai,2026-04-03,2,UPI,0.1,Sar*****@outlook.com,68******23,successful,89999.9,2026-04
6790,1219,Sarah Walsh,101,250000.0,Laptop,Electronics,offline,Delhi,2025-06-12,2,Card,0.35,Sar*****@gmail.com,79******70,successful,499999.65,2025-06
6791,1269,Nicholas Fuller,105,45000.0,Tv,Electronics,online,Hyderabad,2025-06-24,2,UPI,0.05,Nic*****@yahoo.com,94******00,successful,89999.95,2025-06
6792,1597,Monica Jones,106,,Sofa,Furniture,offline,Hyderabad,2025-08-16,4,NetBanking,0.35,Mon*****@yahoo.com,92******01,successful,,2025-08
6793,1124,Richard Hopkins,108,15000.0,Mixer Grinder,Home,offline,Chennai,2026-03-09,4,Cash,0.3,Ric*****@outlook.com,94******95,successful,59999.7,2026-03
6795,1716,Susan Jones,102,70000.0,Phone,Elec,online,Bangalore,2026-03-22,1,UPI,0.15,Sus*****@yahoo.com,79******14,successful,69999.85,2026-03
6796,1241,Maureen Daniels,106,80000.0,Sofa,Furniture,online,Bangalore,2026-10-01,4,NetBanking,0.05,Mau*****@yahoo.com,68******41,successful,319999.95,2026-10
6797,1694,Kristen Simmons,108,15000.0,Mixer Grinder,Home Appliances,online,Mumbai,2025-04-23,4,NetBanking,0.05,Kri*****@gmail.com,62******34,successful,59999.95,2025-04
6800,1636,Natalie Robinson,109,65000.0,Refrigerator,Home Appliances,offline,Hyderabad,2025-12-31,3,Card,0.15,Nat*****@outlook.com,82******80,successful,194999.85,2025-12
6801,1142,Joseph Chavez,103,1300.0,Shirt,Cloth,online,Hyderabad,2025-08-10,1,UPI,0.3,Jos*****@gmail.com,74******91,successful,1299.7,2025-08
6802,1916,Amber Foster,109,65000.0,Refrigerator,Home,offline,Chennai,2025-12-22,3,UPI,0.1,Amb*****@gmail.com,75******39,successful,194999.9,2025-12
6803,1872,Jennifer Hogan,109,65000.0,Refrigerator,Home,offline,Bangalore,2026-08-04,3,NetBanking,0.3,Jen*****@gmail.com,81******64,successful,194999.7,2026-08
6805,1168,Jessica Adams,105,45000.0,Tv,Electronics,online,Mumbai,2026-03-03,5,Card,0.35,Jes*****@outlook.com,69******37,successful,224999.65,2026-03
6806,1139,Eric Hunter,104,8000.0,Shoes,Clothing,online,Delhi,2025-07-16,4,NetBanking,0.2,Eri*****@outlook.com,79******92,successful,31999.8,2025-07
6807,1201,Kimberly Lawrence,110,45000.0,Microwave,Home Appliances,offline,Mumbai,2025-05-29,1,Cash,0.15,Kim*****@gmail.com,71******07,successful,44999.85,2025-05
6808,1996,Jeremy Conley,110,45000.0,Microwave,Home,online,Chennai,2025-07-05,3,NetBanking,0.35,Jer*****@gmail.com,82******87,successful,134999.65,2025-07
6809,1419,Jessica Mays,107,50000.0,Dining Table,Furniture,offline,Bangalore,2026-03-28,5,Cash,0.3,Jes*****@gmail.com,67******45,successful,249999.7,2026-03
6810,1660,Jamie Russo,106,80000.0,Sofa,Furniture,online,Delhi,2026-02-15,3,Cash,0.4,Jam*****@gmail.com,83******16,successful,239999.6,2026-02
6811,1675,Karen Cain,106,80000.0,Sofa,Furn,online,Bangalore,2025-08-07,1,Cash,0.1,Kar*****@gmail.com,89******31,successful,79999.9,2025-08
6812,1232,Tracy Santana,101,250000.0,Laptop,Electronics,online,Delhi,2025-07-01,4,UPI,0.3,Tra*****@gmail.com,71******16,successful,999999.7,2025-07
6813,1797,Michael Sharp,103,1300.0,Shirt,Clothing,online,Mumbai,2025-11-02,4,Card,0.15,Mic*****@yahoo.com,75******03,successful,5199.85,2025-11
6814,1957,Curtis Fischer,107,50000.0,Dining Table,Furn,offline,Bangalore,2026-03-23,4,Card,0.25,Cur*****@gmail.com,70******97,successful,199999.75,2026-03
6815,1829,Tamara Brown,101,250000.0,Laptop,Electronics,offline,Hyderabad,2026-11-04,5,NetBanking,0.4,Tam*****@yahoo.com,97******07,successful,1249999.6,2026-11
6816,1889,Derek Peters,110,45000.0,Microwave,Home Appliances,offline,Hyderabad,2025-04-05,3,UPI,0.3,Der*****@gmail.com,67******97,successful,134999.7,2025-04
6817,1895,Teresa Anthony,108,15000.0,Mixer Grinder,Home,offline,Bangalore,2026-05-04,1,NetBanking,0.4,Ter*****@yahoo.com,83******25,successful,14999.6,2026-05
6818,1232,Tracy Santana,101,250000.0,Laptop,Electronics,online,Delhi,2025-06-01,5,Cash,0.3,Tra*****@gmail.com,71******16,successful,1249999.7,2025-06
6819,1162,Amy Luna,103,1300.0,Shirt,Clothing,offline,Mumbai,2026-03-16,1,UPI,0.35,Amy*****@gmail.com,88******03,successful,1299.65,2026-03
6820,1661,Amanda Huff,109,65000.0,Refrigerator,Home Appliances,offline,Chennai,2025-11-15,2,UPI,0.1,Ama*****@gmail.com,74******38,successful,129999.9,2025-11
6821,1844,Jonathan Smith,108,15000.0,Mixer Grinder,Home Appliances,offline,Bangalore,2025-06-26,3,Card,0.15,Jon*****@outlook.com,67******70,successful,44999.85,2025-06
6823,1731,Miranda Evans,106,80000.0,Sofa,Furniture,online,Bangalore,2025-09-27,4,NetBanking,0.05,Mir*****@gmail.com,75******40,successful,319999.95,2025-09
6824,1034,Laura Landry,104,8000.0,Shoes,Clothing,online,Mumbai,2025-10-06,5,Card,0.25,Lau*****@yahoo.com,79******46,successful,39999.75,2025-10
6825,1700,Jennifer Olson,108,15000.0,Mixer Grinder,Home Appliances,online,Hyderabad,2025-10-06,2,UPI,0.1,Jen*****@gmail.com,72******81,successful,29999.9,2025-10
6829,1981,Jennifer Foster,109,65000.0,Refrigerator,Home Appliances,online,Chennai,2025-07-04,5,NetBanking,0.2,Jen*****@outlook.com,96******94,successful,324999.8,2025-07
6830,1034,Laura Landry,109,65000.0,Refrigerator,Home,online,Mumbai,2026-03-19,4,Card,0.15,Lau*****@yahoo.com,79******46,successful,259999.85,2026-03
6831,1136,Mary Johnston,101,250000.0,Laptop,Electronics,offline,Chennai,2025-12-18,5,UPI,0.3,Mar*****@gmail.com,83******95,successful,1249999.7,2025-12
6832,1514,Stephanie Duncan,109,65000.0,Refrigerator,Home,online,Chennai,2025-10-13,2,UPI,0.4,Ste*****@gmail.com,91******60,successful,129999.6,2025-10
6833,1015,Courtney Barton,105,45000.0,Tv,Electronics,online,Hyderabad,2025-11-11,3,Card,0.3,Cou*****@yahoo.com,82******04,successful,134999.7,2025-11
6834,1600,William Schneider,108,15000.0,Mixer Grinder,Home Appliances,offline,Chennai,2025-11-09,3,Cash,0.4,Wil*****@outlook.com,77******64,successful,44999.6,2025-11
6835,1591,Autumn Sanders,108,15000.0,Mixer Grinder,Home,offline,Hyderabad,2026-01-07,1,NetBanking,0.05,Aut*****@gmail.com,64******14,successful,14999.95,2026-01
6836,1448,Preston Lewis,103,1300.0,Shirt,Clothing,online,Hyderabad,2025-09-07,3,Cash,0.15,Pre*****@outlook.com,87******90,successful,3899.85,2025-09
6837,1893,Michael Gibbs,103,1300.0,Shirt,Clothing,online,Delhi,2025-06-11,1,Card,0.35,Mic*****@outlook.com,65******15,successful,1299.65,2025-06
6838,1879,Carol Lane,109,65000.0,Refrigerator,Home Appliances,offline,Hyderabad,2025-12-21,3,Card,0.25,Car*****@outlook.com,83******02,successful,194999.75,2025-12
6839,1014,Nicholas Stephens,110,45000.0,Microwave,Home,offline,Delhi,2025-08-12,4,Cash,0.25,Nic*****@gmail.com,75******71,successful,179999.75,2025-08
6841,1651,Keith Baker,110,45000.0,Microwave,Home Appliances,online,Hyderabad,2025-12-12,1,UPI,0.05,Kei*****@yahoo.com,80******65,successful,44999.95,2025-12
6842,1415,Jennifer Jackson,101,250000.0,Laptop,Elec,online,Mumbai,2025-04-26,5,UPI,0.15,Jen*****@gmail.com,89******93,successful,1249999.85,2025-04
6843,1304,Charlotte Odom,103,1300.0,Shirt,Cloth,offline,Hyderabad,2026-03-23,4,Card,0.25,Cha*****@outlook.com,81******94,successful,5199.75,2026-03
6844,1337,Charles Anderson,101,250000.0,Laptop,Elec,offline,Chennai,2025-12-25,2,Card,0.3,Cha*****@gmail.com,71******97,successful,499999.7,2025-12
6846,1651,Keith Baker,110,45000.0,Microwave,Home Appliances,offline,Hyderabad,2025-08-22,3,UPI,0.05,Kei*****@yahoo.com,80******65,successful,134999.95,2025-08
6847,1287,Roy Mack,101,250000.0,Laptop,Electronics,offline,Mumbai,2026-02-24,1,Cash,0.2,Roy*****@gmail.com,72******81,successful,249999.8,2026-02
6848,1670,Joan Miller,101,,Laptop,Electronics,online,Mumbai,2025-11-13,1,UPI,0.3,Joa*****@gmail.com,79******78,successful,,2025-11
6849,1464,Brian Hayes,104,8000.0,Shoes,Clothing,online,Delhi,2025-07-27,3,Cash,0.2,Bri*****@yahoo.com,61******86,successful,23999.8,2025-07
6850,1782,Billy Wilcox,110,45000.0,Microwave,Home,offline,Bangalore,2025-07-11,2,Card,0.4,Bil*****@gmail.com,79******05,successful,89999.6,2025-07
6852,1255,Kara Wong,109,65000.0,Refrigerator,Home Appliances,online,Mumbai,2025-04-21,3,UPI,0.1,Kar*****@gmail.com,81******49,successful,194999.9,2025-04
6854,1530,Edward Murphy,102,,Phone,Electronics,online,Hyderabad,2025-06-23,3,Cash,0.3,Edw*****@gmail.com,82******65,successful,,2025-06
6855,1905,Christopher Love,107,50000.0,Dining Table,Furn,online,Bangalore,2025-08-14,1,NetBanking,0.1,Chr*****@gmail.com,85******88,successful,49999.9,2025-08
6857,1516,Alexander Holder,104,8000.0,Shoes,Clothing,offline,Hyderabad,2025-02-08,4,UPI,0.3,Ale*****@yahoo.com,80******94,successful,31999.7,2025-02
6858,1565,Mark Johnson,101,,Laptop,Elec,online,Mumbai,2025-11-12,4,Cash,0.1,Mar*****@yahoo.com,61******33,successful,,2025-11
6859,1082,Javier Schmidt,101,250000.0,Laptop,Elec,offline,Bangalore,2026-02-14,3,Card,0.4,Jav*****@outlook.com,98******01,successful,749999.6,2026-02
6861,1384,Hayley Anthony,106,80000.0,Sofa,Furn,offline,Mumbai,2025-10-11,1,NetBanking,0.4,Hay*****@yahoo.com,65******07,successful,79999.6,2025-10
6862,1739,Thomas Gutierrez,110,,Microwave,Home Appliances,offline,Hyderabad,2025-07-22,2,Card,0.3,Tho*****@yahoo.com,63******11,successful,,2025-07
6863,1092,Darrell Hines,104,8000.0,Shoes,Clothing,online,Chennai,2026-02-23,3,Cash,0.2,Dar*****@outlook.com,64******14,successful,23999.8,2026-02
6864,1357,Justin Cooper,105,45000.0,Tv,Electronics,online,Mumbai,2025-04-11,3,NetBanking,0.4,Jus*****@gmail.com,67******25,successful,134999.6,2025-04
6865,1803,Sandra Nunez,104,8000.0,Shoes,Cloth,online,Chennai,2025-11-30,3,UPI,0.05,San*****@gmail.com,93******44,successful,23999.95,2025-11
6866,1012,Cynthia Hudson,106,80000.0,Sofa,Furniture,online,Mumbai,2025-06-01,1,NetBanking,0.3,Cyn*****@yahoo.com,95******38,successful,79999.7,2025-06
6867,1568,Lori Obrien,102,70000.0,Phone,Elec,offline,Mumbai,2026-01-18,4,UPI,0.1,Lor*****@gmail.com,75******70,successful,279999.9,2026-01
6868,1819,Karen Martin,107,50000.0,Dining Table,Furn,offline,Hyderabad,2025-11-03,2,Card,0.1,Kar*****@yahoo.com,65******41,successful,99999.9,2025-11
6869,1893,Michael Gibbs,107,50000.0,Dining Table,Furn,online,Delhi,2025-12-19,4,NetBanking,0.05,Mic*****@outlook.com,65******15,successful,199999.95,2025-12
6871,1010,Robert Jackson,109,65000.0,Refrigerator,Home,online,Hyderabad,2025-08-13,4,UPI,0.1,Rob*****@gmail.com,72******14,successful,259999.9,2025-08
6872,1640,Daniel Morris,106,80000.0,Sofa,Furniture,online,Hyderabad,2025-09-06,1,UPI,0.2,Dan*****@outlook.com,87******03,successful,79999.8,2025-09
6874,1591,Autumn Sanders,105,45000.0,Tv,Electronics,offline,Hyderabad,2025-11-05,3,Cash,0.25,Aut*****@gmail.com,64******14,successful,134999.75,2025-11
6875,1502,Jillian Soto,103,1300.0,Shirt,Clothing,online,Hyderabad,2025-05-12,2,UPI,0.05,Jil*****@gmail.com,85******29,successful,2599.95,2025-05
6876,1226,Charles Wright,105,,Tv,Elec,online,Hyderabad,2025-10-07,2,NetBanking,0.35,Cha*****@gmail.com,85******66,successful,,2025-10
6877,1774,Heather Moore,109,65000.0,Refrigerator,Home,online,Delhi,2026-03-14,1,UPI,0.05,Hea*****@gmail.com,61******07,successful,64999.95,2026-03
6878,1470,Suzanne Miranda,109,65000.0,Refrigerator,Home,offline,Chennai,2025-03-07,4,Card,0.05,Suz*****@outlook.com,68******57,successful,259999.95,2025-03
6879,1911,Marc Morales,103,,Shirt,Clothing,online,Delhi,2025-04-26,2,NetBanking,0.4,Mar*****@outlook.com,99******59,successful,,2025-04
6880,1513,Nathan King,106,80000.0,Sofa,Furniture,offline,Hyderabad,2025-09-20,3,UPI,0.05,Nat*****@gmail.com,98******27,successful,239999.95,2025-09
6881,1714,Trevor Jones,102,70000.0,Phone,Electronics,offline,Delhi,2026-01-18,2,Cash,0.2,Tre*****@gmail.com,81******72,successful,139999.8,2026-01
6883,1141,Roberta Boyd,107,50000.0,Dining Table,Furniture,offline,Delhi,2026-03-01,5,Card,0.15,Rob*****@yahoo.com,71******28,successful,249999.85,2026-03
6884,1198,Christopher Villa,104,8000.0,Shoes,Clothing,online,Delhi,2025-05-15,4,Card,0.3,Chr*****@yahoo.com,79******74,successful,31999.7,2025-05
6885,1282,Nicole Bennett,107,50000.0,Dining Table,Furniture,online,Delhi,2025-11-17,4,NetBanking,0.25,Nic*****@gmail.com,72******85,successful,199999.75,2025-11
6886,1268,Jill Curtis,106,80000.0,Sofa,Furn,offline,Hyderabad,2025-05-26,2,Cash,0.3,Jil*****@gmail.com,71******83,successful,159999.7,2025-05
6890,1419,Jessica Mays,107,50000.0,Dining Table,Furniture,online,Bangalore,2025-07-26,5,UPI,0.4,Jes*****@gmail.com,67******45,successful,249999.6,2025-07
6891,1280,Sara Young,102,70000.0,Phone,Electronics,offline,Chennai,2025-04-27,3,Card,0.3,Sar*****@gmail.com,64******30,successful,209999.7,2025-04
6892,1496,Amanda Davis,107,50000.0,Dining Table,Furniture,offline,Bangalore,2025-06-12,2,Card,0.2,Ama*****@outlook.com,94******40,successful,99999.8,2025-06
6893,1822,Lori Jackson,106,80000.0,Sofa,Furn,offline,Bangalore,2025-12-17,5,NetBanking,0.3,Lor*****@gmail.com,77******50,successful,399999.7,2025-12
6894,1981,Jennifer Foster,108,15000.0,Mixer Grinder,Home Appliances,offline,Chennai,2025-08-05,4,Card,0.15,Jen*****@outlook.com,96******94,successful,59999.85,2025-08
6895,1763,Daniel Washington,107,50000.0,Dining Table,Furniture,online,Hyderabad,2026-12-01,4,NetBanking,0.35,Dan*****@outlook.com,71******22,successful,199999.65,2026-12
6896,1083,Tina Hawkins,102,70000.0,Phone,Elec,offline,Delhi,2026-02-12,1,UPI,0.1,Tin*****@yahoo.com,80******36,successful,69999.9,2026-02
6897,1190,Tyler Campbell,105,45000.0,Tv,Elec,offline,Hyderabad,2026-06-01,4,UPI,0.2,Tyl*****@yahoo.com,83******38,successful,179999.8,2026-06
6898,1705,Stephanie Walker,109,65000.0,Refrigerator,Home Appliances,online,Chennai,2025-09-29,4,NetBanking,0.1,Ste*****@gmail.com,84******68,successful,259999.9,2025-09
6899,1511,Manuel Hernandez,103,1300.0,Shirt,Cloth,online,Hyderabad,2026-01-25,2,UPI,0.1,Man*****@outlook.com,99******39,successful,2599.9,2026-01
6900,1914,Miranda Sanchez,101,250000.0,Laptop,Electronics,offline,Chennai,2026-04-03,3,UPI,0.25,Mir*****@gmail.com,78******77,successful,749999.75,2026-04
6902,1086,Samuel George,106,80000.0,Sofa,Furn,online,Delhi,2025-09-21,5,UPI,0.4,Sam*****@yahoo.com,82******95,successful,399999.6,2025-09
6903,1991,Erica Daniel,104,8000.0,Shoes,Clothing,offline,Chennai,2026-12-01,2,UPI,0.4,Eri*****@gmail.com,81******95,successful,15999.6,2026-12
6904,1350,Christine Nelson,110,45000.0,Microwave,Home Appliances,offline,Hyderabad,2025-06-09,1,NetBanking,0.1,Chr*****@gmail.com,98******67,successful,44999.9,2025-06
6905,1590,Karen Anderson,109,65000.0,Refrigerator,Home,online,Hyderabad,2025-02-11,3,Card,0.2,Kar*****@gmail.com,80******95,successful,194999.8,2025-02
6906,1724,Kelly Adams,102,70000.0,Phone,Electronics,online,Hyderabad,2025-11-30,4,UPI,0.25,Kel*****@gmail.com,77******65,successful,279999.75,2025-11
6907,1559,Jason Johnson,110,45000.0,Microwave,Home Appliances,offline,Delhi,2026-02-10,5,Cash,0.4,Jas*****@yahoo.com,97******10,successful,224999.6,2026-02
6909,1475,Jeremiah Jensen,110,45000.0,Microwave,Home Appliances,offline,Delhi,2025-08-02,4,NetBanking,0.4,Jer*****@gmail.com,87******61,successful,179999.6,2025-08
6911,1097,Lori Jacobs,106,80000.0,Sofa,Furn,offline,Delhi,2025-07-28,5,UPI,0.3,Lor*****@yahoo.com,81******12,successful,399999.7,2025-07
6912,1349,Jessica Hall,108,15000.0,Mixer Grinder,Home Appliances,online,Delhi,2026-02-09,5,NetBanking,0.2,Jes*****@gmail.com,90******81,successful,74999.8,2026-02
6914,1988,Roger Mcmillan,108,15000.0,Mixer Grinder,Home Appliances,offline,Chennai,2025-09-07,1,UPI,0.15,Rog*****@gmail.com,64******10,successful,14999.85,2025-09
6915,1522,Colin Pope,106,80000.0,Sofa,Furniture,online,Mumbai,2026-03-27,5,Cash,0.4,Col*****@gmail.com,92******02,successful,399999.6,2026-03
6917,1742,Christopher Thompson,105,45000.0,Tv,Electronics,offline,Mumbai,2026-09-03,2,Cash,0.15,Chr*****@gmail.com,63******53,successful,89999.85,2026-09
6918,1563,Kurt Mccoy,108,15000.0,Mixer Grinder,Home Appliances,online,Hyderabad,2025-10-14,5,Card,0.35,Kur*****@outlook.com,88******40,successful,74999.65,2025-10
6920,1127,Wayne Singleton,110,45000.0,Microwave,Home Appliances,online,Hyderabad,2026-01-04,5,Cash,0.15,Way*****@gmail.com,67******02,successful,224999.85,2026-01
6922,1343,Michael Smith,108,15000.0,Mixer Grinder,Home Appliances,offline,Bangalore,2025-09-05,1,NetBanking,0.15,Mic*****@gmail.com,72******68,successful,14999.85,2025-09
6923,1995,James Hernandez,107,50000.0,Dining Table,Furniture,online,Hyderabad,2026-01-29,3,Cash,0.35,Jam*****@outlook.com,73******62,successful,149999.65,2026-01
6924,1563,Kurt Mccoy,105,45000.0,Tv,Elec,offline,Hyderabad,2026-02-18,3,NetBanking,0.3,Kur*****@outlook.com,88******40,successful,134999.7,2026-02
6925,1645,Amy Becker,110,45000.0,Microwave,Home,online,Chennai,2025-04-26,4,Card,0.2,Amy*****@yahoo.com,62******91,successful,179999.8,2025-04
6926,1962,Michael Simon,108,15000.0,Mixer Grinder,Home Appliances,online,Mumbai,2025-10-22,3,UPI,0.35,Mic*****@gmail.com,74******32,successful,44999.65,2025-10
6928,1067,Kim Burke,106,80000.0,Sofa,Furniture,online,Mumbai,2026-04-06,5,Cash,0.35,Kim*****@gmail.com,66******84,successful,399999.65,2026-04
6929,1873,Mitchell Johnson,106,80000.0,Sofa,Furn,offline,Delhi,2025-09-11,1,Card,0.2,Mit*****@outlook.com,66******92,successful,79999.8,2025-09
6931,1422,Holly Rivera,105,45000.0,Tv,Electronics,online,Bangalore,2025-09-05,2,Card,0.25,Hol*****@outlook.com,70******59,successful,89999.75,2025-09
6932,1963,Scott Nelson,109,65000.0,Refrigerator,Home,offline,Bangalore,2025-09-24,5,UPI,0.35,Sco*****@gmail.com,91******28,successful,324999.65,2025-09
6933,1209,Jenna Moses,110,45000.0,Microwave,Home Appliances,offline,Mumbai,2025-08-16,5,NetBanking,0.1,Jen*****@outlook.com,99******01,successful,224999.9,2025-08
6934,1023,Joseph Thomas,101,250000.0,Laptop,Electronics,offline,Bangalore,2025-08-19,3,NetBanking,0.15,Jos*****@gmail.com,97******25,successful,749999.85,2025-08
6935,1341,Paul Hobbs,104,8000.0,Shoes,Cloth,offline,Mumbai,2025-09-19,1,Cash,0.05,Pau*****@outlook.com,92******49,successful,7999.95,2025-09
6936,1635,Joseph Lee,102,70000.0,Phone,Electronics,offline,Mumbai,2026-03-26,2,Card,0.15,Jos*****@gmail.com,75******95,successful,139999.85,2026-03
6937,1985,Allison Garner,110,45000.0,Microwave,Home Appliances,online,Bangalore,2025-11-27,3,UPI,0.3,All*****@gmail.com,74******83,successful,134999.7,2025-11
6938,1887,Jessica Harris,110,45000.0,Microwave,Home Appliances,online,Delhi,2026-04-16,2,Cash,0.1,Jes*****@outlook.com,86******86,successful,89999.9,2026-04
6939,1976,Hannah Snow,101,250000.0,Laptop,Electronics,offline,Hyderabad,2025-06-08,2,NetBanking,0.4,Han*****@gmail.com,80******89,successful,499999.6,2025-06
6940,1847,Valerie Jordan,109,65000.0,Refrigerator,Home Appliances,online,Chennai,2026-02-04,1,NetBanking,0.2,Val*****@gmail.com,65******10,successful,64999.8,2026-02
6941,1881,David Stevens,101,250000.0,Laptop,Electronics,online,Mumbai,2025-12-01,3,Card,0.35,Dav*****@yahoo.com,81******76,successful,749999.65,2025-12
6943,1643,Evelyn Cordova,107,50000.0,Dining Table,Furniture,offline,Chennai,2025-12-29,3,NetBanking,0.4,Eve*****@gmail.com,65******10,successful,149999.6,2025-12
6944,1484,Cindy Long,108,15000.0,Mixer Grinder,Home Appliances,online,Delhi,2026-03-14,1,Card,0.2,Cin*****@gmail.com,60******65,successful,14999.8,2026-03
6945,1095,Wendy Henry,107,50000.0,Dining Table,Furniture,online,Chennai,2025-05-09,5,UPI,0.05,Wen*****@gmail.com,89******98,successful,249999.95,2025-05
6946,1890,Kim Massey,109,,Refrigerator,Home,offline,Chennai,2025-05-08,3,Card,0.4,Kim*****@gmail.com,61******13,successful,,2025-05
6948,1486,Nancy Hart,107,50000.0,Dining Table,Furniture,offline,Mumbai,2026-03-16,1,NetBanking,0.2,Nan*****@outlook.com,65******90,successful,49999.8,2026-03
6949,1207,Sydney Sanchez,108,15000.0,Mixer Grinder,Home Appliances,online,Hyderabad,2025-10-22,3,Cash,0.3,Syd*****@yahoo.com,75******42,successful,44999.7,2025-10
6950,1046,Stephanie Bell,101,250000.0,Laptop,Elec,offline,Mumbai,2026-02-09,3,Cash,0.2,Ste*****@yahoo.com,67******42,successful,749999.8,2026-02
6951,1657,Kenneth Swanson,110,,Microwave,Home Appliances,offline,Bangalore,2026-08-03,3,UPI,0.3,Ken*****@outlook.com,63******67,successful,,2026-08
6952,1708,Lori Bell,109,65000.0,Refrigerator,Home,online,Chennai,2025-04-27,1,Cash,0.35,Lor*****@outlook.com,90******47,successful,64999.65,2025-04
6954,1574,Helen Cooley,110,45000.0,Microwave,Home,offline,Bangalore,2025-05-27,1,Card,0.3,Hel*****@gmail.com,63******65,successful,44999.7,2025-05
6955,1417,Michael Wade,104,8000.0,Shoes,Clothing,online,Chennai,2026-03-13,4,NetBanking,0.05,Mic*****@outlook.com,97******22,successful,31999.95,2026-03
6956,1498,Karen Owens,107,50000.0,Dining Table,Furniture,offline,Delhi,2025-11-11,5,Card,0.4,Kar*****@gmail.com,88******37,successful,249999.6,2025-11
6957,1466,Joyce Sims,103,1300.0,Shirt,Clothing,offline,Hyderabad,2025-08-19,5,Card,0.25,Joy*****@gmail.com,97******44,successful,6499.75,2025-08
6959,1189,Donald Gallegos,109,65000.0,Refrigerator,Home,offline,Bangalore,2025-05-03,2,NetBanking,0.25,Don*****@outlook.com,90******13,successful,129999.75,2025-05
6960,1249,Brittany Ortega,105,45000.0,Tv,Electronics,online,Chennai,2025-08-11,4,NetBanking,0.3,Bri*****@gmail.com,76******14,successful,179999.7,2025-08
6961,1056,Dana Perry,102,70000.0,Phone,Elec,online,Hyderabad,2026-01-15,5,UPI,0.4,Dan*****@gmail.com,98******62,successful,349999.6,2026-01
6962,1558,Brenda Schneider,102,70000.0,Phone,Elec,online,Bangalore,2025-09-16,3,Cash,0.3,Bre*****@gmail.com,95******88,successful,209999.7,2025-09
6963,1811,Rita Hamilton,108,15000.0,Mixer Grinder,Home Appliances,offline,Hyderabad,2025-12-20,1,UPI,0.3,Rit*****@outlook.com,68******74,successful,14999.7,2025-12
6964,1392,William Montgomery,104,8000.0,Shoes,Clothing,offline,Chennai,2025-11-24,2,UPI,0.35,Wil*****@yahoo.com,87******50,successful,15999.65,2025-11
6965,1223,Alexander Paul,106,80000.0,Sofa,Furniture,offline,Mumbai,2025-06-28,4,NetBanking,0.35,Ale*****@gmail.com,63******89,successful,319999.65,2025-06
6966,1881,David Stevens,102,70000.0,Phone,Electronics,offline,Mumbai,2025-04-28,5,UPI,0.15,Dav*****@yahoo.com,81******76,successful,349999.85,2025-04
6967,1367,Christine Richardson,107,50000.0,Dining Table,Furn,online,Mumbai,2026-04-08,1,Card,0.1,Chr*****@gmail.com,76******45,successful,49999.9,2026-04
6968,1550,Sierra Anderson,108,,Mixer Grinder,Home,offline,Mumbai,2025-11-20,2,NetBanking,0.4,Sie*****@outlook.com,93******06,successful,,2025-11
6969,1467,Darryl Coleman,104,8000.0,Shoes,Clothing,offline,Mumbai,2026-12-03,5,Cash,0.1,Dar*****@gmail.com,80******30,successful,39999.9,2026-12
6970,1453,Tanner Smith,101,,Laptop,Electronics,offline,Mumbai,2025-10-25,1,UPI,0.3,Tan*****@outlook.com,79******25,successful,,2025-10
6971,1495,Ashley Mitchell,108,15000.0,Mixer Grinder,Home Appliances,offline,Mumbai,2026-01-04,1,NetBanking,0.1,Ash*****@gmail.com,79******34,successful,14999.9,2026-01
6972,1901,Michael Harrison,103,1300.0,Shirt,Cloth,online,Hyderabad,2025-08-23,2,Cash,0.25,Mic*****@yahoo.com,88******36,successful,2599.75,2025-08
6973,1322,Heather Escobar,106,80000.0,Sofa,Furn,offline,Bangalore,2025-05-28,3,NetBanking,0.35,Hea*****@gmail.com,84******20,successful,239999.65,2025-05
6974,1340,Abigail Schmidt,107,,Dining Table,Furn,offline,Delhi,2026-02-22,5,Card,0.15,Abi*****@gmail.com,82******92,successful,,2026-02
6975,1199,Richard Davis,108,15000.0,Mixer Grinder,Home Appliances,offline,Hyderabad,2025-08-03,4,Card,0.05,Ric*****@outlook.com,75******58,successful,59999.95,2025-08
6976,1435,Jeffrey Wood,108,15000.0,Mixer Grinder,Home Appliances,offline,Hyderabad,2026-02-22,5,NetBanking,0.05,Jef*****@gmail.com,72******89,successful,74999.95,2026-02
6977,1180,Chad Walsh,105,45000.0,Tv,Elec,offline,Mumbai,2025-08-10,5,Card,0.1,Cha*****@gmail.com,81******48,successful,224999.9,2025-08
6978,1720,Melissa Archer,101,250000.0,Laptop,Electronics,online,Mumbai,2026-02-08,5,Cash,0.1,Mel*****@gmail.com,72******05,successful,1249999.9,2026-02
6979,1394,Tiffany Randolph,101,250000.0,Laptop,Electronics,online,Delhi,2026-02-26,3,NetBanking,0.35,Tif*****@gmail.com,84******85,successful,749999.65,2026-02
6980,1278,Sandra Robinson,101,250000.0,Laptop,Electronics,offline,Chennai,2026-04-03,2,UPI,0.35,San*****@gmail.com,99******46,successful,499999.65,2026-04
6984,1517,Kyle Patel,108,,Mixer Grinder,Home Appliances,offline,Hyderabad,2025-10-05,4,UPI,0.35,Kyl*****@outlook.com,89******98,successful,,2025-10
6985,1324,Carol Cordova,109,65000.0,Refrigerator,Home Appliances,offline,Mumbai,2025-10-11,5,UPI,0.4,Car*****@outlook.com,76******10,successful,324999.6,2025-10
6986,1760,Brittney Johnson,108,15000.0,Mixer Grinder,Home,online,Delhi,2025-12-31,3,Cash,0.2,Bri*****@gmail.com,77******79,successful,44999.8,2025-12
6987,1082,Javier Schmidt,107,50000.0,Dining Table,Furniture,online,Bangalore,2025-03-08,3,UPI,0.4,Jav*****@outlook.com,98******01,successful,149999.6,2025-03
6989,1868,Andrew Martin,101,250000.0,Laptop,Electronics,offline,Delhi,2026-04-02,3,Cash,0.05,And*****@gmail.com,79******36,successful,749999.95,2026-04
6991,1428,James Mccoy,108,15000.0,Mixer Grinder,Home,offline,Bangalore,2025-05-21,2,NetBanking,0.3,Jam*****@gmail.com,66******77,successful,29999.7,2025-05
6992,1424,Karen White,101,250000.0,Laptop,Elec,online,Hyderabad,2025-10-24,2,Cash,0.2,Kar*****@gmail.com,97******60,successful,499999.8,2025-10
6994,1198,Christopher Villa,108,15000.0,Mixer Grinder,Home Appliances,online,Delhi,2025-07-10,2,Card,0.4,Chr*****@yahoo.com,79******74,successful,29999.6,2025-07
6995,1540,Derek Brooks,109,65000.0,Refrigerator,Home,offline,Hyderabad,2025-09-20,4,Cash,0.1,Der*****@gmail.com,86******81,successful,259999.9,2025-09
6996,1425,Daniel Ortiz,107,50000.0,Dining Table,Furniture,online,Hyderabad,2026-04-15,5,NetBanking,0.25,Dan*****@outlook.com,80******17,successful,249999.75,2026-04
6997,1014,Nicholas Stephens,105,45000.0,Tv,Electronics,offline,Delhi,2026-01-15,5,UPI,0.3,Nic*****@gmail.com,75******71,successful,224999.7,2026-01
7000,1239,Eric Brown,104,8000.0,Shoes,Cloth,offline,Mumbai,2026-12-01,1,Card,0.1,Eri*****@gmail.com,92******45,successful,7999.9,2026-12
7001,1454,Shelly Smith,107,50000.0,Dining Table,Furniture,online,Mumbai,2025-04-22,1,Card,0.4,She*****@gmail.com,77******47,successful,49999.6,2025-04
7002,1802,Joshua Singh,107,50000.0,Dining Table,Furn,online,Mumbai,2025-04-16,2,Card,0.15,Jos*****@gmail.com,80******90,successful,99999.85,2025-04
7003,1639,John Marshall,107,50000.0,Dining Table,Furn,online,Delhi,2025-12-01,4,UPI,0.3,Joh*****@gmail.com,90******27,successful,199999.7,2025-12
7005,1708,Lori Bell,102,70000.0,Phone,Elec,offline,Chennai,2025-08-05,4,Cash,0.35,Lor*****@outlook.com,90******47,successful,279999.65,2025-08
7006,1317,Kathleen Ferrell,108,15000.0,Mixer Grinder,Home Appliances,offline,Delhi,2025-12-20,2,Card,0.4,Kat*****@gmail.com,84******36,successful,29999.6,2025-12
7007,1131,Susan Ramirez,102,70000.0,Phone,Electronics,online,Chennai,2025-06-07,4,NetBanking,0.2,Sus*****@gmail.com,85******76,successful,279999.8,2025-06
7009,1534,Matthew Harrington,110,45000.0,Microwave,Home,online,Delhi,2025-09-04,4,Cash,0.4,Mat*****@yahoo.com,76******86,successful,179999.6,2025-09
7010,1881,David Stevens,104,8000.0,Shoes,Clothing,offline,Mumbai,2025-10-02,2,NetBanking,0.25,Dav*****@yahoo.com,81******76,successful,15999.75,2025-10
7011,1138,Darren Hall,110,45000.0,Microwave,Home Appliances,online,Hyderabad,2025-09-01,3,Cash,0.35,Dar*****@outlook.com,78******94,successful,134999.65,2025-09
7012,1428,James Mccoy,103,1300.0,Shirt,Clothing,offline,Bangalore,2026-04-04,4,Cash,0.4,Jam*****@gmail.com,66******77,successful,5199.6,2026-04
7013,1318,Andrew Richards,103,1300.0,Shirt,Clothing,offline,Delhi,2025-05-24,4,UPI,0.4,And*****@gmail.com,76******53,successful,5199.6,2025-05
7015,1689,Christopher Stephens,101,250000.0,Laptop,Electronics,offline,Mumbai,2025-05-01,2,Card,0.25,Chr*****@gmail.com,64******84,successful,499999.75,2025-05
7017,1620,Craig Jacobs,104,8000.0,Shoes,Clothing,online,Bangalore,2025-05-27,4,NetBanking,0.05,Cra*****@gmail.com,62******01,successful,31999.95,2025-05
7018,1498,Karen Owens,107,50000.0,Dining Table,Furniture,offline,Delhi,2025-06-27,4,Cash,0.3,Kar*****@gmail.com,88******37,successful,199999.7,2025-06
7019,1786,Amy Mckinney,110,45000.0,Microwave,Home Appliances,online,Delhi,2025-06-01,1,Card,0.3,Amy*****@gmail.com,64******87,successful,44999.7,2025-06
7020,1928,Bryan Gentry,106,80000.0,Sofa,Furn,online,Delhi,2025-07-16,5,UPI,0.1,Bry*****@outlook.com,63******33,successful,399999.9,2025-07
7022,1182,Nancy Jones,103,1300.0,Shirt,Cloth,offline,Delhi,2026-04-03,3,UPI,0.05,Nan*****@outlook.com,99******38,successful,3899.95,2026-04
7024,1464,Brian Hayes,101,250000.0,Laptop,Electronics,online,Delhi,2025-04-19,5,Cash,0.3,Bri*****@yahoo.com,61******86,successful,1249999.7,2025-04
7025,1967,Elizabeth Good,108,15000.0,Mixer Grinder,Home,offline,Delhi,2025-12-25,1,UPI,0.25,Eli*****@gmail.com,75******06,successful,14999.75,2025-12
7026,1896,Chelsea Roberts,109,65000.0,Refrigerator,Home,online,Chennai,2025-10-30,2,NetBanking,0.05,Che*****@gmail.com,73******07,successful,129999.95,2025-10
7027,1650,Andre Lamb,104,8000.0,Shoes,Cloth,online,Delhi,2025-08-23,1,Cash,0.05,And*****@gmail.com,69******91,successful,7999.95,2025-08
7029,1752,Ryan Heath,102,70000.0,Phone,Electronics,offline,Hyderabad,2025-12-25,2,UPI,0.1,Rya*****@yahoo.com,94******40,successful,139999.9,2025-12
7031,1409,Melanie Hayes,104,8000.0,Shoes,Cloth,online,Bangalore,2026-07-01,4,UPI,0.25,Mel*****@yahoo.com,87******11,successful,31999.75,2026-07
7032,1610,Amy Scott,101,250000.0,Laptop,Elec,online,Bangalore,2025-12-08,4,UPI,0.2,Amy*****@yahoo.com,77******51,successful,999999.8,2025-12
7033,1044,Joseph Stephens,103,1300.0,Shirt,Clothing,offline,Hyderabad,2025-06-16,4,UPI,0.15,Jos*****@yahoo.com,69******83,successful,5199.85,2025-06
7034,1167,Gabriel Sanchez,106,80000.0,Sofa,Furniture,online,Mumbai,2025-09-22,3,UPI,0.25,Gab*****@gmail.com,95******68,successful,239999.75,2025-09
7035,1630,John Johnson,105,45000.0,Tv,Electronics,offline,Hyderabad,2025-07-14,5,UPI,0.15,Joh*****@outlook.com,86******01,successful,224999.85,2025-07
7036,1556,Lauren Tate,110,45000.0,Microwave,Home Appliances,online,Delhi,2025-08-09,5,Cash,0.05,Lau*****@gmail.com,90******00,successful,224999.95,2025-08
7038,1673,Carol Figueroa,107,50000.0,Dining Table,Furniture,online,Bangalore,2025-09-29,2,NetBanking,0.35,Car*****@yahoo.com,69******66,successful,99999.65,2025-09
7039,1178,Donna Hall,104,8000.0,Shoes,Cloth,offline,Mumbai,2025-11-25,2,NetBanking,0.05,Don*****@gmail.com,63******52,successful,15999.95,2025-11
7041,1624,Krista Miller,110,45000.0,Microwave,Home Appliances,online,Chennai,2025-10-08,4,Cash,0.3,Kri*****@outlook.com,66******50,successful,179999.7,2025-10
7042,1637,Priscilla Acosta,108,15000.0,Mixer Grinder,Home Appliances,online,Mumbai,2025-06-17,1,Card,0.25,Pri*****@gmail.com,81******52,successful,14999.75,2025-06
7043,1385,Christina Bates,110,,Microwave,Home,offline,Hyderabad,2025-07-18,2,NetBanking,0.05,Chr*****@gmail.com,92******78,successful,,2025-07
7046,1077,Mandy Hess,110,45000.0,Microwave,Home Appliances,online,Mumbai,2025-11-18,1,Cash,0.2,Man*****@yahoo.com,86******56,successful,44999.8,2025-11
7047,1244,Erik Davis,107,50000.0,Dining Table,Furniture,online,Mumbai,2025-09-01,4,UPI,0.15,Eri*****@gmail.com,72******73,successful,199999.85,2025-09
7049,1141,Roberta Boyd,110,45000.0,Microwave,Home Appliances,online,Delhi,2025-11-10,5,Cash,0.05,Rob*****@yahoo.com,71******28,successful,224999.95,2025-11
7050,1911,Marc Morales,108,15000.0,Mixer Grinder,Home Appliances,offline,Delhi,2025-11-01,1,Cash,0.35,Mar*****@outlook.com,99******59,successful,14999.65,2025-11
7052,1616,Mark Taylor,108,15000.0,Mixer Grinder,Home Appliances,offline,Mumbai,2026-04-06,1,UPI,0.05,Mar*****@outlook.com,86******71,successful,14999.95,2026-04
7053,1914,Miranda Sanchez,101,250000.0,Laptop,Electronics,offline,Chennai,2026-03-11,2,UPI,0.1,Mir*****@gmail.com,78******77,successful,499999.9,2026-03
7054,1861,Tyler Chandler,107,,Dining Table,Furniture,offline,Bangalore,2025-08-10,5,Card,0.4,Tyl*****@outlook.com,83******68,successful,,2025-08
7055,1963,Scott Nelson,108,15000.0,Mixer Grinder,Home Appliances,online,Bangalore,2025-09-01,1,NetBanking,0.35,Sco*****@gmail.com,91******28,successful,14999.65,2025-09
7056,1485,Thomas Jackson,109,65000.0,Refrigerator,Home,offline,Mumbai,2025-07-21,2,Cash,0.3,Tho*****@yahoo.com,90******88,successful,129999.7,2025-07
7057,1756,Mark Lopez,103,1300.0,Shirt,Cloth,online,Chennai,2026-03-01,5,Card,0.15,Mar*****@outlook.com,61******24,successful,6499.85,2026-03
7058,1893,Michael Gibbs,110,45000.0,Microwave,Home Appliances,offline,Delhi,2026-04-10,1,UPI,0.35,Mic*****@outlook.com,65******15,successful,44999.65,2026-04
7059,1036,Eric Johnson,103,1300.0,Shirt,Cloth,offline,Bangalore,2025-04-22,3,NetBanking,0.35,Eri*****@yahoo.com,68******17,successful,3899.65,2025-04
7060,1468,Gina Hendricks,104,8000.0,Shoes,Clothing,offline,Bangalore,2025-09-03,3,UPI,0.35,Gin*****@yahoo.com,70******48,successful,23999.65,2025-09
7061,1945,Amanda Brown,104,8000.0,Shoes,Clothing,online,Mumbai,2025-09-04,4,UPI,0.05,Ama*****@gmail.com,99******17,successful,31999.95,2025-09
7063,1472,Chad Barnes,110,45000.0,Microwave,Home Appliances,online,Chennai,2025-06-04,3,Card,0.2,Cha*****@outlook.com,74******07,successful,134999.8,2025-06
7064,1575,Virginia Pacheco,105,45000.0,Tv,Elec,offline,Chennai,2025-12-29,4,Cash,0.25,Vir*****@gmail.com,93******56,successful,179999.75,2025-12
7065,1064,Marco Green,109,65000.0,Refrigerator,Home Appliances,offline,Delhi,2025-04-29,4,Card,0.35,Mar*****@gmail.com,89******13,successful,259999.65,2025-04
7066,1255,Kara Wong,104,8000.0,Shoes,Clothing,online,Mumbai,2026-06-02,1,NetBanking,0.05,Kar*****@gmail.com,81******49,successful,7999.95,2026-06
7068,1693,Deanna Mcguire,110,45000.0,Microwave,Home Appliances,offline,Mumbai,2026-03-03,5,Cash,0.05,Dea*****@gmail.com,88******71,successful,224999.95,2026-03
7070,1379,Anthony Howard,105,45000.0,Tv,Electronics,online,Delhi,2026-10-02,5,Cash,0.3,Ant*****@gmail.com,81******33,successful,224999.7,2026-10
7071,1776,Jason Johns,106,80000.0,Sofa,Furniture,online,Chennai,2026-03-03,2,NetBanking,0.2,Jas*****@gmail.com,91******61,successful,159999.8,2026-03
7072,1274,Mark Castro,109,65000.0,Refrigerator,Home Appliances,online,Mumbai,2026-07-02,4,Cash,0.35,Mar*****@outlook.com,94******62,successful,259999.65,2026-07
7073,1251,Edward Rangel,105,45000.0,Tv,Electronics,offline,Mumbai,2025-11-22,1,Cash,0.35,Edw*****@gmail.com,89******39,successful,44999.65,2025-11
7074,1176,Mallory Hernandez,102,70000.0,Phone,Electronics,offline,Chennai,2026-01-20,5,Card,0.15,Mal*****@gmail.com,73******19,successful,349999.85,2026-01
7075,1043,Kelly Johnson,106,80000.0,Sofa,Furniture,offline,Bangalore,2025-07-11,1,Cash,0.1,Kel*****@outlook.com,69******90,successful,79999.9,2025-07
7076,1441,Alison Tucker,104,,Shoes,Cloth,offline,Hyderabad,2025-08-29,3,UPI,0.3,Ali*****@gmail.com,63******94,successful,,2025-08
7077,1173,Wendy Keith,107,50000.0,Dining Table,Furn,offline,Bangalore,2025-06-12,3,UPI,0.35,Wen*****@outlook.com,98******06,successful,149999.65,2025-06
7078,1475,Jeremiah Jensen,101,250000.0,Laptop,Elec,online,Delhi,2025-10-30,3,Card,0.3,Jer*****@gmail.com,87******61,successful,749999.7,2025-10
7079,1937,Manuel King,103,1300.0,Shirt,Clothing,offline,Hyderabad,2026-01-03,4,Cash,0.35,Man*****@gmail.com,96******68,successful,5199.65,2026-01
7084,1554,Darrell Watson,109,65000.0,Refrigerator,Home,online,Mumbai,2025-12-31,1,Card,0.15,Dar*****@gmail.com,94******32,successful,64999.85,2025-12
7086,1965,Ana Ross,101,250000.0,Laptop,Electronics,offline,Bangalore,2025-05-22,4,UPI,0.15,Ana*****@gmail.com,68******96,successful,999999.85,2025-05
7087,1614,Wendy Lewis,101,250000.0,Laptop,Electronics,offline,Chennai,2025-09-08,5,UPI,0.25,Wen*****@yahoo.com,98******91,successful,1249999.75,2025-09
7089,1121,Stacy Murphy,106,80000.0,Sofa,Furniture,offline,Bangalore,2026-01-02,1,UPI,0.2,Sta*****@outlook.com,97******77,successful,79999.8,2026-01
7090,1457,Carla Smith,106,80000.0,Sofa,Furniture,online,Chennai,2025-08-22,3,Cash,0.05,Car*****@yahoo.com,93******95,successful,239999.95,2025-08
7091,1471,Douglas Schmidt,105,45000.0,Tv,Electronics,offline,Mumbai,2025-05-10,5,Card,0.05,Dou*****@yahoo.com,63******13,successful,224999.95,2025-05
7092,1257,Angela Hodges,105,45000.0,Tv,Electronics,online,Mumbai,2025-08-03,2,UPI,0.35,Ang*****@gmail.com,87******24,successful,89999.65,2025-08
7093,1879,Carol Lane,106,80000.0,Sofa,Furn,offline,Hyderabad,2025-07-12,1,Cash,0.1,Car*****@outlook.com,83******02,successful,79999.9,2025-07
7094,1251,Edward Rangel,102,70000.0,Phone,Elec,online,Mumbai,2025-12-22,4,Cash,0.3,Edw*****@gmail.com,89******39,successful,279999.7,2025-12
7095,1332,Laura Werner,106,80000.0,Sofa,Furniture,offline,Bangalore,2025-09-06,2,NetBanking,0.4,Lau*****@gmail.com,87******50,successful,159999.6,2025-09
7096,1258,Erica Smith,110,45000.0,Microwave,Home,online,Bangalore,2026-02-08,3,Cash,0.15,Eri*****@outlook.com,92******42,successful,134999.85,2026-02
7100,1306,Curtis Knight,102,70000.0,Phone,Electronics,online,Delhi,2026-01-10,5,Card,0.1,Cur*****@gmail.com,63******89,successful,349999.9,2026-01
7101,1056,Dana Perry,104,8000.0,Shoes,Clothing,online,Hyderabad,2025-07-11,2,NetBanking,0.2,Dan*****@gmail.com,98******62,successful,15999.8,2025-07
7103,1575,Virginia Pacheco,108,15000.0,Mixer Grinder,Home Appliances,offline,Chennai,2025-04-25,4,Cash,0.35,Vir*****@gmail.com,93******56,successful,59999.65,2025-04
7104,1168,Jessica Adams,107,50000.0,Dining Table,Furniture,online,Mumbai,2025-04-22,4,Cash,0.15,Jes*****@outlook.com,69******37,successful,199999.85,2025-04
7105,1544,Robert Moore,102,70000.0,Phone,Electronics,offline,Bangalore,2025-08-09,4,Card,0.4,Rob*****@gmail.com,90******87,successful,279999.6,2025-08
7106,1908,Nicole James,101,250000.0,Laptop,Electronics,online,Hyderabad,2025-02-05,5,Card,0.05,Nic*****@gmail.com,62******72,successful,1249999.95,2025-02
7107,1934,Sandra Taylor,104,8000.0,Shoes,Clothing,offline,Bangalore,2025-10-31,2,Card,0.2,San*****@outlook.com,95******47,successful,15999.8,2025-10
7108,1964,Teresa Jordan,110,,Microwave,Home Appliances,offline,Hyderabad,2026-01-11,5,Cash,0.4,Ter*****@gmail.com,68******32,successful,,2026-01
7110,1220,Andrew Pena,104,8000.0,Shoes,Cloth,offline,Mumbai,2025-05-25,2,UPI,0.1,And*****@gmail.com,72******15,successful,15999.9,2025-05
7111,1366,Kimberly Stevenson,103,,Shirt,Clothing,online,Bangalore,2025-07-28,2,UPI,0.35,Kim*****@yahoo.com,87******53,successful,,2025-07
7112,1883,Teresa Ford,108,15000.0,Mixer Grinder,Home,online,Hyderabad,2025-06-01,1,NetBanking,0.4,Ter*****@gmail.com,84******86,successful,14999.6,2025-06
7117,1880,Jeremy Mendez,108,15000.0,Mixer Grinder,Home Appliances,online,Mumbai,2025-07-03,4,Cash,0.05,Jer*****@gmail.com,90******45,successful,59999.95,2025-07
7118,1585,Wyatt Coleman,102,70000.0,Phone,Electronics,online,Mumbai,2025-08-07,3,Card,0.2,Wya*****@gmail.com,99******62,successful,209999.8,2025-08
7120,1726,Heather Hill,103,1300.0,Shirt,Clothing,offline,Hyderabad,2025-05-03,2,Cash,0.1,Hea*****@gmail.com,94******87,successful,2599.9,2025-05
7121,1391,James Williams,104,8000.0,Shoes,Cloth,offline,Hyderabad,2025-05-01,4,Card,0.05,Jam*****@outlook.com,98******81,successful,31999.95,2025-05
7126,1388,Justin Reyes,107,50000.0,Dining Table,Furn,online,Hyderabad,2026-04-10,2,UPI,0.05,Jus*****@gmail.com,71******03,successful,99999.95,2026-04
7127,1626,Luke Martin,103,1300.0,Shirt,Cloth,offline,Chennai,2025-12-25,2,Cash,0.1,Luk*****@outlook.com,92******87,successful,2599.9,2025-12
7129,1589,Kimberly Navarro,103,1300.0,Shirt,Clothing,offline,Mumbai,2026-03-02,4,Cash,0.25,Kim*****@outlook.com,88******71,successful,5199.75,2026-03
7131,1765,Holly Bennett,103,1300.0,Shirt,Clothing,online,Mumbai,2025-06-07,1,UPI,0.4,Hol*****@gmail.com,92******21,successful,1299.6,2025-06
7132,1785,Mikayla Joyce,106,80000.0,Sofa,Furn,online,Chennai,2026-01-13,5,Card,0.4,Mik*****@gmail.com,60******38,successful,399999.6,2026-01
7133,1292,Cheryl Willis,104,8000.0,Shoes,Clothing,offline,Chennai,2026-04-13,1,UPI,0.15,Che*****@gmail.com,61******54,successful,7999.85,2026-04
7134,1237,Amanda Smith,109,65000.0,Refrigerator,Home Appliances,online,Delhi,2025-07-05,1,Card,0.35,Ama*****@outlook.com,88******66,successful,64999.65,2025-07
7135,1139,Eric Hunter,107,50000.0,Dining Table,Furniture,online,Delhi,2026-03-06,3,NetBanking,0.2,Eri*****@outlook.com,79******92,successful,149999.8,2026-03
7136,1913,Randy Morrison,105,,Tv,Elec,online,Chennai,2025-11-18,3,Cash,0.15,Ran*****@gmail.com,67******88,successful,,2025-11
7137,1113,Jason Russell,109,65000.0,Refrigerator,Home,offline,Bangalore,2025-06-17,5,UPI,0.4,Jas*****@yahoo.com,97******00,successful,324999.6,2025-06
7138,1220,Andrew Pena,102,,Phone,Electronics,online,Mumbai,2025-11-23,3,Card,0.25,And*****@gmail.com,72******15,successful,,2025-11
7139,1311,Elizabeth Peck,103,,Shirt,Clothing,online,Hyderabad,2026-03-31,1,Cash,0.4,Eli*****@yahoo.com,91******30,successful,,2026-03
7142,1175,Justin Friedman,101,250000.0,Laptop,Electronics,offline,Chennai,2025-11-26,1,UPI,0.2,Jus*****@gmail.com,80******95,successful,249999.8,2025-11
7143,1049,Alicia Blair,102,,Phone,Elec,online,Delhi,2026-01-16,4,Cash,0.05,Ali*****@outlook.com,94******00,successful,,2026-01
7144,1445,Samantha Clark,101,250000.0,Laptop,Electronics,online,Chennai,2025-11-17,1,Cash,0.15,Sam*****@gmail.com,78******17,successful,249999.85,2025-11
7145,1088,Duane Smith,107,50000.0,Dining Table,Furniture,online,Bangalore,2025-08-05,2,UPI,0.1,Dua*****@gmail.com,93******68,successful,99999.9,2025-08
7146,1204,Andrew Hendricks,105,45000.0,Tv,Elec,online,Mumbai,2025-05-22,4,NetBanking,0.4,And*****@gmail.com,72******79,successful,179999.6,2025-05
7147,1217,Colin Yang,109,65000.0,Refrigerator,Home Appliances,online,Chennai,2025-05-01,5,Cash,0.3,Col*****@yahoo.com,70******64,successful,324999.7,2025-05
7148,1047,William Melendez,109,65000.0,Refrigerator,Home Appliances,online,Delhi,2025-09-26,2,Cash,0.1,Wil*****@yahoo.com,72******92,successful,129999.9,2025-09
7150,1006,Martin Williams,107,50000.0,Dining Table,Furniture,online,Mumbai,2025-07-09,4,NetBanking,0.4,Mar*****@outlook.com,75******10,successful,199999.6,2025-07
7152,1650,Andre Lamb,105,45000.0,Tv,Electronics,online,Delhi,2025-11-08,1,UPI,0.05,And*****@gmail.com,69******91,successful,44999.95,2025-11
7153,1091,Elaine Austin,106,80000.0,Sofa,Furn,online,Mumbai,2025-12-15,4,NetBanking,0.05,Ela*****@gmail.com,67******11,successful,319999.95,2025-12
7154,1608,Stephen Simpson,103,1300.0,Shirt,Clothing,offline,Delhi,2025-08-12,5,UPI,0.35,Ste*****@yahoo.com,81******71,successful,6499.65,2025-08
7155,1845,Brendan Ruiz,105,45000.0,Tv,Elec,offline,Bangalore,2025-02-10,2,Card,0.25,Bre*****@gmail.com,78******41,successful,89999.75,2025-02
7156,1683,Rachel King,110,45000.0,Microwave,Home Appliances,online,Bangalore,2025-04-06,4,Cash,0.1,Rac*****@gmail.com,63******20,successful,179999.9,2025-04
7157,1303,Dustin Carter,106,80000.0,Sofa,Furniture,offline,Delhi,2025-06-29,3,UPI,0.2,Dus*****@gmail.com,77******62,successful,239999.8,2025-06
7158,1197,Bradley Yates,105,45000.0,Tv,Elec,online,Bangalore,2026-01-11,3,Cash,0.3,Bra*****@gmail.com,70******48,successful,134999.7,2026-01
7161,1685,Sonya Robertson,109,65000.0,Refrigerator,Home Appliances,offline,Hyderabad,2026-01-31,4,Cash,0.2,Son*****@gmail.com,75******15,successful,259999.8,2026-01
7162,1533,Stephanie Todd,108,,Mixer Grinder,Home Appliances,offline,Mumbai,2025-10-21,5,Cash,0.35,Ste*****@gmail.com,61******86,successful,,2025-10
7163,1819,Karen Martin,108,15000.0,Mixer Grinder,Home,offline,Hyderabad,2025-12-01,3,UPI,0.2,Kar*****@yahoo.com,65******41,successful,44999.8,2025-12
7164,1867,Julie Lowery,106,80000.0,Sofa,Furniture,offline,Chennai,2025-05-29,3,Cash,0.05,Jul*****@outlook.com,74******96,successful,239999.95,2025-05
7165,1967,Elizabeth Good,108,15000.0,Mixer Grinder,Home Appliances,offline,Delhi,2025-05-06,1,Card,0.1,Eli*****@gmail.com,75******06,successful,14999.9,2025-05
7166,1977,Donna Ayers,103,1300.0,Shirt,Clothing,offline,Hyderabad,2025-12-01,4,Card,0.35,Don*****@yahoo.com,63******87,successful,5199.65,2025-12
7167,1491,Jeremy Garcia,102,70000.0,Phone,Elec,offline,Mumbai,2026-10-04,3,UPI,0.2,Jer*****@gmail.com,76******84,successful,209999.8,2026-10
7168,1215,Christopher Thomas,102,70000.0,Phone,Elec,online,Hyderabad,2025-08-01,4,NetBanking,0.25,Chr*****@yahoo.com,90******81,successful,279999.75,2025-08
7169,1703,Elizabeth Richards,110,45000.0,Microwave,Home,online,Bangalore,2026-01-28,3,Card,0.05,Eli*****@gmail.com,71******57,successful,134999.95,2026-01
7171,1185,Ian Park,101,250000.0,Laptop,Elec,online,Hyderabad,2026-01-04,2,Cash,0.05,Ian*****@gmail.com,77******29,successful,499999.95,2026-01
7172,1529,Brian Smith,110,45000.0,Microwave,Home Appliances,offline,Delhi,2025-07-11,4,Card,0.05,Bri*****@outlook.com,88******18,successful,179999.95,2025-07
7174,1339,Nicolas Dennis,107,50000.0,Dining Table,Furniture,online,Bangalore,2025-08-19,3,UPI,0.3,Nic*****@gmail.com,83******10,successful,149999.7,2025-08
7175,1559,Jason Johnson,105,45000.0,Tv,Electronics,online,Delhi,2026-08-01,3,UPI,0.2,Jas*****@yahoo.com,97******10,successful,134999.8,2026-08
7176,1441,Alison Tucker,106,80000.0,Sofa,Furniture,online,Hyderabad,2026-02-28,1,UPI,0.2,Ali*****@gmail.com,63******94,successful,79999.8,2026-02
7177,1381,Cassandra Green,106,80000.0,Sofa,Furniture,offline,Bangalore,2026-02-26,5,NetBanking,0.3,Cas*****@gmail.com,80******51,successful,399999.7,2026-02
7178,1131,Susan Ramirez,109,65000.0,Refrigerator,Home,offline,Chennai,2025-08-18,3,UPI,0.1,Sus*****@gmail.com,85******76,successful,194999.9,2025-08
7179,1101,Timothy Smith,105,45000.0,Tv,Electronics,offline,Delhi,2025-09-10,2,Card,0.15,Tim*****@gmail.com,66******04,successful,89999.85,2025-09
7180,1306,Curtis Knight,110,,Microwave,Home Appliances,online,Delhi,2025-10-22,5,Cash,0.05,Cur*****@gmail.com,63******89,successful,,2025-10
7181,1198,Christopher Villa,103,1300.0,Shirt,Clothing,offline,Delhi,2026-02-21,1,NetBanking,0.4,Chr*****@yahoo.com,79******74,successful,1299.6,2026-02
7183,1097,Lori Jacobs,107,50000.0,Dining Table,Furn,offline,Delhi,2025-07-10,2,NetBanking,0.3,Lor*****@yahoo.com,81******12,successful,99999.7,2025-07
7185,1301,Sandra Palmer,105,45000.0,Tv,Electronics,offline,Mumbai,2025-03-05,4,UPI,0.35,San*****@gmail.com,69******53,successful,179999.65,2025-03
7186,1661,Amanda Huff,109,65000.0,Refrigerator,Home Appliances,offline,Chennai,2025-09-11,5,NetBanking,0.4,Ama*****@gmail.com,74******38,successful,324999.6,2025-09
7187,1901,Michael Harrison,101,,Laptop,Electronics,offline,Hyderabad,2026-02-27,2,NetBanking,0.3,Mic*****@yahoo.com,88******36,successful,,2026-02
7188,1144,Brianna Williams,101,250000.0,Laptop,Electronics,offline,Bangalore,2025-12-29,1,NetBanking,0.3,Bri*****@gmail.com,94******30,successful,249999.7,2025-12
7190,1322,Heather Escobar,103,1300.0,Shirt,Clothing,online,Bangalore,2025-09-29,2,NetBanking,0.15,Hea*****@gmail.com,84******20,successful,2599.85,2025-09
7192,1378,Joyce Simmons,101,250000.0,Laptop,Electronics,online,Hyderabad,2025-08-09,4,Card,0.3,Joy*****@yahoo.com,78******49,successful,999999.7,2025-08
7194,1907,Teresa Schwartz,101,250000.0,Laptop,Elec,offline,Chennai,2026-02-25,5,Card,0.4,Ter*****@outlook.com,99******41,successful,1249999.6,2026-02
7195,1607,Adrian Singleton,103,1300.0,Shirt,Clothing,online,Mumbai,2025-12-15,5,NetBanking,0.05,Adr*****@yahoo.com,88******94,successful,6499.95,2025-12
7196,1620,Craig Jacobs,101,250000.0,Laptop,Elec,offline,Bangalore,2025-05-18,2,Card,0.35,Cra*****@gmail.com,62******01,successful,499999.65,2025-05
7198,1879,Carol Lane,107,50000.0,Dining Table,Furniture,online,Hyderabad,2025-07-11,4,UPI,0.25,Car*****@outlook.com,83******02,successful,199999.75,2025-07
7199,1512,David Kent,106,80000.0,Sofa,Furniture,online,Delhi,2025-12-26,5,Cash,0.05,Dav*****@gmail.com,69******74,successful,399999.95,2025-12
7200,1569,Rebecca Jensen,108,15000.0,Mixer Grinder,Home,offline,Mumbai,2025-04-27,2,Card,0.35,Reb*****@gmail.com,75******70,successful,29999.65,2025-04
7202,1130,Brian Diaz,101,250000.0,Laptop,Elec,online,Delhi,2026-01-30,2,NetBanking,0.1,Bri*****@outlook.com,82******76,successful,499999.9,2026-01
7203,1343,Michael Smith,106,80000.0,Sofa,Furniture,offline,Bangalore,2025-08-14,4,Cash,0.4,Mic*****@gmail.com,72******68,successful,319999.6,2025-08
7204,1164,Brittany Davis,107,50000.0,Dining Table,Furniture,online,Bangalore,2025-07-07,1,UPI,0.35,Bri*****@gmail.com,84******98,successful,49999.65,2025-07
7205,1159,Steven Jackson,109,65000.0,Refrigerator,Home,offline,Chennai,2025-11-16,4,Cash,0.4,Ste*****@outlook.com,71******33,successful,259999.6,2025-11
7206,1292,Cheryl Willis,108,15000.0,Mixer Grinder,Home Appliances,online,Chennai,2025-10-22,2,UPI,0.15,Che*****@gmail.com,61******54,successful,29999.85,2025-10
7207,1147,Kimberly Martin,104,8000.0,Shoes,Cloth,online,Delhi,2025-11-04,2,NetBanking,0.3,Kim*****@gmail.com,68******66,successful,15999.7,2025-11
7208,1149,Michael Levine,103,1300.0,Shirt,Cloth,online,Hyderabad,2025-08-26,4,NetBanking,0.35,Mic*****@yahoo.com,71******03,successful,5199.65,2025-08
7209,1664,Diane King,107,50000.0,Dining Table,Furn,online,Bangalore,2025-10-20,4,Cash,0.25,Dia*****@yahoo.com,97******28,successful,199999.75,2025-10
7210,1392,William Montgomery,108,15000.0,Mixer Grinder,Home,online,Chennai,2025-04-24,5,Cash,0.1,Wil*****@yahoo.com,87******50,successful,74999.9,2025-04
7211,1045,Natalie Gibson,107,,Dining Table,Furniture,offline,Chennai,2025-05-12,1,UPI,0.25,Nat*****@outlook.com,80******04,successful,,2025-05
7212,1504,Matthew Byrd,109,65000.0,Refrigerator,Home Appliances,offline,Delhi,2025-08-17,1,NetBanking,0.4,Mat*****@outlook.com,75******18,successful,64999.6,2025-08
7214,1063,Renee Liu,106,80000.0,Sofa,Furniture,online,Delhi,2025-05-13,2,UPI,0.15,Ren*****@outlook.com,91******61,successful,159999.85,2025-05
7215,1253,Dawn Ward,106,80000.0,Sofa,Furn,offline,Mumbai,2025-05-13,1,UPI,0.3,Daw*****@gmail.com,62******67,successful,79999.7,2025-05
7217,1159,Steven Jackson,102,70000.0,Phone,Electronics,offline,Chennai,2025-10-14,4,UPI,0.3,Ste*****@outlook.com,71******33,successful,279999.7,2025-10
7218,1820,Emily Davis,103,1300.0,Shirt,Cloth,offline,Chennai,2026-01-26,3,NetBanking,0.35,Emi*****@outlook.com,98******20,successful,3899.65,2026-01
7219,1539,Mitchell Cobb,108,15000.0,Mixer Grinder,Home,online,Mumbai,2026-04-14,1,Cash,0.2,Mit*****@gmail.com,76******33,successful,14999.8,2026-04
7220,1396,Jason Taylor,104,8000.0,Shoes,Clothing,online,Hyderabad,2025-10-29,1,UPI,0.35,Jas*****@yahoo.com,64******16,successful,7999.65,2025-10
7221,1379,Anthony Howard,106,80000.0,Sofa,Furniture,online,Delhi,2025-09-21,1,Card,0.15,Ant*****@gmail.com,81******33,successful,79999.85,2025-09
7222,1516,Alexander Holder,105,45000.0,Tv,Elec,offline,Hyderabad,2025-11-20,1,Card,0.25,Ale*****@yahoo.com,80******94,successful,44999.75,2025-11
7223,1864,Dennis Beard,107,50000.0,Dining Table,Furn,online,Hyderabad,2025-07-12,3,NetBanking,0.1,Den*****@gmail.com,98******10,successful,149999.9,2025-07
7224,1591,Autumn Sanders,101,250000.0,Laptop,Elec,offline,Hyderabad,2026-02-27,5,Card,0.2,Aut*****@gmail.com,64******14,successful,1249999.8,2026-02
7225,1475,Jeremiah Jensen,110,45000.0,Microwave,Home,offline,Delhi,2026-03-12,4,Cash,0.35,Jer*****@gmail.com,87******61,successful,179999.65,2026-03
7227,1297,Travis Wilson,105,45000.0,Tv,Electronics,online,Chennai,2026-08-01,5,UPI,0.35,Tra*****@yahoo.com,85******85,successful,224999.65,2026-08
7229,1710,Dale Black,105,45000.0,Tv,Electronics,online,Chennai,2025-04-27,4,UPI,0.3,Dal*****@yahoo.com,83******80,successful,179999.7,2025-04
7230,1348,William Brown,107,50000.0,Dining Table,Furn,online,Delhi,2026-01-21,1,UPI,0.35,Wil*****@gmail.com,72******70,successful,49999.65,2026-01
7231,1668,Mary Dyer,110,45000.0,Microwave,Home Appliances,online,Bangalore,2026-04-03,5,Card,0.3,Mar*****@outlook.com,81******22,successful,224999.7,2026-04
7232,1630,John Johnson,110,45000.0,Microwave,Home,offline,Hyderabad,2025-11-26,1,NetBanking,0.1,Joh*****@outlook.com,86******01,successful,44999.9,2025-11
7233,1506,Nicholas Ponce,104,8000.0,Shoes,Cloth,online,Mumbai,2025-08-29,3,Card,0.1,Nic*****@gmail.com,60******92,successful,23999.9,2025-08
7235,1951,Edward Madden,106,80000.0,Sofa,Furniture,online,Bangalore,2025-05-31,3,Card,0.3,Edw*****@yahoo.com,60******32,successful,239999.7,2025-05
7236,1114,Anthony Wright,108,15000.0,Mixer Grinder,Home Appliances,offline,Chennai,2025-05-05,3,Cash,0.4,Ant*****@outlook.com,98******13,successful,44999.6,2025-05
7237,1065,Daniel Hughes,102,70000.0,Phone,Elec,online,Chennai,2025-10-09,5,Cash,0.15,Dan*****@outlook.com,60******72,successful,349999.85,2025-10
7238,1146,Eric Patterson,102,70000.0,Phone,Electronics,offline,Mumbai,2025-12-01,4,Card,0.4,Eri*****@outlook.com,80******80,successful,279999.6,2025-12
7239,1406,Preston Baldwin,108,15000.0,Mixer Grinder,Home Appliances,offline,Delhi,2025-06-20,5,Cash,0.3,Pre*****@gmail.com,94******49,successful,74999.7,2025-06
7240,1885,Emma Wolf,105,45000.0,Tv,Electronics,offline,Bangalore,2026-08-04,3,UPI,0.05,Emm*****@yahoo.com,77******63,successful,134999.95,2026-08
7241,1460,Kenneth Dixon,105,45000.0,Tv,Electronics,offline,Chennai,2025-12-22,3,Cash,0.05,Ken*****@gmail.com,78******43,successful,134999.95,2025-12
7243,1616,Mark Taylor,102,70000.0,Phone,Electronics,offline,Mumbai,2025-06-18,3,Card,0.05,Mar*****@outlook.com,86******71,successful,209999.95,2025-06
7244,1713,Carolyn Sanchez,101,250000.0,Laptop,Elec,online,Mumbai,2025-06-09,4,NetBanking,0.05,Car*****@outlook.com,76******68,successful,999999.95,2025-06
7245,1373,Sarah Rodriguez,105,45000.0,Tv,Elec,offline,Delhi,2026-02-27,5,Cash,0.25,Sar*****@yahoo.com,88******01,successful,224999.75,2026-02
7246,1801,Nicole Rogers,104,8000.0,Shoes,Clothing,online,Chennai,2026-03-30,5,Card,0.35,Nic*****@gmail.com,80******92,successful,39999.65,2026-03
7247,1883,Teresa Ford,101,250000.0,Laptop,Electronics,online,Hyderabad,2026-01-09,2,Card,0.1,Ter*****@gmail.com,84******86,successful,499999.9,2026-01
7248,1954,Travis Kerr,105,45000.0,Tv,Elec,online,Chennai,2025-06-12,4,Cash,0.3,Tra*****@yahoo.com,62******03,successful,179999.7,2025-06
7249,1856,Katelyn Wallace,102,70000.0,Phone,Electronics,offline,Delhi,2026-02-14,4,NetBanking,0.1,Kat*****@yahoo.com,85******43,successful,279999.9,2026-02
7250,1580,Thomas Griffin,107,50000.0,Dining Table,Furniture,online,Hyderabad,2026-04-14,5,Card,0.3,Tho*****@yahoo.com,90******90,successful,249999.7,2026-04
7251,1130,Brian Diaz,110,,Microwave,Home Appliances,online,Delhi,2025-06-06,3,UPI,0.3,Bri*****@outlook.com,82******76,successful,,2025-06
7252,1343,Michael Smith,101,250000.0,Laptop,Elec,online,Bangalore,2025-12-24,1,UPI,0.15,Mic*****@gmail.com,72******68,successful,249999.85,2025-12
7253,1537,Valerie Thomas,106,80000.0,Sofa,Furniture,offline,Delhi,2025-01-09,2,Card,0.25,Val*****@outlook.com,84******39,successful,159999.75,2025-01
7254,1457,Carla Smith,104,,Shoes,Clothing,online,Chennai,2025-06-12,3,Cash,0.3,Car*****@yahoo.com,93******95,successful,,2025-06
7255,1336,Kelsey Ochoa,106,80000.0,Sofa,Furniture,offline,Hyderabad,2025-07-03,4,Cash,0.3,Kel*****@gmail.com,85******73,successful,319999.7,2025-07
7256,1697,Wanda Boyd,105,45000.0,Tv,Electronics,offline,Bangalore,2025-12-07,5,UPI,0.2,Wan*****@gmail.com,66******02,successful,224999.8,2025-12
7257,1198,Christopher Villa,107,50000.0,Dining Table,Furn,online,Delhi,2026-02-04,4,Cash,0.35,Chr*****@yahoo.com,79******74,successful,199999.65,2026-02
7258,1434,Ryan Vaughn,106,80000.0,Sofa,Furniture,offline,Chennai,2025-11-14,1,NetBanking,0.25,Rya*****@gmail.com,72******50,successful,79999.75,2025-11
7259,1265,Jane Hines,104,8000.0,Shoes,Clothing,online,Chennai,2025-05-14,3,Card,0.4,Jan*****@outlook.com,82******07,successful,23999.6,2025-05
7260,1806,Michele Lewis,110,45000.0,Microwave,Home,offline,Bangalore,2025-12-23,2,Cash,0.1,Mic*****@yahoo.com,78******42,successful,89999.9,2025-12
7261,1281,Mark Harper,101,250000.0,Laptop,Electronics,offline,Bangalore,2025-05-11,1,Cash,0.05,Mar*****@gmail.com,84******15,successful,249999.95,2025-05
7262,1800,Michael Cook,108,15000.0,Mixer Grinder,Home Appliances,online,Hyderabad,2025-06-02,4,NetBanking,0.15,Mic*****@gmail.com,90******33,successful,59999.85,2025-06
7263,1728,Jeff Walton,103,,Shirt,Clothing,offline,Chennai,2025-03-11,3,UPI,0.05,Jef*****@outlook.com,76******43,successful,,2025-03
7264,1632,Ashley Delgado,104,8000.0,Shoes,Clothing,offline,Hyderabad,2026-01-21,4,Cash,0.35,Ash*****@gmail.com,62******12,successful,31999.65,2026-01
7265,1459,Richard Jensen,103,1300.0,Shirt,Clothing,online,Delhi,2026-01-27,2,NetBanking,0.4,Ric*****@yahoo.com,72******99,successful,2599.6,2026-01
7266,1781,Michael Knox,105,45000.0,Tv,Elec,online,Bangalore,2026-02-08,2,Cash,0.25,Mic*****@gmail.com,87******18,successful,89999.75,2026-02
7267,1033,Craig Osborn,105,45000.0,Tv,Electronics,offline,Mumbai,2025-09-08,1,Cash,0.4,Cra*****@outlook.com,64******63,successful,44999.6,2025-09
7268,1617,Ronald Todd,106,80000.0,Sofa,Furniture,online,Delhi,2025-10-22,4,Cash,0.1,Ron*****@yahoo.com,77******82,successful,319999.9,2025-10
7269,1340,Abigail Schmidt,107,50000.0,Dining Table,Furniture,online,Delhi,2025-06-04,5,UPI,0.4,Abi*****@gmail.com,82******92,successful,249999.6,2025-06
7271,1111,Ashley Stanley,110,45000.0,Microwave,Home Appliances,online,Delhi,2025-04-21,4,UPI,0.2,Ash*****@yahoo.com,93******32,successful,179999.8,2025-04
7272,1649,Kimberly Williams,106,80000.0,Sofa,Furniture,online,Delhi,2025-07-03,2,UPI,0.3,Kim*****@outlook.com,96******93,successful,159999.7,2025-07
7275,1048,Darlene Eaton,105,45000.0,Tv,Elec,online,Delhi,2025-12-12,4,Cash,0.4,Dar*****@yahoo.com,67******39,successful,179999.6,2025-12
7276,1569,Rebecca Jensen,102,70000.0,Phone,Electronics,online,Mumbai,2025-09-01,3,Card,0.15,Reb*****@gmail.com,75******70,successful,209999.85,2025-09
7277,1271,Anita Choi,101,250000.0,Laptop,Electronics,offline,Mumbai,2025-12-30,2,Cash,0.3,Ani*****@yahoo.com,64******65,successful,499999.7,2025-12
7278,1653,Nicole Johnson,109,65000.0,Refrigerator,Home Appliances,online,Mumbai,2025-06-09,2,NetBanking,0.35,Nic*****@outlook.com,98******83,successful,129999.65,2025-06
7280,1276,Thomas Williamson,102,70000.0,Phone,Elec,offline,Mumbai,2026-03-28,4,NetBanking,0.4,Tho*****@outlook.com,90******37,successful,279999.6,2026-03
7281,1795,Justin Drake,104,8000.0,Shoes,Clothing,online,Chennai,2026-04-01,5,UPI,0.3,Jus*****@yahoo.com,70******88,successful,39999.7,2026-04
7282,1727,Scott Valdez,103,1300.0,Shirt,Cloth,online,Mumbai,2026-01-05,2,UPI,0.4,Sco*****@gmail.com,81******62,successful,2599.6,2026-01
7283,1674,Debra Lopez,110,45000.0,Microwave,Home,offline,Delhi,2025-06-07,4,NetBanking,0.2,Deb*****@yahoo.com,87******58,successful,179999.8,2025-06
7284,1877,Elizabeth Barron,103,1300.0,Shirt,Cloth,online,Mumbai,2026-10-03,1,UPI,0.1,Eli*****@gmail.com,64******82,successful,1299.9,2026-10
7285,1311,Elizabeth Peck,110,45000.0,Microwave,Home Appliances,online,Hyderabad,2026-03-09,2,UPI,0.2,Eli*****@yahoo.com,91******30,successful,89999.8,2026-03
7286,1943,Dana Adkins,102,70000.0,Phone,Elec,online,Delhi,2025-10-09,5,NetBanking,0.35,Dan*****@yahoo.com,63******10,successful,349999.65,2025-10
7287,1091,Elaine Austin,110,45000.0,Microwave,Home Appliances,online,Mumbai,2025-07-15,4,Card,0.15,Ela*****@gmail.com,67******11,successful,179999.85,2025-07
7288,1825,Mary Malone,102,70000.0,Phone,Electronics,offline,Delhi,2025-04-19,1,NetBanking,0.1,Mar*****@outlook.com,70******80,successful,69999.9,2025-04
7289,1771,Richard Robinson,107,50000.0,Dining Table,Furn,offline,Chennai,2025-06-19,3,Cash,0.35,Ric*****@gmail.com,70******84,successful,149999.65,2025-06
7290,1359,Jo Barnes,109,65000.0,Refrigerator,Home Appliances,online,Chennai,2025-07-05,5,Card,0.05,Jo9*****@gmail.com,94******78,successful,324999.95,2025-07
7291,1720,Melissa Archer,101,,Laptop,Electronics,offline,Mumbai,2025-06-07,5,UPI,0.3,Mel*****@gmail.com,72******05,successful,,2025-06
7293,1403,Timothy Wright,103,,Shirt,Clothing,online,Mumbai,2025-12-02,5,Card,0.1,Tim*****@gmail.com,93******31,successful,,2025-12
7294,1974,James Davis,110,45000.0,Microwave,Home,offline,Delhi,2025-12-20,1,NetBanking,0.15,Jam*****@outlook.com,70******61,successful,44999.85,2025-12
7296,1514,Stephanie Duncan,101,250000.0,Laptop,Electronics,online,Chennai,2025-04-19,3,Card,0.2,Ste*****@gmail.com,91******60,successful,749999.8,2025-04
7297,1443,Hailey Watson,108,15000.0,Mixer Grinder,Home,online,Bangalore,2025-09-06,1,Cash,0.15,Hai*****@outlook.com,85******65,successful,14999.85,2025-09
7298,1940,Wendy Rogers,110,,Microwave,Home Appliances,online,Mumbai,2025-12-28,2,Cash,0.2,Wen*****@yahoo.com,80******57,successful,,2025-12
7299,1219,Sarah Walsh,106,80000.0,Sofa,Furniture,online,Delhi,2025-09-06,3,UPI,0.2,Sar*****@gmail.com,79******70,successful,239999.8,2025-09
7300,1611,Matthew Deleon,103,1300.0,Shirt,Clothing,offline,Delhi,2025-04-20,3,Cash,0.35,Mat*****@outlook.com,95******81,successful,3899.65,2025-04
7301,1344,Caitlin Hutchinson,104,8000.0,Shoes,Clothing,offline,Mumbai,2026-01-16,2,UPI,0.35,Cai*****@gmail.com,97******76,successful,15999.65,2026-01
7303,1106,Evan Hall,102,,Phone,Electronics,online,Hyderabad,2025-09-26,5,NetBanking,0.05,Eva*****@yahoo.com,87******44,successful,,2025-09
7304,1039,Jessica Powell,104,8000.0,Shoes,Cloth,offline,Mumbai,2025-11-17,2,Cash,0.35,Jes*****@outlook.com,63******15,successful,15999.65,2025-11
7305,1198,Christopher Villa,106,,Sofa,Furniture,offline,Delhi,2025-12-08,5,Card,0.15,Chr*****@yahoo.com,79******74,successful,,2025-12
7307,1756,Mark Lopez,108,,Mixer Grinder,Home Appliances,online,Chennai,2026-02-11,2,Cash,0.2,Mar*****@outlook.com,61******24,successful,,2026-02
7308,1954,Travis Kerr,104,8000.0,Shoes,Clothing,offline,Chennai,2026-01-03,1,Card,0.05,Tra*****@yahoo.com,62******03,successful,7999.95,2026-01
7309,1737,Craig Jones,101,250000.0,Laptop,Electronics,offline,Mumbai,2025-10-23,4,Card,0.25,Cra*****@yahoo.com,87******36,successful,999999.75,2025-10
7310,1311,Elizabeth Peck,110,45000.0,Microwave,Home Appliances,offline,Hyderabad,2025-10-09,2,UPI,0.1,Eli*****@yahoo.com,91******30,successful,89999.9,2025-10
7311,1111,Ashley Stanley,106,80000.0,Sofa,Furniture,offline,Delhi,2026-03-26,1,Card,0.4,Ash*****@yahoo.com,93******32,successful,79999.6,2026-03
7313,1891,Rachael Harper,104,8000.0,Shoes,Clothing,online,Chennai,2025-07-10,2,Cash,0.25,Rac*****@gmail.com,76******29,successful,15999.75,2025-07
7314,1576,Christopher Shepherd,104,8000.0,Shoes,Clothing,online,Bangalore,2026-03-03,2,NetBanking,0.05,Chr*****@yahoo.com,80******15,successful,15999.95,2026-03
7315,1281,Mark Harper,106,80000.0,Sofa,Furn,online,Bangalore,2025-10-08,5,Card,0.4,Mar*****@gmail.com,84******15,successful,399999.6,2025-10
7317,1711,Neil Farley,104,8000.0,Shoes,Cloth,offline,Mumbai,2026-12-03,5,NetBanking,0.1,Nei*****@yahoo.com,71******83,successful,39999.9,2026-12
7318,1561,Dustin Edwards,102,70000.0,Phone,Electronics,offline,Delhi,2026-12-02,4,UPI,0.4,Dus*****@yahoo.com,74******47,successful,279999.6,2026-12
7319,1645,Amy Becker,106,80000.0,Sofa,Furniture,online,Chennai,2025-12-15,3,NetBanking,0.15,Amy*****@yahoo.com,62******91,successful,239999.85,2025-12
7322,1749,Richard Cortez,103,1300.0,Shirt,Clothing,offline,Delhi,2025-07-06,4,UPI,0.15,Ric*****@gmail.com,72******44,successful,5199.85,2025-07
7323,1546,Misty Wyatt,101,250000.0,Laptop,Electronics,offline,Hyderabad,2026-07-02,3,NetBanking,0.1,Mis*****@gmail.com,94******24,successful,749999.9,2026-07
7324,1579,Jennifer Randall,104,8000.0,Shoes,Clothing,online,Hyderabad,2025-06-25,3,UPI,0.35,Jen*****@outlook.com,89******52,successful,23999.65,2025-06
7326,1277,Keith Rodriguez,104,8000.0,Shoes,Clothing,online,Mumbai,2025-09-19,3,UPI,0.35,Kei*****@yahoo.com,86******72,successful,23999.65,2025-09
7327,1883,Teresa Ford,101,,Laptop,Electronics,online,Hyderabad,2026-02-03,4,Card,0.15,Ter*****@gmail.com,84******86,successful,,2026-02
7328,1658,Brian Macdonald,104,,Shoes,Cloth,online,Delhi,2026-04-03,1,NetBanking,0.3,Bri*****@outlook.com,84******60,successful,,2026-04
7329,1224,Diana Patel,103,,Shirt,Cloth,online,Chennai,2025-04-21,1,Card,0.25,Dia*****@yahoo.com,61******98,successful,,2025-04
7330,1601,Jay English,105,45000.0,Tv,Electronics,online,Delhi,2025-04-28,4,UPI,0.2,Jay*****@outlook.com,68******52,successful,179999.8,2025-04
7331,1913,Randy Morrison,102,,Phone,Electronics,offline,Chennai,2025-06-16,3,UPI,0.2,Ran*****@gmail.com,67******88,successful,,2025-06
7334,1161,Lucas Brown,102,,Phone,Electronics,offline,Delhi,2025-05-23,5,UPI,0.2,Luc*****@outlook.com,78******84,successful,,2025-05
7335,1139,Eric Hunter,106,80000.0,Sofa,Furn,online,Delhi,2026-01-25,2,UPI,0.2,Eri*****@outlook.com,79******92,successful,159999.8,2026-01
7336,1025,Michael Young,101,250000.0,Laptop,Elec,online,Mumbai,2026-01-15,1,Cash,0.15,Mic*****@gmail.com,65******90,successful,249999.85,2026-01
7337,1639,John Marshall,106,80000.0,Sofa,Furn,online,Delhi,2026-01-24,3,Cash,0.05,Joh*****@gmail.com,90******27,successful,239999.95,2026-01
7338,1823,Karen Kelley,104,,Shoes,Cloth,online,Bangalore,2025-10-20,4,UPI,0.3,Kar*****@gmail.com,76******64,successful,,2025-10
7339,1424,Karen White,106,80000.0,Sofa,Furniture,offline,Hyderabad,2026-03-13,2,UPI,0.25,Kar*****@gmail.com,97******60,successful,159999.75,2026-03
7340,1999,Patrick Jensen,108,,Mixer Grinder,Home Appliances,online,Bangalore,2025-09-18,4,Cash,0.25,Pat*****@gmail.com,72******11,successful,,2025-09
7341,1309,Jonathan Turner,108,15000.0,Mixer Grinder,Home Appliances,online,Hyderabad,2025-09-09,5,Card,0.25,Jon*****@outlook.com,92******06,successful,74999.75,2025-09
7342,1776,Jason Johns,109,65000.0,Refrigerator,Home Appliances,offline,Chennai,2026-03-15,3,Cash,0.15,Jas*****@gmail.com,91******61,successful,194999.85,2026-03
7343,1444,Kerri Ortega,109,65000.0,Refrigerator,Home Appliances,online,Hyderabad,2026-01-09,4,UPI,0.25,Ker*****@gmail.com,71******91,successful,259999.75,2026-01
7346,1837,Jennifer Thomas,101,250000.0,Laptop,Elec,offline,Delhi,2025-05-23,3,UPI,0.4,Jen*****@gmail.com,60******33,successful,749999.6,2025-05
7347,1276,Thomas Williamson,101,250000.0,Laptop,Electronics,online,Mumbai,2025-10-01,5,UPI,0.15,Tho*****@outlook.com,90******37,successful,1249999.85,2025-10
7349,1725,Sarah Wall,106,80000.0,Sofa,Furn,online,Hyderabad,2025-06-12,1,NetBanking,0.1,Sar*****@gmail.com,91******85,successful,79999.9,2025-06
7351,1592,Stephanie Buchanan,104,8000.0,Shoes,Cloth,offline,Chennai,2026-04-14,4,Card,0.05,Ste*****@outlook.com,95******68,successful,31999.95,2026-04
7352,1008,James Barnes,101,250000.0,Laptop,Elec,online,Mumbai,2025-06-25,2,UPI,0.35,Jam*****@gmail.com,64******07,successful,499999.65,2025-06
7354,1149,Michael Levine,104,8000.0,Shoes,Cloth,online,Hyderabad,2025-07-20,3,NetBanking,0.25,Mic*****@yahoo.com,71******03,successful,23999.75,2025-07
7355,1574,Helen Cooley,108,15000.0,Mixer Grinder,Home Appliances,offline,Bangalore,2025-08-29,5,Card,0.05,Hel*****@gmail.com,63******65,successful,74999.95,2025-08
7356,1920,Caitlin Stokes,105,,Tv,Elec,offline,Chennai,2026-01-23,1,UPI,0.3,Cai*****@gmail.com,61******28,successful,,2026-01
7357,1870,Thomas Lambert,110,45000.0,Microwave,Home,online,Hyderabad,2025-04-26,3,UPI,0.35,Tho*****@gmail.com,88******16,successful,134999.65,2025-04
7359,1629,Jonathon Wallace,103,1300.0,Shirt,Clothing,offline,Hyderabad,2025-09-18,4,NetBanking,0.35,Jon*****@yahoo.com,71******72,successful,5199.65,2025-09
7360,1242,John Ward,103,1300.0,Shirt,Clothing,offline,Mumbai,2025-07-23,1,NetBanking,0.15,Joh*****@outlook.com,74******39,successful,1299.85,2025-07
7361,1336,Kelsey Ochoa,101,,Laptop,Elec,online,Hyderabad,2025-12-23,1,Cash,0.25,Kel*****@gmail.com,85******73,successful,,2025-12
7364,1380,Victoria Patterson,109,65000.0,Refrigerator,Home Appliances,offline,Mumbai,2025-09-21,3,NetBanking,0.25,Vic*****@outlook.com,76******33,successful,194999.75,2025-09
7365,1436,Charles Osborne,109,65000.0,Refrigerator,Home,online,Hyderabad,2026-04-10,1,Card,0.35,Cha*****@yahoo.com,86******02,successful,64999.65,2026-04
7366,1658,Brian Macdonald,105,45000.0,Tv,Elec,offline,Delhi,2025-09-06,3,Cash,0.35,Bri*****@outlook.com,84******60,successful,134999.65,2025-09
7368,1102,Christine Cooper,109,65000.0,Refrigerator,Home,online,Hyderabad,2025-09-17,4,UPI,0.25,Chr*****@yahoo.com,67******30,successful,259999.75,2025-09
7369,1308,Stephanie Young,103,1300.0,Shirt,Clothing,online,Hyderabad,2026-02-02,1,UPI,0.4,Ste*****@gmail.com,83******67,successful,1299.6,2026-02
7370,1324,Carol Cordova,106,80000.0,Sofa,Furniture,offline,Mumbai,2025-06-18,3,UPI,0.1,Car*****@outlook.com,76******10,successful,239999.9,2025-06
7371,1017,Robert Jones,104,8000.0,Shoes,Clothing,online,Mumbai,2025-11-30,4,Cash,0.1,Rob*****@outlook.com,62******70,successful,31999.9,2025-11
7372,1085,Jennifer Taylor,109,65000.0,Refrigerator,Home Appliances,offline,Delhi,2025-04-23,4,Card,0.25,Jen*****@outlook.com,73******85,successful,259999.75,2025-04
7373,1248,Emily Landry,105,45000.0,Tv,Elec,online,Mumbai,2025-06-25,1,Cash,0.2,Emi*****@gmail.com,79******88,successful,44999.8,2025-06
7374,1033,Craig Osborn,105,45000.0,Tv,Elec,offline,Mumbai,2026-01-05,3,Card,0.3,Cra*****@outlook.com,64******63,successful,134999.7,2026-01
7376,1533,Stephanie Todd,103,1300.0,Shirt,Cloth,offline,Mumbai,2025-11-30,5,UPI,0.35,Ste*****@gmail.com,61******86,successful,6499.65,2025-11
7377,1431,Michael White,104,8000.0,Shoes,Clothing,online,Chennai,2025-08-02,4,NetBanking,0.1,Mic*****@outlook.com,99******90,successful,31999.9,2025-08
7378,1624,Krista Miller,107,50000.0,Dining Table,Furniture,online,Chennai,2025-10-19,3,Cash,0.05,Kri*****@outlook.com,66******50,successful,149999.95,2025-10
7379,1352,Susan Johnson,106,80000.0,Sofa,Furn,online,Chennai,2025-07-02,1,Cash,0.35,Sus*****@outlook.com,77******56,successful,79999.65,2025-07
7380,1201,Kimberly Lawrence,102,70000.0,Phone,Elec,offline,Mumbai,2025-07-02,1,Card,0.05,Kim*****@gmail.com,71******07,successful,69999.95,2025-07
7381,1744,Sarah Jones,104,8000.0,Shoes,Clothing,online,Hyderabad,2025-07-17,5,UPI,0.4,Sar*****@yahoo.com,92******63,successful,39999.6,2025-07
7382,1738,Tiffany Monroe,104,8000.0,Shoes,Cloth,online,Bangalore,2025-10-14,5,Cash,0.15,Tif*****@outlook.com,73******88,successful,39999.85,2025-10
7384,1285,Ryan Dawson,102,70000.0,Phone,Electronics,online,Mumbai,2025-07-04,1,Cash,0.35,Rya*****@gmail.com,81******46,successful,69999.65,2025-07
7385,1758,Donald Mendez,109,65000.0,Refrigerator,Home Appliances,online,Chennai,2025-05-18,5,NetBanking,0.3,Don*****@gmail.com,66******01,successful,324999.7,2025-05
7386,1632,Ashley Delgado,103,1300.0,Shirt,Cloth,online,Hyderabad,2025-08-30,2,Card,0.2,Ash*****@gmail.com,62******12,successful,2599.8,2025-08
7387,1994,Laurie Barnes,106,80000.0,Sofa,Furniture,online,Hyderabad,2025-04-24,5,Card,0.1,Lau*****@yahoo.com,77******67,successful,399999.9,2025-04
7388,1767,Chelsea Booth,108,15000.0,Mixer Grinder,Home,offline,Bangalore,2025-02-12,4,Cash,0.4,Che*****@gmail.com,66******06,successful,59999.6,2025-02
7389,1379,Anthony Howard,105,,Tv,Electronics,offline,Delhi,2026-02-04,4,UPI,0.25,Ant*****@gmail.com,81******33,successful,,2026-02
7390,1020,Julie Lester,104,8000.0,Shoes,Cloth,online,Bangalore,2026-02-13,1,UPI,0.35,Jul*****@gmail.com,67******94,successful,7999.65,2026-02
7393,1075,Peter Long,102,70000.0,Phone,Elec,offline,Chennai,2025-04-28,1,NetBanking,0.25,Pet*****@outlook.com,77******41,successful,69999.75,2025-04
7394,1449,Alan Keith,102,70000.0,Phone,Elec,offline,Delhi,2026-02-13,3,Card,0.1,Ala*****@gmail.com,91******05,successful,209999.9,2026-02
7395,1616,Mark Taylor,108,,Mixer Grinder,Home,offline,Mumbai,2025-09-06,1,Card,0.4,Mar*****@outlook.com,86******71,successful,,2025-09
7396,1229,Alexis Miranda,103,1300.0,Shirt,Clothing,online,Bangalore,2025-07-25,5,NetBanking,0.05,Ale*****@gmail.com,95******01,successful,6499.95,2025-07
7397,1885,Emma Wolf,102,70000.0,Phone,Elec,offline,Bangalore,2025-04-27,2,Card,0.35,Emm*****@yahoo.com,77******63,successful,139999.65,2025-04
7398,1591,Autumn Sanders,108,15000.0,Mixer Grinder,Home,offline,Hyderabad,2026-02-14,4,Card,0.35,Aut*****@gmail.com,64******14,successful,59999.65,2026-02
7399,1519,Rebecca Contreras,103,1300.0,Shirt,Clothing,online,Bangalore,2026-02-05,1,Card,0.3,Reb*****@outlook.com,72******36,successful,1299.7,2026-02
7400,1828,Sheila Hunt,105,45000.0,Tv,Elec,online,Bangalore,2026-01-10,3,Card,0.05,She*****@yahoo.com,76******76,successful,134999.95,2026-01
7401,1956,Pamela Fernandez,108,15000.0,Mixer Grinder,Home Appliances,offline,Hyderabad,2025-11-28,5,UPI,0.25,Pam*****@outlook.com,83******69,successful,74999.75,2025-11
7402,1966,George Moreno,109,65000.0,Refrigerator,Home Appliances,online,Chennai,2025-07-13,4,Card,0.15,Geo*****@outlook.com,78******26,successful,259999.85,2025-07
7404,1975,Timothy Nichols,108,15000.0,Mixer Grinder,Home,online,Bangalore,2026-03-14,2,Card,0.1,Tim*****@gmail.com,78******86,successful,29999.9,2026-03
7405,1532,Heather Garcia,105,45000.0,Tv,Elec,online,Delhi,2025-06-22,4,Cash,0.35,Hea*****@outlook.com,99******06,successful,179999.65,2025-06
7406,1828,Sheila Hunt,101,250000.0,Laptop,Elec,online,Bangalore,2025-11-12,4,Cash,0.35,She*****@yahoo.com,76******76,successful,999999.65,2025-11
7408,1006,Martin Williams,108,15000.0,Mixer Grinder,Home Appliances,online,Mumbai,2025-04-28,2,Cash,0.4,Mar*****@outlook.com,75******10,successful,29999.6,2025-04
7409,1458,Mark Morse,104,8000.0,Shoes,Clothing,offline,Hyderabad,2025-09-10,3,Card,0.25,Mar*****@gmail.com,77******65,successful,23999.75,2025-09
7410,1896,Chelsea Roberts,107,50000.0,Dining Table,Furn,online,Chennai,2025-10-06,3,NetBanking,0.35,Che*****@gmail.com,73******07,successful,149999.65,2025-10
7411,1392,William Montgomery,105,45000.0,Tv,Elec,offline,Chennai,2026-03-13,5,NetBanking,0.05,Wil*****@yahoo.com,87******50,successful,224999.95,2026-03
7412,1537,Valerie Thomas,103,1300.0,Shirt,Clothing,offline,Delhi,2026-01-03,2,UPI,0.35,Val*****@outlook.com,84******39,successful,2599.65,2026-01
7414,1233,Heather Reilly,110,45000.0,Microwave,Home Appliances,offline,Bangalore,2025-10-22,5,Card,0.3,Hea*****@gmail.com,95******68,successful,224999.7,2025-10
7415,1607,Adrian Singleton,109,65000.0,Refrigerator,Home Appliances,offline,Mumbai,2025-04-19,1,UPI,0.05,Adr*****@yahoo.com,88******94,successful,64999.95,2025-04
7416,1516,Alexander Holder,104,,Shoes,Clothing,online,Hyderabad,2025-10-23,2,NetBanking,0.1,Ale*****@yahoo.com,80******94,successful,,2025-10
7417,1215,Christopher Thomas,102,,Phone,Electronics,offline,Hyderabad,2025-08-24,3,Cash,0.25,Chr*****@yahoo.com,90******81,successful,,2025-08
7418,1445,Samantha Clark,104,8000.0,Shoes,Cloth,offline,Chennai,2025-08-18,2,UPI,0.15,Sam*****@gmail.com,78******17,successful,15999.85,2025-08
7420,1550,Sierra Anderson,101,250000.0,Laptop,Electronics,online,Mumbai,2025-10-31,1,NetBanking,0.4,Sie*****@outlook.com,93******06,successful,249999.6,2025-10
7421,1250,Brooke Santiago,104,8000.0,Shoes,Cloth,online,Delhi,2025-11-26,5,UPI,0.35,Bro*****@gmail.com,67******76,successful,39999.65,2025-11
7423,1296,Calvin Powell,104,8000.0,Shoes,Clothing,online,Mumbai,2025-09-05,4,Card,0.4,Cal*****@outlook.com,87******92,successful,31999.6,2025-09
7424,1763,Daniel Washington,107,,Dining Table,Furn,offline,Hyderabad,2025-10-22,3,NetBanking,0.3,Dan*****@outlook.com,71******22,successful,,2025-10
7425,1872,Jennifer Hogan,110,45000.0,Microwave,Home Appliances,online,Bangalore,2025-08-27,5,Card,0.35,Jen*****@gmail.com,81******64,successful,224999.65,2025-08
7426,1263,Morgan Daniel,108,15000.0,Mixer Grinder,Home Appliances,offline,Chennai,2026-06-01,5,NetBanking,0.25,Mor*****@outlook.com,73******48,successful,74999.75,2026-06
7427,1528,Zachary Curry,103,1300.0,Shirt,Cloth,online,Hyderabad,2025-07-19,5,UPI,0.25,Zac*****@yahoo.com,91******30,successful,6499.75,2025-07
7428,1898,Thomas Levy,107,50000.0,Dining Table,Furn,offline,Chennai,2026-02-07,4,Cash,0.2,Tho*****@gmail.com,61******13,successful,199999.8,2026-02
7430,1155,James Jones,106,,Sofa,Furniture,offline,Mumbai,2025-12-16,5,Cash,0.05,Jam*****@yahoo.com,63******86,successful,,2025-12
7431,1842,Andrew Thompson,109,65000.0,Refrigerator,Home Appliances,offline,Mumbai,2025-04-28,5,Card,0.35,And*****@gmail.com,94******34,successful,324999.65,2025-04
7432,1489,Kevin Hall,103,1300.0,Shirt,Cloth,offline,Hyderabad,2025-06-20,5,Cash,0.4,Kev*****@yahoo.com,68******13,successful,6499.6,2025-06
7433,1283,Dwayne Newman,103,1300.0,Shirt,Clothing,offline,Hyderabad,2025-11-30,4,UPI,0.15,Dwa*****@outlook.com,83******73,successful,5199.85,2025-11
7436,1598,Randall Kennedy,110,45000.0,Microwave,Home Appliances,online,Delhi,2025-05-05,3,UPI,0.05,Ran*****@gmail.com,68******86,successful,134999.95,2025-05
7437,1613,Deborah Cortez,101,250000.0,Laptop,Elec,online,Mumbai,2025-05-19,1,Cash,0.3,Deb*****@gmail.com,93******18,successful,249999.7,2025-05
7438,1732,Heather Ward,105,45000.0,Tv,Electronics,offline,Mumbai,2025-11-30,2,Card,0.4,Hea*****@yahoo.com,97******74,successful,89999.6,2025-11
7439,1960,Jacob Williams,108,15000.0,Mixer Grinder,Home Appliances,offline,Bangalore,2025-04-08,3,Card,0.25,Jac*****@gmail.com,83******43,successful,44999.75,2025-04
7441,1589,Kimberly Navarro,105,45000.0,Tv,Elec,offline,Mumbai,2026-09-04,5,NetBanking,0.4,Kim*****@outlook.com,88******71,successful,224999.6,2026-09
7443,1801,Nicole Rogers,101,,Laptop,Electronics,offline,Chennai,2025-04-29,3,Card,0.05,Nic*****@gmail.com,80******92,successful,,2025-04
7445,1280,Sara Young,107,50000.0,Dining Table,Furn,offline,Chennai,2025-09-27,4,Cash,0.35,Sar*****@gmail.com,64******30,successful,199999.65,2025-09
7446,1195,Michael Collins,101,250000.0,Laptop,Electronics,online,Bangalore,2025-10-06,4,NetBanking,0.2,Mic*****@outlook.com,83******64,successful,999999.8,2025-10
7447,1827,Monique Lee,109,65000.0,Refrigerator,Home Appliances,online,Delhi,2025-08-03,4,UPI,0.4,Mon*****@gmail.com,97******44,successful,259999.6,2025-08
7449,1715,Justin Lin,106,80000.0,Sofa,Furniture,online,Hyderabad,2025-12-28,3,Card,0.35,Jus*****@gmail.com,97******29,successful,239999.65,2025-12
7451,1099,Mike Sanders,109,65000.0,Refrigerator,Home Appliances,offline,Mumbai,2025-12-11,4,Card,0.05,Mik*****@gmail.com,86******33,successful,259999.95,2025-12
7453,1627,Matthew Osborn,107,50000.0,Dining Table,Furniture,online,Delhi,2025-02-10,3,NetBanking,0.15,Mat*****@yahoo.com,61******40,successful,149999.85,2025-02
7454,1456,Edwin Valenzuela,106,80000.0,Sofa,Furn,offline,Delhi,2025-08-26,2,Cash,0.05,Edw*****@gmail.com,79******65,successful,159999.95,2025-08
7455,1649,Kimberly Williams,106,80000.0,Sofa,Furniture,offline,Delhi,2025-07-08,1,Cash,0.2,Kim*****@outlook.com,96******93,successful,79999.8,2025-07
7457,1609,Brian Johnson,103,1300.0,Shirt,Clothing,online,Chennai,2025-07-02,2,Card,0.3,Bri*****@gmail.com,95******76,successful,2599.7,2025-07
7458,1630,John Johnson,105,45000.0,Tv,Electronics,online,Hyderabad,2025-05-09,5,UPI,0.35,Joh*****@outlook.com,86******01,successful,224999.65,2025-05
7459,1060,John Barron,108,15000.0,Mixer Grinder,Home Appliances,offline,Mumbai,2025-08-24,4,Cash,0.05,Joh*****@outlook.com,85******62,successful,59999.95,2025-08
7460,1561,Dustin Edwards,101,250000.0,Laptop,Electronics,online,Delhi,2025-05-07,2,UPI,0.2,Dus*****@yahoo.com,74******47,successful,499999.8,2025-05
7461,1182,Nancy Jones,108,15000.0,Mixer Grinder,Home Appliances,offline,Delhi,2026-01-02,4,Cash,0.1,Nan*****@outlook.com,99******38,successful,59999.9,2026-01
7462,1487,Joshua Taylor,108,15000.0,Mixer Grinder,Home Appliances,offline,Hyderabad,2025-06-05,4,NetBanking,0.3,Jos*****@outlook.com,87******85,successful,59999.7,2025-06
7463,1381,Cassandra Green,109,65000.0,Refrigerator,Home Appliances,online,Bangalore,2025-10-04,1,Cash,0.05,Cas*****@gmail.com,80******51,successful,64999.95,2025-10
7466,1910,Shelby Barnett,110,45000.0,Microwave,Home,online,Hyderabad,2025-09-30,1,Cash,0.1,She*****@yahoo.com,66******34,successful,44999.9,2025-09
7467,1656,Brandon Powell,110,,Microwave,Home Appliances,online,Chennai,2025-12-14,1,Card,0.05,Bra*****@gmail.com,93******06,successful,,2025-12
7468,1831,Benjamin Wu,107,50000.0,Dining Table,Furn,online,Chennai,2025-04-24,1,Card,0.15,Ben*****@gmail.com,85******40,successful,49999.85,2025-04
7469,1088,Duane Smith,101,250000.0,Laptop,Elec,online,Bangalore,2026-01-28,4,Cash,0.25,Dua*****@gmail.com,93******68,successful,999999.75,2026-01
7470,1392,William Montgomery,105,45000.0,Tv,Electronics,offline,Chennai,2026-04-12,4,Card,0.25,Wil*****@yahoo.com,87******50,successful,179999.75,2026-04
7472,1943,Dana Adkins,104,8000.0,Shoes,Clothing,offline,Delhi,2025-11-21,3,Cash,0.1,Dan*****@yahoo.com,63******10,successful,23999.9,2025-11
7473,1184,Oscar Tucker,102,70000.0,Phone,Electronics,offline,Delhi,2025-05-20,4,NetBanking,0.25,Osc*****@gmail.com,83******09,successful,279999.75,2025-05
7474,1492,Benjamin Thomas,103,1300.0,Shirt,Clothing,offline,Chennai,2025-05-07,1,Cash,0.4,Ben*****@outlook.com,77******09,successful,1299.6,2025-05
7475,1236,Jason Powell,104,8000.0,Shoes,Clothing,offline,Mumbai,2025-10-20,3,Card,0.3,Jas*****@yahoo.com,68******14,successful,23999.7,2025-10
7476,1522,Colin Pope,107,50000.0,Dining Table,Furniture,online,Mumbai,2026-03-14,5,Card,0.05,Col*****@gmail.com,92******02,successful,249999.95,2026-03
7477,1324,Carol Cordova,105,45000.0,Tv,Electronics,offline,Mumbai,2026-09-01,5,Cash,0.35,Car*****@outlook.com,76******10,successful,224999.65,2026-09
7478,1354,Jordan Donaldson,106,80000.0,Sofa,Furniture,offline,Bangalore,2025-08-28,1,UPI,0.15,Jor*****@gmail.com,70******32,successful,79999.85,2025-08
7479,1965,Ana Ross,105,45000.0,Tv,Elec,offline,Bangalore,2025-09-05,5,Cash,0.4,Ana*****@gmail.com,68******96,successful,224999.6,2025-09
7480,1347,George Hill,107,50000.0,Dining Table,Furn,offline,Chennai,2026-04-12,1,Cash,0.1,Geo*****@gmail.com,96******92,successful,49999.9,2026-04
7481,1737,Craig Jones,105,,Tv,Electronics,offline,Mumbai,2025-05-14,1,UPI,0.4,Cra*****@yahoo.com,87******36,successful,,2025-05
7482,1836,Valerie Hayes,103,,Shirt,Clothing,online,Chennai,2025-06-04,2,NetBanking,0.1,Val*****@gmail.com,96******69,successful,,2025-06
7483,1277,Keith Rodriguez,110,,Microwave,Home Appliances,online,Mumbai,2026-04-12,2,NetBanking,0.05,Kei*****@yahoo.com,86******72,successful,,2026-04
7485,1663,Michael Holder,104,,Shoes,Clothing,offline,Chennai,2026-03-14,3,UPI,0.25,Mic*****@outlook.com,81******32,successful,,2026-03
7486,1634,Mark Cook,106,80000.0,Sofa,Furniture,online,Mumbai,2025-10-08,4,UPI,0.35,Mar*****@outlook.com,73******64,successful,319999.65,2025-10
7487,1460,Kenneth Dixon,103,,Shirt,Clothing,offline,Chennai,2025-07-27,3,UPI,0.1,Ken*****@gmail.com,78******43,successful,,2025-07
7488,1081,Robert Lucas,104,8000.0,Shoes,Cloth,online,Hyderabad,2026-03-01,1,Cash,0.05,Rob*****@outlook.com,67******15,successful,7999.95,2026-03
7489,1662,Matthew Brown,102,70000.0,Phone,Electronics,offline,Mumbai,2025-12-02,1,UPI,0.3,Mat*****@gmail.com,76******09,successful,69999.7,2025-12
7490,1099,Mike Sanders,109,65000.0,Refrigerator,Home,online,Mumbai,2025-07-08,4,NetBanking,0.3,Mik*****@gmail.com,86******33,successful,259999.7,2025-07
7491,1417,Michael Wade,101,250000.0,Laptop,Electronics,offline,Chennai,2025-04-07,4,UPI,0.35,Mic*****@outlook.com,97******22,successful,999999.65,2025-04
7492,1388,Justin Reyes,101,250000.0,Laptop,Electronics,online,Hyderabad,2025-07-11,3,NetBanking,0.05,Jus*****@gmail.com,71******03,successful,749999.95,2025-07
7493,1303,Dustin Carter,103,1300.0,Shirt,Cloth,offline,Delhi,2026-01-04,4,NetBanking,0.15,Dus*****@gmail.com,77******62,successful,5199.85,2026-01
7494,1804,Beth Berry,104,8000.0,Shoes,Clothing,offline,Bangalore,2025-05-18,1,UPI,0.35,Bet*****@gmail.com,69******21,successful,7999.65,2025-05
7495,1256,Brooke Miller,105,45000.0,Tv,Elec,online,Bangalore,2026-03-08,1,Card,0.2,Bro*****@yahoo.com,73******47,successful,44999.8,2026-03
7498,1617,Ronald Todd,101,250000.0,Laptop,Elec,online,Delhi,2025-09-07,2,Card,0.15,Ron*****@yahoo.com,77******82,successful,499999.85,2025-09
7499,1460,Kenneth Dixon,106,80000.0,Sofa,Furniture,offline,Chennai,2026-02-02,5,Card,0.4,Ken*****@gmail.com,78******43,successful,399999.6,2026-02
7500,1016,Patricia Noble,108,15000.0,Mixer Grinder,Home Appliances,offline,Delhi,2026-02-19,1,Card,0.35,Pat*****@yahoo.com,81******26,successful,14999.65,2026-02
7501,1283,Dwayne Newman,108,15000.0,Mixer Grinder,Home Appliances,online,Hyderabad,2025-06-04,1,NetBanking,0.05,Dwa*****@outlook.com,83******73,successful,14999.95,2025-06
7503,1397,Joshua Zavala,101,250000.0,Laptop,Electronics,online,Bangalore,2025-05-02,5,UPI,0.25,Jos*****@gmail.com,65******32,successful,1249999.75,2025-05
7504,1505,Edgar Jones,110,45000.0,Microwave,Home,offline,Mumbai,2025-09-20,5,Cash,0.2,Edg*****@outlook.com,70******23,successful,224999.8,2025-09
7505,1470,Suzanne Miranda,105,45000.0,Tv,Electronics,online,Chennai,2025-08-10,1,Card,0.2,Suz*****@outlook.com,68******57,successful,44999.8,2025-08
7507,1879,Carol Lane,110,,Microwave,Home,offline,Hyderabad,2025-11-04,2,UPI,0.05,Car*****@outlook.com,83******02,successful,,2025-11
7508,1577,Diana Brewer,101,250000.0,Laptop,Electronics,offline,Bangalore,2025-10-06,1,Cash,0.05,Dia*****@gmail.com,68******19,successful,249999.95,2025-10
7510,1826,Benjamin Chan,107,50000.0,Dining Table,Furn,offline,Chennai,2026-01-23,3,Card,0.1,Ben*****@yahoo.com,68******64,successful,149999.9,2026-01
7511,1823,Karen Kelley,106,80000.0,Sofa,Furniture,online,Bangalore,2026-03-20,4,Card,0.3,Kar*****@gmail.com,76******64,successful,319999.7,2026-03
7512,1275,Mary Lawrence,108,15000.0,Mixer Grinder,Home Appliances,online,Delhi,2025-10-26,5,Cash,0.05,Mar*****@yahoo.com,85******23,successful,74999.95,2025-10
7513,1277,Keith Rodriguez,102,70000.0,Phone,Electronics,online,Mumbai,2025-11-12,3,NetBanking,0.35,Kei*****@yahoo.com,86******72,successful,209999.65,2025-11
7514,1008,James Barnes,107,50000.0,Dining Table,Furniture,offline,Mumbai,2026-02-08,2,Cash,0.15,Jam*****@gmail.com,64******07,successful,99999.85,2026-02
7515,1615,Mark Charles,104,8000.0,Shoes,Clothing,offline,Bangalore,2025-11-30,4,Cash,0.2,Mar*****@outlook.com,94******75,successful,31999.8,2025-11
7518,1248,Emily Landry,110,45000.0,Microwave,Home Appliances,offline,Mumbai,2026-03-15,3,Cash,0.25,Emi*****@gmail.com,79******88,successful,134999.75,2026-03
7519,1335,James Lewis,102,70000.0,Phone,Electronics,online,Delhi,2025-08-30,5,Cash,0.15,Jam*****@yahoo.com,70******40,successful,349999.85,2025-08
7520,1931,Amy Mccall,109,65000.0,Refrigerator,Home Appliances,offline,Bangalore,2025-06-15,1,UPI,0.3,Amy*****@gmail.com,75******53,successful,64999.7,2025-06
7524,1342,Hunter Adams,101,250000.0,Laptop,Elec,online,Hyderabad,2025-07-10,2,NetBanking,0.25,Hun*****@outlook.com,72******86,successful,499999.75,2025-07
7526,1848,Michelle Myers,105,45000.0,Tv,Electronics,offline,Hyderabad,2025-05-11,3,UPI,0.2,Mic*****@gmail.com,62******97,successful,134999.8,2025-05
7529,1856,Katelyn Wallace,107,50000.0,Dining Table,Furniture,online,Delhi,2025-08-07,5,UPI,0.35,Kat*****@yahoo.com,85******43,successful,249999.65,2025-08
7530,1781,Michael Knox,107,50000.0,Dining Table,Furniture,online,Bangalore,2025-10-20,1,Card,0.15,Mic*****@gmail.com,87******18,successful,49999.85,2025-10
7532,1548,Christina Porter,107,50000.0,Dining Table,Furniture,online,Hyderabad,2025-11-29,1,Cash,0.15,Chr*****@yahoo.com,77******59,successful,49999.85,2025-11
7533,1948,Jerry Campbell,104,8000.0,Shoes,Clothing,offline,Delhi,2026-02-15,2,Card,0.4,Jer*****@outlook.com,65******67,successful,15999.6,2026-02
7537,1042,Richard Nguyen,103,1300.0,Shirt,Clothing,online,Delhi,2026-02-12,2,Cash,0.4,Ric*****@gmail.com,94******91,successful,2599.6,2026-02
7538,1262,Jessica Hawkins,110,45000.0,Microwave,Home,offline,Delhi,2025-11-02,3,UPI,0.1,Jes*****@gmail.com,73******77,successful,134999.9,2025-11
7540,1657,Kenneth Swanson,107,50000.0,Dining Table,Furniture,online,Bangalore,2025-07-20,4,Cash,0.1,Ken*****@outlook.com,63******67,successful,199999.9,2025-07
7541,1135,Brian Foster,107,50000.0,Dining Table,Furniture,offline,Hyderabad,2026-03-27,3,NetBanking,0.2,Bri*****@gmail.com,91******85,successful,149999.8,2026-03
7542,1219,Sarah Walsh,103,1300.0,Shirt,Clothing,offline,Delhi,2026-03-28,3,Cash,0.25,Sar*****@gmail.com,79******70,successful,3899.75,2026-03
7543,1623,William Edwards,110,45000.0,Microwave,Home,online,Mumbai,2026-11-03,5,Card,0.4,Wil*****@gmail.com,71******09,successful,224999.6,2026-11
7544,1174,Kathleen Anderson,106,80000.0,Sofa,Furniture,online,Hyderabad,2025-04-07,2,Card,0.1,Kat*****@gmail.com,81******21,successful,159999.9,2025-04
7546,1029,Kimberly Montes,110,45000.0,Microwave,Home,offline,Chennai,2025-07-11,1,Card,0.4,Kim*****@outlook.com,76******80,successful,44999.6,2025-07
7548,1442,Donna Jackson,106,80000.0,Sofa,Furniture,offline,Bangalore,2026-04-04,5,Card,0.2,Don*****@gmail.com,86******85,successful,399999.8,2026-04
7549,1578,Alexander Peterson,106,,Sofa,Furniture,offline,Chennai,2025-11-07,4,UPI,0.3,Ale*****@gmail.com,84******09,successful,,2025-11
7550,1758,Donald Mendez,106,80000.0,Sofa,Furn,online,Chennai,2026-01-31,1,Card,0.35,Don*****@gmail.com,66******01,successful,79999.65,2026-01
7551,1548,Christina Porter,105,45000.0,Tv,Elec,online,Hyderabad,2025-11-12,2,Cash,0.4,Chr*****@yahoo.com,77******59,successful,89999.6,2025-11
7552,1770,Daniel Lester,107,50000.0,Dining Table,Furn,online,Chennai,2025-12-30,3,UPI,0.35,Dan*****@gmail.com,72******11,successful,149999.65,2025-12
7553,1426,Donna Burns,109,65000.0,Refrigerator,Home,online,Bangalore,2025-02-12,2,NetBanking,0.15,Don*****@gmail.com,97******03,successful,129999.85,2025-02
7554,1113,Jason Russell,103,1300.0,Shirt,Clothing,online,Bangalore,2025-09-21,1,Cash,0.35,Jas*****@yahoo.com,97******00,successful,1299.65,2025-09
7555,1173,Wendy Keith,110,45000.0,Microwave,Home Appliances,offline,Bangalore,2026-03-03,3,Card,0.2,Wen*****@outlook.com,98******06,successful,134999.8,2026-03
7556,1108,Margaret Green,106,80000.0,Sofa,Furniture,offline,Bangalore,2025-09-10,1,NetBanking,0.05,Mar*****@outlook.com,77******45,successful,79999.95,2025-09
7558,1191,Jeremy Werner,102,70000.0,Phone,Electronics,online,Bangalore,2026-01-03,5,UPI,0.1,Jer*****@outlook.com,70******55,successful,349999.9,2026-01
7559,1981,Jennifer Foster,110,45000.0,Microwave,Home Appliances,online,Chennai,2025-05-23,3,UPI,0.35,Jen*****@outlook.com,96******94,successful,134999.65,2025-05
7562,1044,Joseph Stephens,101,250000.0,Laptop,Elec,offline,Hyderabad,2026-01-25,5,NetBanking,0.4,Jos*****@yahoo.com,69******83,successful,1249999.6,2026-01
7563,1630,John Johnson,108,,Mixer Grinder,Home,offline,Hyderabad,2025-07-27,3,Card,0.4,Joh*****@outlook.com,86******01,successful,,2025-07
7564,1440,James Edwards,107,50000.0,Dining Table,Furniture,offline,Delhi,2026-02-17,1,Card,0.25,Jam*****@outlook.com,82******70,successful,49999.75,2026-02
7565,1914,Miranda Sanchez,108,15000.0,Mixer Grinder,Home Appliances,offline,Chennai,2025-08-23,5,UPI,0.35,Mir*****@gmail.com,78******77,successful,74999.65,2025-08
7566,1103,Steven Martinez,102,70000.0,Phone,Elec,offline,Mumbai,2025-08-20,2,UPI,0.3,Ste*****@gmail.com,63******77,successful,139999.7,2025-08
7567,1606,David Burgess,107,50000.0,Dining Table,Furniture,offline,Bangalore,2025-08-27,4,Card,0.05,Dav*****@yahoo.com,95******11,successful,199999.95,2025-08
7568,1931,Amy Mccall,105,45000.0,Tv,Electronics,offline,Bangalore,2025-11-26,2,UPI,0.35,Amy*****@gmail.com,75******53,successful,89999.65,2025-11
7569,1291,Kathryn Moore,106,80000.0,Sofa,Furniture,offline,Chennai,2025-02-06,1,Cash,0.35,Kat*****@gmail.com,97******31,successful,79999.65,2025-02
7570,1910,Shelby Barnett,101,250000.0,Laptop,Electronics,offline,Hyderabad,2025-04-22,2,Cash,0.4,She*****@yahoo.com,66******34,successful,499999.6,2025-04
7572,1224,Diana Patel,101,,Laptop,Electronics,offline,Chennai,2025-07-14,3,NetBanking,0.4,Dia*****@yahoo.com,61******98,successful,,2025-07
7574,1895,Teresa Anthony,109,65000.0,Refrigerator,Home,offline,Bangalore,2025-06-29,1,UPI,0.2,Ter*****@yahoo.com,83******25,successful,64999.8,2025-06
7575,1815,Victoria Ellis,109,,Refrigerator,Home,online,Mumbai,2025-05-19,4,Cash,0.15,Vic*****@yahoo.com,75******21,successful,,2025-05
7576,1310,Bryce Benton,106,80000.0,Sofa,Furn,online,Hyderabad,2025-06-22,1,NetBanking,0.3,Bry*****@gmail.com,82******17,successful,79999.7,2025-06
7577,1844,Jonathan Smith,109,,Refrigerator,Home Appliances,offline,Bangalore,2026-03-12,2,UPI,0.4,Jon*****@outlook.com,67******70,successful,,2026-03
7578,1535,Daniel Walker,102,70000.0,Phone,Elec,offline,Mumbai,2025-12-13,5,Cash,0.05,Dan*****@yahoo.com,81******40,successful,349999.95,2025-12
7579,1109,Michael Wilkins,109,65000.0,Refrigerator,Home Appliances,offline,Delhi,2026-07-03,4,UPI,0.1,Mic*****@yahoo.com,79******88,successful,259999.9,2026-07
7580,1221,Jennifer Hall,109,65000.0,Refrigerator,Home Appliances,offline,Hyderabad,2025-06-04,5,UPI,0.15,Jen*****@outlook.com,77******08,successful,324999.85,2025-06
7581,1324,Carol Cordova,106,80000.0,Sofa,Furniture,online,Mumbai,2025-11-26,5,UPI,0.15,Car*****@outlook.com,76******10,successful,399999.85,2025-11
7582,1515,Judy Bishop,108,15000.0,Mixer Grinder,Home,offline,Bangalore,2025-04-16,3,NetBanking,0.05,Jud*****@outlook.com,94******66,successful,44999.95,2025-04
7583,1419,Jessica Mays,101,250000.0,Laptop,Electronics,online,Bangalore,2025-10-31,4,Cash,0.2,Jes*****@gmail.com,67******45,successful,999999.8,2025-10
7584,1184,Oscar Tucker,110,45000.0,Microwave,Home,online,Delhi,2026-01-09,1,UPI,0.1,Osc*****@gmail.com,83******09,successful,44999.9,2026-01
7585,1341,Paul Hobbs,101,250000.0,Laptop,Electronics,online,Mumbai,2025-11-26,3,Card,0.15,Pau*****@outlook.com,92******49,successful,749999.85,2025-11
7586,1928,Bryan Gentry,107,50000.0,Dining Table,Furniture,online,Delhi,2025-10-26,2,NetBanking,0.1,Bry*****@outlook.com,63******33,successful,99999.9,2025-10
7587,1421,Terry Parker,110,45000.0,Microwave,Home Appliances,online,Chennai,2025-10-11,2,NetBanking,0.05,Ter*****@outlook.com,60******41,successful,89999.95,2025-10
7588,1812,Duane Lawrence,101,250000.0,Laptop,Electronics,online,Delhi,2025-04-30,3,Cash,0.2,Dua*****@gmail.com,98******88,successful,749999.8,2025-04
7589,1223,Alexander Paul,107,50000.0,Dining Table,Furniture,offline,Mumbai,2025-11-17,2,NetBanking,0.2,Ale*****@gmail.com,63******89,successful,99999.8,2025-11
7590,1559,Jason Johnson,109,65000.0,Refrigerator,Home Appliances,offline,Delhi,2026-04-06,4,Card,0.25,Jas*****@yahoo.com,97******10,successful,259999.75,2026-04
7591,1986,Steve White,102,70000.0,Phone,Electronics,offline,Hyderabad,2025-06-11,3,UPI,0.4,Ste*****@gmail.com,72******18,successful,209999.6,2025-06
7592,1964,Teresa Jordan,108,15000.0,Mixer Grinder,Home Appliances,online,Hyderabad,2026-03-08,1,UPI,0.3,Ter*****@gmail.com,68******32,successful,14999.7,2026-03
7594,1740,Aaron Mitchell,103,1300.0,Shirt,Clothing,online,Hyderabad,2025-06-13,4,Cash,0.15,Aar*****@gmail.com,99******22,successful,5199.85,2025-06
7595,1443,Hailey Watson,108,15000.0,Mixer Grinder,Home,online,Bangalore,2025-08-18,2,UPI,0.4,Hai*****@outlook.com,85******65,successful,29999.6,2025-08
7596,1973,Joseph Martinez,109,65000.0,Refrigerator,Home,offline,Bangalore,2025-05-05,4,UPI,0.4,Jos*****@yahoo.com,78******21,successful,259999.6,2025-05
7597,1780,Christian Hammond,109,65000.0,Refrigerator,Home Appliances,offline,Bangalore,2025-05-03,3,NetBanking,0.15,Chr*****@outlook.com,97******88,successful,194999.85,2025-05
7598,1557,Henry Jones,106,,Sofa,Furniture,offline,Mumbai,2025-09-22,5,Cash,0.05,Hen*****@gmail.com,67******82,successful,,2025-09
7599,1091,Elaine Austin,106,80000.0,Sofa,Furniture,offline,Mumbai,2025-05-16,4,UPI,0.1,Ela*****@gmail.com,67******11,successful,319999.9,2025-05
7600,1010,Robert Jackson,107,50000.0,Dining Table,Furn,online,Hyderabad,2026-01-06,1,Card,0.15,Rob*****@gmail.com,72******14,successful,49999.85,2026-01
7602,1475,Jeremiah Jensen,102,70000.0,Phone,Elec,online,Delhi,2026-11-04,3,Cash,0.35,Jer*****@gmail.com,87******61,successful,209999.65,2026-11
7603,1651,Keith Baker,101,250000.0,Laptop,Electronics,offline,Hyderabad,2025-11-24,1,Card,0.05,Kei*****@yahoo.com,80******65,successful,249999.95,2025-11
7604,1972,Andrew Arroyo,106,80000.0,Sofa,Furniture,online,Delhi,2025-06-11,2,Card,0.15,And*****@outlook.com,84******68,successful,159999.85,2025-06
7605,1292,Cheryl Willis,109,65000.0,Refrigerator,Home,online,Chennai,2025-10-05,4,UPI,0.35,Che*****@gmail.com,61******54,successful,259999.65,2025-10
7606,1498,Karen Owens,103,1300.0,Shirt,Clothing,online,Delhi,2025-05-29,5,Cash,0.25,Kar*****@gmail.com,88******37,successful,6499.75,2025-05
7607,1897,Spencer Carpenter,110,45000.0,Microwave,Home Appliances,online,Delhi,2025-08-09,1,UPI,0.15,Spe*****@yahoo.com,76******21,successful,44999.85,2025-08
7608,1427,Sarah Williams,107,50000.0,Dining Table,Furn,online,Hyderabad,2025-09-04,1,Cash,0.15,Sar*****@gmail.com,82******38,successful,49999.85,2025-09
7609,1751,Jasmin Terry,108,15000.0,Mixer Grinder,Home Appliances,offline,Hyderabad,2025-06-29,2,NetBanking,0.35,Jas*****@gmail.com,64******65,successful,29999.65,2025-06
7610,1325,Jennifer Morgan,105,45000.0,Tv,Electronics,offline,Delhi,2025-08-30,2,Card,0.2,Jen*****@outlook.com,74******76,successful,89999.8,2025-08
7611,1638,Brendan Ayers,110,45000.0,Microwave,Home Appliances,online,Delhi,2026-02-09,4,NetBanking,0.1,Bre*****@gmail.com,78******55,successful,179999.9,2026-02
7612,1422,Holly Rivera,109,65000.0,Refrigerator,Home Appliances,online,Bangalore,2025-07-05,1,UPI,0.1,Hol*****@outlook.com,70******59,successful,64999.9,2025-07
7615,1955,Kimberly Smith,104,8000.0,Shoes,Cloth,online,Hyderabad,2025-07-15,4,NetBanking,0.05,Kim*****@gmail.com,86******11,successful,31999.95,2025-07
7616,1604,Melissa Mcpherson,108,15000.0,Mixer Grinder,Home Appliances,online,Delhi,2025-07-09,3,Card,0.15,Mel*****@yahoo.com,77******81,successful,44999.85,2025-07
7617,1898,Thomas Levy,102,70000.0,Phone,Electronics,offline,Chennai,2026-02-27,3,Cash,0.15,Tho*****@gmail.com,61******13,successful,209999.85,2026-02
7618,1971,Ashley Daniels,110,45000.0,Microwave,Home Appliances,online,Chennai,2025-02-12,4,UPI,0.05,Ash*****@gmail.com,79******36,successful,179999.95,2025-02
7619,1417,Michael Wade,107,50000.0,Dining Table,Furniture,online,Chennai,2026-03-10,4,Cash,0.35,Mic*****@outlook.com,97******22,successful,199999.65,2026-03
7622,1406,Preston Baldwin,109,65000.0,Refrigerator,Home Appliances,offline,Delhi,2026-03-07,5,Card,0.4,Pre*****@gmail.com,94******49,successful,324999.6,2026-03
7623,1074,Justin Cooper,104,8000.0,Shoes,Clothing,online,Chennai,2026-10-01,4,NetBanking,0.25,Jus*****@gmail.com,90******53,successful,31999.75,2026-10
7625,1773,Timothy Contreras,105,45000.0,Tv,Elec,online,Chennai,2025-07-02,5,Cash,0.2,Tim*****@yahoo.com,61******95,successful,224999.8,2025-07
7626,1983,Tara David,105,45000.0,Tv,Electronics,online,Mumbai,2025-10-12,4,UPI,0.3,Tar*****@outlook.com,91******48,successful,179999.7,2025-10
7627,1094,Kathleen Davis,105,45000.0,Tv,Elec,offline,Delhi,2025-12-29,4,NetBanking,0.15,Kat*****@yahoo.com,90******77,successful,179999.85,2025-12
7629,1568,Lori Obrien,109,65000.0,Refrigerator,Home Appliances,offline,Mumbai,2025-10-01,4,NetBanking,0.05,Lor*****@gmail.com,75******70,successful,259999.95,2025-10
7630,1223,Alexander Paul,110,45000.0,Microwave,Home Appliances,offline,Mumbai,2025-09-20,5,Cash,0.2,Ale*****@gmail.com,63******89,successful,224999.8,2025-09
7631,1379,Anthony Howard,105,45000.0,Tv,Electronics,online,Delhi,2025-08-02,2,NetBanking,0.1,Ant*****@gmail.com,81******33,successful,89999.9,2025-08
7632,1837,Jennifer Thomas,102,70000.0,Phone,Electronics,online,Delhi,2025-08-24,3,NetBanking,0.1,Jen*****@gmail.com,60******33,successful,209999.9,2025-08
7634,1869,Jeffrey Moore,106,,Sofa,Furniture,online,Chennai,2026-02-07,2,Cash,0.15,Jef*****@gmail.com,61******10,successful,,2026-02
7635,1689,Christopher Stephens,103,1300.0,Shirt,Clothing,online,Mumbai,2025-04-26,3,UPI,0.1,Chr*****@gmail.com,64******84,successful,3899.9,2025-04
7636,1255,Kara Wong,103,1300.0,Shirt,Clothing,offline,Mumbai,2025-09-11,4,UPI,0.3,Kar*****@gmail.com,81******49,successful,5199.7,2025-09
7639,1413,Emily Hinton,101,250000.0,Laptop,Electronics,online,Delhi,2025-10-26,1,NetBanking,0.05,Emi*****@yahoo.com,80******89,successful,249999.95,2025-10
7642,1453,Tanner Smith,109,65000.0,Refrigerator,Home Appliances,offline,Mumbai,2025-09-20,5,UPI,0.1,Tan*****@outlook.com,79******25,successful,324999.9,2025-09
7643,1079,Jeffrey Jones,106,80000.0,Sofa,Furniture,offline,Mumbai,2025-12-22,2,Card,0.2,Jef*****@outlook.com,75******47,successful,159999.8,2025-12
7644,1046,Stephanie Bell,108,15000.0,Mixer Grinder,Home Appliances,online,Mumbai,2026-03-05,4,NetBanking,0.3,Ste*****@yahoo.com,67******42,successful,59999.7,2026-03
7645,1209,Jenna Moses,103,1300.0,Shirt,Clothing,online,Mumbai,2025-12-30,3,Cash,0.3,Jen*****@outlook.com,99******01,successful,3899.7,2025-12
7646,1901,Michael Harrison,107,50000.0,Dining Table,Furniture,offline,Hyderabad,2025-04-27,2,UPI,0.3,Mic*****@yahoo.com,88******36,successful,99999.7,2025-04
7647,1944,Jodi Gray,107,50000.0,Dining Table,Furniture,online,Chennai,2026-04-06,3,UPI,0.35,Jod*****@gmail.com,65******36,successful,149999.65,2026-04
7648,1357,Justin Cooper,102,70000.0,Phone,Elec,offline,Mumbai,2026-02-03,3,Cash,0.1,Jus*****@gmail.com,67******25,successful,209999.9,2026-02
7650,1926,David Johnson,106,80000.0,Sofa,Furniture,online,Bangalore,2026-01-12,1,UPI,0.4,Dav*****@gmail.com,64******88,successful,79999.6,2026-01
7651,1222,Vincent Shannon,107,50000.0,Dining Table,Furniture,online,Delhi,2025-10-27,2,Card,0.4,Vin*****@gmail.com,81******94,successful,99999.6,2025-10
7652,1263,Morgan Daniel,106,,Sofa,Furniture,offline,Chennai,2026-04-02,3,UPI,0.35,Mor*****@outlook.com,73******48,successful,,2026-04
7654,1545,Jesse Hopkins,109,65000.0,Refrigerator,Home,offline,Bangalore,2025-10-26,5,NetBanking,0.4,Jes*****@gmail.com,69******68,successful,324999.6,2025-10
7655,1065,Daniel Hughes,104,8000.0,Shoes,Clothing,offline,Chennai,2025-07-08,1,Cash,0.05,Dan*****@outlook.com,60******72,successful,7999.95,2025-07
7656,1930,Angie Landry,110,,Microwave,Home Appliances,online,Mumbai,2025-08-08,4,UPI,0.35,Ang*****@outlook.com,63******70,successful,,2025-08
7657,1881,David Stevens,101,250000.0,Laptop,Electronics,online,Mumbai,2026-01-30,2,UPI,0.25,Dav*****@yahoo.com,81******76,successful,499999.75,2026-01
7658,1406,Preston Baldwin,106,80000.0,Sofa,Furniture,online,Delhi,2025-07-01,4,Cash,0.25,Pre*****@gmail.com,94******49,successful,319999.75,2025-07
7659,1219,Sarah Walsh,108,15000.0,Mixer Grinder,Home Appliances,offline,Delhi,2026-02-23,3,Card,0.4,Sar*****@gmail.com,79******70,successful,44999.6,2026-02
7660,1648,David Martin,104,8000.0,Shoes,Clothing,offline,Delhi,2025-11-18,4,Cash,0.2,Dav*****@outlook.com,80******20,successful,31999.8,2025-11
7661,1948,Jerry Campbell,107,,Dining Table,Furniture,online,Delhi,2025-10-02,3,UPI,0.05,Jer*****@outlook.com,65******67,successful,,2025-10
7662,1279,Martin Bass,105,45000.0,Tv,Electronics,offline,Chennai,2025-05-11,4,NetBanking,0.4,Mar*****@gmail.com,88******62,successful,179999.6,2025-05
7664,1669,Crystal Vincent,106,80000.0,Sofa,Furniture,offline,Delhi,2025-07-19,5,UPI,0.35,Cry*****@gmail.com,82******97,successful,399999.65,2025-07
7665,1060,John Barron,103,1300.0,Shirt,Clothing,offline,Mumbai,2025-02-11,2,NetBanking,0.35,Joh*****@outlook.com,85******62,successful,2599.65,2025-02
7667,1240,Mark Reyes,103,1300.0,Shirt,Cloth,offline,Bangalore,2025-10-30,1,Cash,0.2,Mar*****@yahoo.com,84******66,successful,1299.8,2025-10
7668,1855,Andrew Coleman,101,250000.0,Laptop,Elec,offline,Chennai,2025-11-12,4,Cash,0.35,And*****@gmail.com,76******24,successful,999999.65,2025-11
7669,1876,Bonnie Cole,103,1300.0,Shirt,Cloth,online,Bangalore,2025-06-22,1,Cash,0.1,Bon*****@gmail.com,88******23,successful,1299.9,2025-06
7670,1812,Duane Lawrence,109,65000.0,Refrigerator,Home,online,Delhi,2026-01-07,1,Cash,0.25,Dua*****@gmail.com,98******88,successful,64999.75,2026-01
7672,1274,Mark Castro,105,45000.0,Tv,Elec,offline,Mumbai,2025-06-08,3,UPI,0.4,Mar*****@outlook.com,94******62,successful,134999.6,2025-06
7673,1086,Samuel George,102,70000.0,Phone,Electronics,online,Delhi,2025-11-22,5,UPI,0.05,Sam*****@yahoo.com,82******95,successful,349999.95,2025-11
7674,1919,Joseph Bauer,106,80000.0,Sofa,Furn,offline,Delhi,2025-11-08,4,NetBanking,0.1,Jos*****@outlook.com,67******14,successful,319999.9,2025-11
7676,1739,Thomas Gutierrez,107,50000.0,Dining Table,Furn,offline,Hyderabad,2025-12-19,3,UPI,0.15,Tho*****@yahoo.com,63******11,successful,149999.85,2025-12
7677,1063,Renee Liu,105,45000.0,Tv,Elec,online,Delhi,2025-10-13,4,NetBanking,0.35,Ren*****@outlook.com,91******61,successful,179999.65,2025-10
7678,1375,Kevin Rodriguez,107,50000.0,Dining Table,Furniture,online,Bangalore,2025-07-06,1,Card,0.15,Kev*****@gmail.com,79******37,successful,49999.85,2025-07
7680,1991,Erica Daniel,106,,Sofa,Furniture,online,Chennai,2025-11-09,3,NetBanking,0.35,Eri*****@gmail.com,81******95,successful,,2025-11
7681,1222,Vincent Shannon,107,50000.0,Dining Table,Furniture,online,Delhi,2026-01-04,3,NetBanking,0.35,Vin*****@gmail.com,81******94,successful,149999.65,2026-01
7682,1302,Stephanie Martin,105,45000.0,Tv,Electronics,online,Chennai,2025-12-01,2,Card,0.05,Ste*****@yahoo.com,64******10,successful,89999.95,2025-12
7683,1750,Anita Mclean,106,80000.0,Sofa,Furniture,online,Chennai,2026-10-03,3,UPI,0.3,Ani*****@gmail.com,92******17,successful,239999.7,2026-10
7685,1801,Nicole Rogers,107,50000.0,Dining Table,Furniture,online,Chennai,2025-09-12,3,Cash,0.25,Nic*****@gmail.com,80******92,successful,149999.75,2025-09
7686,1865,Alicia Jackson,110,45000.0,Microwave,Home Appliances,online,Bangalore,2026-03-24,4,NetBanking,0.15,Ali*****@outlook.com,88******40,successful,179999.85,2026-03
7687,1713,Carolyn Sanchez,103,,Shirt,Cloth,online,Mumbai,2025-08-30,2,Card,0.35,Car*****@outlook.com,76******68,successful,,2025-08
7688,1927,Amy Contreras,102,70000.0,Phone,Electronics,offline,Hyderabad,2025-05-26,4,Card,0.4,Amy*****@yahoo.com,80******73,successful,279999.6,2025-05
7689,1931,Amy Mccall,107,,Dining Table,Furniture,online,Bangalore,2025-04-23,2,UPI,0.35,Amy*****@gmail.com,75******53,successful,,2025-04
7690,1619,Jon Perry,101,,Laptop,Electronics,offline,Chennai,2025-05-23,1,Card,0.35,Jon*****@yahoo.com,76******02,successful,,2025-05
7691,1079,Jeffrey Jones,108,15000.0,Mixer Grinder,Home Appliances,offline,Mumbai,2025-12-07,4,Cash,0.3,Jef*****@outlook.com,75******47,successful,59999.7,2025-12
7693,1626,Luke Martin,108,15000.0,Mixer Grinder,Home Appliances,offline,Chennai,2026-03-22,2,NetBanking,0.1,Luk*****@outlook.com,92******87,successful,29999.9,2026-03
7695,1518,Janet Norman,107,50000.0,Dining Table,Furniture,offline,Hyderabad,2025-05-23,2,Cash,0.25,Jan*****@outlook.com,66******39,successful,99999.75,2025-05
7696,1560,Julie Williams,102,70000.0,Phone,Elec,offline,Mumbai,2025-01-05,3,Card,0.4,Jul*****@gmail.com,75******36,successful,209999.6,2025-01
7697,1493,Caitlin Wilson,102,70000.0,Phone,Electronics,offline,Mumbai,2025-06-28,1,UPI,0.1,Cai*****@gmail.com,64******36,successful,69999.9,2025-06
7698,1221,Jennifer Hall,104,8000.0,Shoes,Clothing,online,Hyderabad,2025-12-20,5,Cash,0.4,Jen*****@outlook.com,77******08,successful,39999.6,2025-12
7699,1994,Laurie Barnes,104,8000.0,Shoes,Clothing,offline,Hyderabad,2026-02-26,5,NetBanking,0.2,Lau*****@yahoo.com,77******67,successful,39999.8,2026-02
7700,1736,Michael Williams,103,1300.0,Shirt,Clothing,offline,Mumbai,2026-04-16,2,UPI,0.25,Mic*****@outlook.com,66******16,successful,2599.75,2026-04
7702,1199,Richard Davis,104,8000.0,Shoes,Cloth,online,Hyderabad,2025-04-28,2,Card,0.1,Ric*****@outlook.com,75******58,successful,15999.9,2025-04
7704,1114,Anthony Wright,110,45000.0,Microwave,Home Appliances,offline,Chennai,2025-09-22,5,NetBanking,0.15,Ant*****@outlook.com,98******13,successful,224999.85,2025-09
7707,1728,Jeff Walton,104,8000.0,Shoes,Cloth,online,Chennai,2025-10-20,2,Card,0.3,Jef*****@outlook.com,76******43,successful,15999.7,2025-10
7708,1737,Craig Jones,104,8000.0,Shoes,Cloth,offline,Mumbai,2026-04-10,2,Card,0.4,Cra*****@yahoo.com,87******36,successful,15999.6,2026-04
7709,1096,Andrew Hardy,102,70000.0,Phone,Electronics,online,Mumbai,2025-12-11,3,Cash,0.35,And*****@gmail.com,70******72,successful,209999.65,2025-12
7710,1784,Jason Chavez,106,80000.0,Sofa,Furniture,online,Mumbai,2025-07-06,4,UPI,0.15,Jas*****@outlook.com,79******42,successful,319999.85,2025-07
7712,1363,Seth Everett,107,50000.0,Dining Table,Furn,online,Mumbai,2026-04-15,3,Card,0.4,Set*****@gmail.com,83******39,successful,149999.6,2026-04
7713,1116,Jennifer Dillon,105,45000.0,Tv,Electronics,offline,Delhi,2026-04-12,2,Card,0.15,Jen*****@yahoo.com,73******19,successful,89999.85,2026-04
7714,1354,Jordan Donaldson,108,15000.0,Mixer Grinder,Home Appliances,offline,Bangalore,2025-06-09,5,Card,0.4,Jor*****@gmail.com,70******32,successful,74999.6,2025-06
7716,1653,Nicole Johnson,107,50000.0,Dining Table,Furniture,offline,Mumbai,2026-02-26,5,Cash,0.4,Nic*****@outlook.com,98******83,successful,249999.6,2026-02
7717,1982,Isaiah Hartman,109,65000.0,Refrigerator,Home Appliances,offline,Chennai,2025-10-23,1,Card,0.1,Isa*****@gmail.com,68******84,successful,64999.9,2025-10
7718,1705,Stephanie Walker,110,45000.0,Microwave,Home Appliances,online,Chennai,2026-03-12,5,Cash,0.4,Ste*****@gmail.com,84******68,successful,224999.6,2026-03
7721,1044,Joseph Stephens,108,15000.0,Mixer Grinder,Home Appliances,online,Hyderabad,2026-03-04,4,NetBanking,0.1,Jos*****@yahoo.com,69******83,successful,59999.9,2026-03
7722,1589,Kimberly Navarro,104,8000.0,Shoes,Clothing,online,Mumbai,2025-06-22,5,NetBanking,0.3,Kim*****@outlook.com,88******71,successful,39999.7,2025-06
7724,1105,Michael Carlson,102,70000.0,Phone,Electronics,offline,Hyderabad,2025-11-10,3,Card,0.1,Mic*****@gmail.com,66******05,successful,209999.9,2025-11
7725,1315,Benjamin Jones,107,50000.0,Dining Table,Furniture,offline,Hyderabad,2025-08-10,3,Card,0.15,Ben*****@outlook.com,68******62,successful,149999.85,2025-08
7727,1005,Elizabeth Contreras,105,45000.0,Tv,Elec,online,Delhi,2026-02-09,3,Card,0.25,Eli*****@gmail.com,64******42,successful,134999.75,2026-02
7729,1256,Brooke Miller,103,1300.0,Shirt,Cloth,offline,Bangalore,2025-06-06,1,Cash,0.15,Bro*****@yahoo.com,73******47,successful,1299.85,2025-06
7730,1101,Timothy Smith,103,1300.0,Shirt,Clothing,offline,Delhi,2025-07-29,3,Cash,0.2,Tim*****@gmail.com,66******04,successful,3899.8,2025-07
7732,1154,Tammy Mitchell,105,45000.0,Tv,Elec,offline,Chennai,2025-05-09,1,Cash,0.15,Tam*****@outlook.com,64******10,successful,44999.85,2025-05
7733,1942,Susan Dean,104,8000.0,Shoes,Cloth,offline,Chennai,2025-09-10,5,NetBanking,0.3,Sus*****@gmail.com,94******64,successful,39999.7,2025-09
7735,1241,Maureen Daniels,107,50000.0,Dining Table,Furn,online,Bangalore,2025-12-21,4,Cash,0.2,Mau*****@yahoo.com,68******41,successful,199999.8,2025-12
7737,1707,Brittany Garcia,107,50000.0,Dining Table,Furniture,offline,Bangalore,2025-07-08,3,Cash,0.2,Bri*****@yahoo.com,67******06,successful,149999.8,2025-07
7738,1426,Donna Burns,110,,Microwave,Home Appliances,offline,Bangalore,2026-01-03,2,NetBanking,0.3,Don*****@gmail.com,97******03,successful,,2026-01
7739,1924,William Hopkins,110,45000.0,Microwave,Home Appliances,offline,Delhi,2025-10-16,4,NetBanking,0.1,Wil*****@yahoo.com,82******14,successful,179999.9,2025-10
7741,1052,Christopher Phillips,103,1300.0,Shirt,Clothing,online,Bangalore,2025-04-16,1,NetBanking,0.3,Chr*****@gmail.com,75******48,successful,1299.7,2025-04
7742,1299,Keith Bennett,102,70000.0,Phone,Electronics,online,Chennai,2025-05-30,4,Cash,0.05,Kei*****@yahoo.com,93******82,successful,279999.95,2025-05
7743,1529,Brian Smith,104,8000.0,Shoes,Cloth,online,Delhi,2025-10-22,1,Card,0.15,Bri*****@outlook.com,88******18,successful,7999.85,2025-10
7744,1952,Angela Smith,107,50000.0,Dining Table,Furn,online,Chennai,2025-05-09,3,NetBanking,0.1,Ang*****@gmail.com,66******77,successful,149999.9,2025-05
7745,1872,Jennifer Hogan,102,70000.0,Phone,Electronics,offline,Bangalore,2025-08-25,3,Card,0.4,Jen*****@gmail.com,81******64,successful,209999.6,2025-08
7746,1626,Luke Martin,105,45000.0,Tv,Electronics,offline,Chennai,2025-07-02,4,Card,0.1,Luk*****@outlook.com,92******87,successful,179999.9,2025-07
7747,1184,Oscar Tucker,105,45000.0,Tv,Electronics,online,Delhi,2025-07-05,3,Card,0.05,Osc*****@gmail.com,83******09,successful,134999.95,2025-07
7750,1416,Lance Lindsey,101,250000.0,Laptop,Electronics,offline,Delhi,2025-12-27,4,Card,0.2,Lan*****@yahoo.com,86******59,successful,999999.8,2025-12
7751,1544,Robert Moore,102,70000.0,Phone,Electronics,offline,Bangalore,2025-07-07,5,UPI,0.15,Rob*****@gmail.com,90******87,successful,349999.85,2025-07
7753,1028,Katie Robbins,106,80000.0,Sofa,Furniture,online,Hyderabad,2025-09-16,2,NetBanking,0.2,Kat*****@yahoo.com,93******02,successful,159999.8,2025-09
7754,1209,Jenna Moses,109,65000.0,Refrigerator,Home,online,Mumbai,2026-03-01,4,Cash,0.2,Jen*****@outlook.com,99******01,successful,259999.8,2026-03
7755,1498,Karen Owens,107,50000.0,Dining Table,Furn,offline,Delhi,2025-02-07,1,Cash,0.35,Kar*****@gmail.com,88******37,successful,49999.65,2025-02
7756,1885,Emma Wolf,101,250000.0,Laptop,Elec,online,Bangalore,2025-11-15,4,Cash,0.35,Emm*****@yahoo.com,77******63,successful,999999.65,2025-11
7758,1820,Emily Davis,106,80000.0,Sofa,Furniture,online,Chennai,2025-12-08,4,Card,0.35,Emi*****@outlook.com,98******20,successful,319999.65,2025-12
7759,1316,Carmen Hernandez,103,1300.0,Shirt,Cloth,online,Bangalore,2025-08-21,2,Cash,0.3,Car*****@gmail.com,90******24,successful,2599.7,2025-08
7760,1617,Ronald Todd,108,15000.0,Mixer Grinder,Home Appliances,online,Delhi,2026-04-12,1,Card,0.1,Ron*****@yahoo.com,77******82,successful,14999.9,2026-04
7761,1142,Joseph Chavez,104,8000.0,Shoes,Cloth,online,Hyderabad,2025-12-19,3,Cash,0.35,Jos*****@gmail.com,74******91,successful,23999.65,2025-12
7762,1657,Kenneth Swanson,104,8000.0,Shoes,Clothing,online,Bangalore,2026-01-02,2,NetBanking,0.05,Ken*****@outlook.com,63******67,successful,15999.95,2026-01
7763,1838,Nicole Evans,104,8000.0,Shoes,Cloth,offline,Mumbai,2025-08-15,2,Cash,0.35,Nic*****@gmail.com,80******83,successful,15999.65,2025-08
7765,1295,Jennifer Franklin,102,70000.0,Phone,Electronics,online,Mumbai,2026-12-03,3,UPI,0.25,Jen*****@gmail.com,86******94,successful,209999.75,2026-12
7766,1168,Jessica Adams,109,65000.0,Refrigerator,Home,offline,Mumbai,2025-11-21,4,Cash,0.4,Jes*****@outlook.com,69******37,successful,259999.6,2025-11
7767,1766,Michael Bennett,110,45000.0,Microwave,Home,online,Bangalore,2025-01-10,4,Card,0.1,Mic*****@gmail.com,96******39,successful,179999.9,2025-01
7768,1059,Justin Taylor,103,1300.0,Shirt,Cloth,offline,Hyderabad,2026-02-21,5,UPI,0.35,Jus*****@gmail.com,74******41,successful,6499.65,2026-02
7769,1814,Lynn Perkins,106,80000.0,Sofa,Furniture,online,Bangalore,2025-04-22,1,Card,0.25,Lyn*****@gmail.com,74******38,successful,79999.75,2025-04
7770,1650,Andre Lamb,110,45000.0,Microwave,Home,offline,Delhi,2025-08-06,5,NetBanking,0.15,And*****@gmail.com,69******91,successful,224999.85,2025-08
7771,1468,Gina Hendricks,109,65000.0,Refrigerator,Home Appliances,offline,Bangalore,2025-07-02,2,Cash,0.35,Gin*****@yahoo.com,70******48,successful,129999.65,2025-07
7772,1077,Mandy Hess,108,15000.0,Mixer Grinder,Home Appliances,online,Mumbai,2026-12-02,4,Cash,0.35,Man*****@yahoo.com,86******56,successful,59999.65,2026-12
7773,1918,Danielle Avery,106,80000.0,Sofa,Furniture,online,Delhi,2025-04-28,2,Card,0.35,Dan*****@outlook.com,69******36,successful,159999.65,2025-04
7774,1699,Benjamin Butler,108,15000.0,Mixer Grinder,Home,offline,Hyderabad,2025-10-28,5,UPI,0.2,Ben*****@gmail.com,85******47,successful,74999.8,2025-10
7775,1837,Jennifer Thomas,110,45000.0,Microwave,Home,offline,Delhi,2025-08-27,4,NetBanking,0.15,Jen*****@gmail.com,60******33,successful,179999.85,2025-08
7776,1811,Rita Hamilton,103,,Shirt,Clothing,online,Hyderabad,2025-06-17,1,UPI,0.05,Rit*****@outlook.com,68******74,successful,,2025-06
7777,1658,Brian Macdonald,108,15000.0,Mixer Grinder,Home Appliances,offline,Delhi,2025-05-11,1,Card,0.3,Bri*****@outlook.com,84******60,successful,14999.7,2025-05
7778,1604,Melissa Mcpherson,102,,Phone,Electronics,online,Delhi,2026-01-31,1,Card,0.3,Mel*****@yahoo.com,77******81,successful,,2026-01
7781,1649,Kimberly Williams,109,65000.0,Refrigerator,Home Appliances,online,Delhi,2026-03-04,2,UPI,0.4,Kim*****@outlook.com,96******93,successful,129999.6,2026-03
7783,1618,Malik Torres,107,50000.0,Dining Table,Furniture,online,Chennai,2025-12-05,2,NetBanking,0.25,Mal*****@gmail.com,69******12,successful,99999.75,2025-12
7784,1740,Aaron Mitchell,102,,Phone,Electronics,online,Hyderabad,2025-10-07,3,UPI,0.1,Aar*****@gmail.com,99******22,successful,,2025-10
7785,1453,Tanner Smith,107,50000.0,Dining Table,Furniture,offline,Mumbai,2025-09-28,2,Card,0.35,Tan*****@outlook.com,79******25,successful,99999.65,2025-09
7787,1452,Diana Olson,105,45000.0,Tv,Electronics,online,Chennai,2026-03-01,1,Card,0.35,Dia*****@gmail.com,62******50,successful,44999.65,2026-03
7788,1846,Ronald West,105,,Tv,Electronics,offline,Delhi,2025-04-29,5,Card,0.15,Ron*****@gmail.com,71******38,successful,,2025-04
7793,1675,Karen Cain,101,250000.0,Laptop,Electronics,online,Bangalore,2026-10-02,2,Cash,0.1,Kar*****@gmail.com,89******31,successful,499999.9,2026-10
7795,1346,Eric Romero,104,8000.0,Shoes,Clothing,offline,Hyderabad,2025-08-16,1,Card,0.15,Eri*****@gmail.com,64******95,successful,7999.85,2025-08
7796,1266,Janice Parker,101,250000.0,Laptop,Electronics,offline,Mumbai,2025-05-08,4,Cash,0.3,Jan*****@yahoo.com,68******91,successful,999999.7,2025-05
7797,1945,Amanda Brown,102,,Phone,Electronics,offline,Mumbai,2025-05-04,2,NetBanking,0.3,Ama*****@gmail.com,99******17,successful,,2025-05
7798,1203,Barbara Miranda,106,80000.0,Sofa,Furniture,online,Mumbai,2026-06-01,5,Card,0.2,Bar*****@gmail.com,66******60,successful,399999.8,2026-06
7799,1994,Laurie Barnes,106,80000.0,Sofa,Furniture,offline,Hyderabad,2025-09-21,2,UPI,0.15,Lau*****@yahoo.com,77******67,successful,159999.85,2025-09
7801,1189,Donald Gallegos,106,80000.0,Sofa,Furniture,offline,Bangalore,2025-09-11,1,NetBanking,0.4,Don*****@outlook.com,90******13,successful,79999.6,2025-09
7802,1894,Marcus Bentley,110,45000.0,Microwave,Home Appliances,online,Delhi,2026-04-11,3,Card,0.2,Mar*****@yahoo.com,61******62,successful,134999.8,2026-04
7803,1285,Ryan Dawson,108,15000.0,Mixer Grinder,Home,online,Mumbai,2025-11-13,1,Cash,0.25,Rya*****@gmail.com,81******46,successful,14999.75,2025-11
7804,1150,Gary Williams,109,65000.0,Refrigerator,Home Appliances,online,Bangalore,2026-03-25,5,UPI,0.05,Gar*****@outlook.com,65******28,successful,324999.95,2026-03
7805,1787,Shawn Holt,110,45000.0,Microwave,Home Appliances,offline,Bangalore,2025-05-24,1,NetBanking,0.2,Sha*****@gmail.com,77******81,successful,44999.8,2025-05
7806,1352,Susan Johnson,107,50000.0,Dining Table,Furniture,online,Chennai,2025-07-12,4,NetBanking,0.25,Sus*****@outlook.com,77******56,successful,199999.75,2025-07
7807,1598,Randall Kennedy,110,45000.0,Microwave,Home,offline,Delhi,2025-06-29,4,Cash,0.35,Ran*****@gmail.com,68******86,successful,179999.65,2025-06
7809,1865,Alicia Jackson,105,45000.0,Tv,Electronics,online,Bangalore,2025-06-17,2,NetBanking,0.4,Ali*****@outlook.com,88******40,successful,89999.6,2025-06
7811,1007,Bryan Lindsey,104,8000.0,Shoes,Clothing,online,Hyderabad,2025-06-05,5,Card,0.1,Bry*****@gmail.com,92******89,successful,39999.9,2025-06
7812,1470,Suzanne Miranda,106,80000.0,Sofa,Furniture,offline,Chennai,2026-04-15,4,NetBanking,0.3,Suz*****@outlook.com,68******57,successful,319999.7,2026-04
7815,1851,Anna Baker,101,,Laptop,Electronics,online,Bangalore,2025-11-28,2,UPI,0.15,Ann*****@outlook.com,60******38,successful,,2025-11
7816,1956,Pamela Fernandez,107,50000.0,Dining Table,Furniture,offline,Hyderabad,2025-06-17,4,Card,0.2,Pam*****@outlook.com,83******69,successful,199999.8,2025-06
7818,1710,Dale Black,101,250000.0,Laptop,Electronics,offline,Chennai,2025-07-03,1,Cash,0.35,Dal*****@yahoo.com,83******80,successful,249999.65,2025-07
7819,1273,Lisa Henry,104,8000.0,Shoes,Clothing,online,Hyderabad,2025-12-08,4,NetBanking,0.4,Lis*****@gmail.com,79******89,successful,31999.6,2025-12
7820,1356,John Arnold,107,50000.0,Dining Table,Furniture,offline,Chennai,2026-01-17,1,NetBanking,0.4,Joh*****@outlook.com,65******57,successful,49999.6,2026-01
7822,1121,Stacy Murphy,106,80000.0,Sofa,Furn,offline,Bangalore,2025-07-10,3,UPI,0.2,Sta*****@outlook.com,97******77,successful,239999.8,2025-07
7823,1495,Ashley Mitchell,101,250000.0,Laptop,Elec,offline,Mumbai,2026-03-17,5,UPI,0.05,Ash*****@gmail.com,79******34,successful,1249999.95,2026-03
7824,1963,Scott Nelson,103,1300.0,Shirt,Clothing,offline,Bangalore,2025-10-23,5,UPI,0.15,Sco*****@gmail.com,91******28,successful,6499.85,2025-10
7825,1352,Susan Johnson,109,,Refrigerator,Home,offline,Chennai,2025-05-03,1,NetBanking,0.05,Sus*****@outlook.com,77******56,successful,,2025-05
7827,1182,Nancy Jones,109,65000.0,Refrigerator,Home,offline,Delhi,2025-07-18,5,Cash,0.15,Nan*****@outlook.com,99******38,successful,324999.85,2025-07
7828,1865,Alicia Jackson,104,8000.0,Shoes,Cloth,online,Bangalore,2025-06-15,5,NetBanking,0.2,Ali*****@outlook.com,88******40,successful,39999.8,2025-06
7829,1467,Darryl Coleman,104,8000.0,Shoes,Clothing,offline,Mumbai,2025-06-09,1,UPI,0.4,Dar*****@gmail.com,80******30,successful,7999.6,2025-06
7830,1300,Victor Anthony,109,65000.0,Refrigerator,Home Appliances,offline,Mumbai,2025-12-07,1,UPI,0.05,Vic*****@gmail.com,89******91,successful,64999.95,2025-12
7831,1462,Bradley Sutton,109,65000.0,Refrigerator,Home Appliances,offline,Delhi,2025-12-17,2,UPI,0.3,Bra*****@yahoo.com,74******75,successful,129999.7,2025-12
7832,1429,Joshua Henry,110,45000.0,Microwave,Home Appliances,online,Hyderabad,2026-03-27,2,Card,0.1,Jos*****@gmail.com,99******98,successful,89999.9,2026-03
7834,1454,Shelly Smith,104,8000.0,Shoes,Clothing,offline,Mumbai,2026-05-02,3,NetBanking,0.2,She*****@gmail.com,77******47,successful,23999.8,2026-05
7835,1930,Angie Landry,110,45000.0,Microwave,Home,online,Mumbai,2026-04-05,4,Card,0.2,Ang*****@outlook.com,63******70,successful,179999.8,2026-04
7836,1783,Cynthia Galvan,103,,Shirt,Clothing,offline,Delhi,2026-01-21,5,NetBanking,0.25,Cyn*****@gmail.com,83******69,successful,,2026-01
7837,1633,Kathryn Morgan,101,250000.0,Laptop,Electronics,offline,Bangalore,2025-05-15,4,NetBanking,0.2,Kat*****@gmail.com,89******07,successful,999999.8,2025-05
7838,1119,Valerie Hines,104,8000.0,Shoes,Clothing,offline,Hyderabad,2026-03-15,3,UPI,0.4,Val*****@outlook.com,78******95,successful,23999.6,2026-03
7839,1523,Nicholas Dudley,108,15000.0,Mixer Grinder,Home Appliances,online,Hyderabad,2025-12-22,3,Card,0.05,Nic*****@gmail.com,62******22,successful,44999.95,2025-12
7840,1462,Bradley Sutton,108,15000.0,Mixer Grinder,Home Appliances,offline,Delhi,2026-03-27,5,UPI,0.05,Bra*****@yahoo.com,74******75,successful,74999.95,2026-03
7841,1764,Lisa Matthews,103,1300.0,Shirt,Cloth,online,Mumbai,2026-08-01,2,Cash,0.1,Lis*****@outlook.com,74******11,successful,2599.9,2026-08
7843,1449,Alan Keith,108,15000.0,Mixer Grinder,Home,offline,Delhi,2026-04-03,3,Card,0.2,Ala*****@gmail.com,91******05,successful,44999.8,2026-04
7844,1220,Andrew Pena,104,8000.0,Shoes,Clothing,online,Mumbai,2026-01-04,3,UPI,0.35,And*****@gmail.com,72******15,successful,23999.65,2026-01
7845,1289,Robert Mccoy,103,1300.0,Shirt,Clothing,online,Bangalore,2026-03-23,1,NetBanking,0.35,Rob*****@outlook.com,72******27,successful,1299.65,2026-03
7846,1654,Brian Riley,107,50000.0,Dining Table,Furn,offline,Bangalore,2026-01-22,2,UPI,0.25,Bri*****@gmail.com,66******09,successful,99999.75,2026-01
7848,1739,Thomas Gutierrez,106,80000.0,Sofa,Furniture,offline,Hyderabad,2025-10-02,3,Cash,0.2,Tho*****@yahoo.com,63******11,successful,239999.8,2025-10
7849,1209,Jenna Moses,106,,Sofa,Furniture,offline,Mumbai,2025-11-05,2,NetBanking,0.25,Jen*****@outlook.com,99******01,successful,,2025-11
7851,1893,Michael Gibbs,102,70000.0,Phone,Electronics,online,Delhi,2025-10-03,5,Cash,0.15,Mic*****@outlook.com,65******15,successful,349999.85,2025-10
7852,1493,Caitlin Wilson,102,70000.0,Phone,Electronics,online,Mumbai,2025-05-10,5,UPI,0.25,Cai*****@gmail.com,64******36,successful,349999.75,2025-05
7853,1806,Michele Lewis,103,1300.0,Shirt,Clothing,offline,Bangalore,2025-07-13,1,Card,0.3,Mic*****@yahoo.com,78******42,successful,1299.7,2025-07
7854,1967,Elizabeth Good,104,8000.0,Shoes,Clothing,online,Delhi,2025-10-22,2,NetBanking,0.3,Eli*****@gmail.com,75******06,successful,15999.7,2025-10
7855,1822,Lori Jackson,103,1300.0,Shirt,Clothing,offline,Bangalore,2025-09-07,5,UPI,0.3,Lor*****@gmail.com,77******50,successful,6499.7,2025-09
7857,1331,Craig Zamora,105,45000.0,Tv,Electronics,online,Bangalore,2026-03-12,4,Card,0.3,Cra*****@outlook.com,97******35,successful,179999.7,2026-03
7858,1294,Peter Reed,110,45000.0,Microwave,Home Appliances,online,Hyderabad,2026-01-02,2,Cash,0.15,Pet*****@yahoo.com,70******25,successful,89999.85,2026-01
7859,1840,Kelly Chang,106,80000.0,Sofa,Furniture,offline,Hyderabad,2025-12-07,2,Card,0.15,Kel*****@yahoo.com,85******24,successful,159999.85,2025-12
7860,1910,Shelby Barnett,103,1300.0,Shirt,Clothing,offline,Hyderabad,2026-03-06,1,UPI,0.05,She*****@yahoo.com,66******34,successful,1299.95,2026-03
7861,1350,Christine Nelson,108,15000.0,Mixer Grinder,Home Appliances,offline,Hyderabad,2025-11-03,1,NetBanking,0.15,Chr*****@gmail.com,98******67,successful,14999.85,2025-11
7862,1635,Joseph Lee,107,50000.0,Dining Table,Furniture,online,Mumbai,2025-09-27,4,Cash,0.3,Jos*****@gmail.com,75******95,successful,199999.7,2025-09
7863,1598,Randall Kennedy,103,1300.0,Shirt,Clothing,offline,Delhi,2025-10-19,4,Cash,0.2,Ran*****@gmail.com,68******86,successful,5199.8,2025-10
7864,1508,John Carrillo,101,250000.0,Laptop,Electronics,offline,Delhi,2025-12-17,2,UPI,0.35,Joh*****@outlook.com,86******67,successful,499999.65,2025-12
7865,1396,Jason Taylor,110,45000.0,Microwave,Home,offline,Hyderabad,2026-01-10,1,Cash,0.3,Jas*****@yahoo.com,64******16,successful,44999.7,2026-01
7866,1221,Jennifer Hall,102,70000.0,Phone,Elec,offline,Hyderabad,2025-10-31,4,Card,0.2,Jen*****@outlook.com,77******08,successful,279999.8,2025-10
7867,1153,Thomas Sanchez,104,8000.0,Shoes,Clothing,online,Mumbai,2025-09-13,3,NetBanking,0.1,Tho*****@gmail.com,84******82,successful,23999.9,2025-09
7870,1843,Alexander Lamb,109,65000.0,Refrigerator,Home Appliances,online,Bangalore,2026-11-04,5,Cash,0.1,Ale*****@outlook.com,92******10,successful,324999.9,2026-11
7872,1561,Dustin Edwards,110,45000.0,Microwave,Home,offline,Delhi,2025-04-27,3,Card,0.35,Dus*****@yahoo.com,74******47,successful,134999.65,2025-04
7873,1751,Jasmin Terry,101,250000.0,Laptop,Elec,online,Hyderabad,2025-08-26,5,Card,0.1,Jas*****@gmail.com,64******65,successful,1249999.9,2025-08
7874,1499,Paula Mcbride,107,,Dining Table,Furn,offline,Hyderabad,2025-06-11,2,NetBanking,0.35,Pau*****@gmail.com,83******05,successful,,2025-06
7875,1414,Kathleen Dickson,106,80000.0,Sofa,Furniture,online,Hyderabad,2025-10-02,5,UPI,0.05,Kat*****@gmail.com,89******15,successful,399999.95,2025-10
7876,1210,Molly Stewart,101,250000.0,Laptop,Electronics,online,Bangalore,2025-10-08,3,Cash,0.4,Mol*****@yahoo.com,62******12,successful,749999.6,2025-10
7879,1181,Lynn Shaw,106,80000.0,Sofa,Furn,offline,Mumbai,2025-09-10,3,UPI,0.4,Lyn*****@yahoo.com,96******28,successful,239999.6,2025-09
7880,1203,Barbara Miranda,107,50000.0,Dining Table,Furniture,online,Mumbai,2025-08-07,1,Cash,0.4,Bar*****@gmail.com,66******60,successful,49999.6,2025-08
7881,1092,Darrell Hines,110,45000.0,Microwave,Home Appliances,offline,Chennai,2025-04-19,3,Card,0.05,Dar*****@outlook.com,64******14,successful,134999.95,2025-04
7883,1681,Alexandra Costa,110,45000.0,Microwave,Home Appliances,offline,Chennai,2025-06-23,5,Card,0.25,Ale*****@yahoo.com,78******35,successful,224999.75,2025-06
7885,1303,Dustin Carter,102,70000.0,Phone,Electronics,offline,Delhi,2026-03-11,3,Cash,0.1,Dus*****@gmail.com,77******62,successful,209999.9,2026-03
7886,1733,Rhonda Dennis,107,50000.0,Dining Table,Furniture,offline,Mumbai,2025-10-10,3,NetBanking,0.35,Rho*****@gmail.com,80******72,successful,149999.65,2025-10
7887,1701,James Page,106,80000.0,Sofa,Furniture,offline,Mumbai,2026-01-24,4,Card,0.2,Jam*****@yahoo.com,82******19,successful,319999.8,2026-01
7888,1970,Lisa Anthony,104,,Shoes,Clothing,online,Delhi,2025-06-07,5,Cash,0.1,Lis*****@gmail.com,76******59,successful,,2025-06
7889,1917,Bruce Dodson,109,65000.0,Refrigerator,Home Appliances,online,Delhi,2025-12-13,1,NetBanking,0.25,Bru*****@yahoo.com,70******10,successful,64999.75,2025-12
7890,1586,Kristen Lawrence,108,15000.0,Mixer Grinder,Home,offline,Hyderabad,2025-08-12,2,Card,0.35,Kri*****@gmail.com,75******47,successful,29999.65,2025-08
7891,1228,William Case,108,15000.0,Mixer Grinder,Home,offline,Hyderabad,2026-03-06,3,NetBanking,0.35,Wil*****@gmail.com,83******00,successful,44999.65,2026-03
7894,1929,Elizabeth Drake,103,1300.0,Shirt,Clothing,offline,Chennai,2025-04-18,3,UPI,0.05,Eli*****@yahoo.com,85******25,successful,3899.95,2025-04
7895,1093,Anthony Wood,102,70000.0,Phone,Electronics,online,Bangalore,2025-10-12,5,Cash,0.25,Ant*****@gmail.com,64******84,successful,349999.75,2025-10
7896,1727,Scott Valdez,106,80000.0,Sofa,Furniture,offline,Mumbai,2026-01-01,5,Cash,0.35,Sco*****@gmail.com,81******62,successful,399999.65,2026-01
7897,1791,Brenda Owens,101,250000.0,Laptop,Elec,online,Bangalore,2025-06-04,4,Card,0.05,Bre*****@gmail.com,73******30,successful,999999.95,2025-06
7898,1735,Jennifer Brown,106,80000.0,Sofa,Furniture,online,Bangalore,2025-11-08,4,NetBanking,0.1,Jen*****@yahoo.com,86******66,successful,319999.9,2025-11
7899,1979,Raymond Mckinney,102,70000.0,Phone,Elec,online,Mumbai,2025-09-03,2,UPI,0.15,Ray*****@yahoo.com,60******84,successful,139999.85,2025-09
7901,1257,Angela Hodges,106,,Sofa,Furniture,offline,Mumbai,2026-04-09,4,Card,0.15,Ang*****@gmail.com,87******24,successful,,2026-04
7902,1419,Jessica Mays,105,45000.0,Tv,Electronics,online,Bangalore,2025-09-25,2,UPI,0.35,Jes*****@gmail.com,67******45,successful,89999.65,2025-09
7904,1382,Natalie Daniels,105,45000.0,Tv,Electronics,offline,Chennai,2025-08-02,2,UPI,0.15,Nat*****@yahoo.com,65******06,successful,89999.85,2025-08
7905,1190,Tyler Campbell,108,15000.0,Mixer Grinder,Home,online,Hyderabad,2025-04-21,3,Cash,0.35,Tyl*****@yahoo.com,83******38,successful,44999.65,2025-04
7906,1589,Kimberly Navarro,103,1300.0,Shirt,Clothing,offline,Mumbai,2026-01-05,4,Card,0.4,Kim*****@outlook.com,88******71,successful,5199.6,2026-01
7909,1594,Mike Chase,104,8000.0,Shoes,Clothing,offline,Mumbai,2026-02-07,3,Cash,0.15,Mik*****@gmail.com,82******67,successful,23999.85,2026-02
7910,1440,James Edwards,104,8000.0,Shoes,Clothing,offline,Delhi,2026-03-25,2,Card,0.2,Jam*****@outlook.com,82******70,successful,15999.8,2026-03
7911,1011,Gina Price,105,,Tv,Electronics,offline,Mumbai,2025-09-25,4,NetBanking,0.2,Gin*****@yahoo.com,73******62,successful,,2025-09
7912,1190,Tyler Campbell,104,8000.0,Shoes,Cloth,offline,Hyderabad,2025-08-29,3,NetBanking,0.3,Tyl*****@yahoo.com,83******38,successful,23999.7,2025-08
7913,1189,Donald Gallegos,104,8000.0,Shoes,Clothing,offline,Bangalore,2025-12-05,1,Cash,0.4,Don*****@outlook.com,90******13,successful,7999.6,2025-12
7914,1489,Kevin Hall,104,8000.0,Shoes,Clothing,online,Hyderabad,2025-04-26,2,UPI,0.3,Kev*****@yahoo.com,68******13,successful,15999.7,2025-04
7915,1781,Michael Knox,107,50000.0,Dining Table,Furniture,online,Bangalore,2025-09-07,3,NetBanking,0.35,Mic*****@gmail.com,87******18,successful,149999.65,2025-09
7916,1361,Jennifer Hart,107,50000.0,Dining Table,Furniture,online,Bangalore,2025-11-05,4,Card,0.15,Jen*****@gmail.com,99******68,successful,199999.85,2025-11
7917,1295,Jennifer Franklin,110,45000.0,Microwave,Home Appliances,offline,Mumbai,2026-04-11,2,Cash,0.1,Jen*****@gmail.com,86******94,successful,89999.9,2026-04
7919,1165,Alexis Wilson,102,70000.0,Phone,Electronics,online,Delhi,2025-10-07,4,NetBanking,0.05,Ale*****@outlook.com,88******63,successful,279999.95,2025-10
7921,1896,Chelsea Roberts,110,,Microwave,Home Appliances,online,Chennai,2025-05-09,1,Cash,0.25,Che*****@gmail.com,73******07,successful,,2025-05
7923,1563,Kurt Mccoy,102,70000.0,Phone,Electronics,online,Hyderabad,2025-12-16,3,UPI,0.3,Kur*****@outlook.com,88******40,successful,209999.7,2025-12
7924,1173,Wendy Keith,110,,Microwave,Home Appliances,online,Bangalore,2025-08-27,1,Card,0.4,Wen*****@outlook.com,98******06,successful,,2025-08
7925,1503,Patrick Lopez,105,45000.0,Tv,Elec,offline,Chennai,2025-03-12,1,Cash,0.05,Pat*****@gmail.com,72******47,successful,44999.95,2025-03
7926,1802,Joshua Singh,107,50000.0,Dining Table,Furniture,online,Mumbai,2025-12-06,3,Cash,0.4,Jos*****@gmail.com,80******90,successful,149999.6,2025-12
7928,1634,Mark Cook,104,8000.0,Shoes,Cloth,online,Mumbai,2025-12-30,1,UPI,0.25,Mar*****@outlook.com,73******64,successful,7999.75,2025-12
7929,1360,Rachel Davis,110,45000.0,Microwave,Home,offline,Delhi,2026-02-26,1,NetBanking,0.4,Rac*****@yahoo.com,62******93,successful,44999.6,2026-02
7930,1299,Keith Bennett,101,250000.0,Laptop,Elec,online,Chennai,2025-08-12,1,Card,0.05,Kei*****@yahoo.com,93******82,successful,249999.95,2025-08
7933,1131,Susan Ramirez,101,250000.0,Laptop,Elec,online,Chennai,2026-02-11,3,Cash,0.35,Sus*****@gmail.com,85******76,successful,749999.65,2026-02
7934,1947,Rebecca Wright,102,,Phone,Electronics,online,Chennai,2025-05-01,2,Cash,0.05,Reb*****@gmail.com,91******85,successful,,2025-05
7935,1469,Dennis Perry,106,80000.0,Sofa,Furniture,online,Mumbai,2026-09-02,2,NetBanking,0.2,Den*****@outlook.com,74******51,successful,159999.8,2026-09
7936,1087,Cathy Callahan,103,1300.0,Shirt,Clothing,online,Mumbai,2025-11-17,4,UPI,0.4,Cat*****@gmail.com,60******76,successful,5199.6,2025-11
7937,1617,Ronald Todd,106,80000.0,Sofa,Furn,offline,Delhi,2025-11-15,4,UPI,0.15,Ron*****@yahoo.com,77******82,successful,319999.85,2025-11
7938,1170,Nathan Richardson,107,50000.0,Dining Table,Furn,online,Bangalore,2026-12-03,4,Cash,0.3,Nat*****@gmail.com,77******44,successful,199999.7,2026-12
7939,1341,Paul Hobbs,103,1300.0,Shirt,Clothing,online,Mumbai,2026-03-17,2,NetBanking,0.35,Pau*****@outlook.com,92******49,successful,2599.65,2026-03
7941,1825,Mary Malone,102,70000.0,Phone,Electronics,online,Delhi,2025-05-14,5,UPI,0.35,Mar*****@outlook.com,70******80,successful,349999.65,2025-05
7942,1886,Rebecca Mckenzie,102,70000.0,Phone,Elec,offline,Bangalore,2025-11-20,2,UPI,0.25,Reb*****@gmail.com,66******17,successful,139999.75,2025-11
7943,1168,Jessica Adams,106,80000.0,Sofa,Furniture,online,Mumbai,2026-04-10,5,NetBanking,0.1,Jes*****@outlook.com,69******37,successful,399999.9,2026-04
7946,1452,Diana Olson,110,,Microwave,Home Appliances,online,Chennai,2025-08-02,4,UPI,0.05,Dia*****@gmail.com,62******50,successful,,2025-08
7947,1811,Rita Hamilton,106,80000.0,Sofa,Furniture,online,Hyderabad,2025-04-25,4,NetBanking,0.1,Rit*****@outlook.com,68******74,successful,319999.9,2025-04
7948,1119,Valerie Hines,104,8000.0,Shoes,Clothing,online,Hyderabad,2025-09-10,4,UPI,0.2,Val*****@outlook.com,78******95,successful,31999.8,2025-09
7949,1365,Patrick Preston,109,65000.0,Refrigerator,Home Appliances,offline,Delhi,2025-09-22,5,NetBanking,0.3,Pat*****@gmail.com,60******01,successful,324999.7,2025-09
7953,1407,Laura Adams,110,45000.0,Microwave,Home,online,Bangalore,2025-12-26,3,Card,0.4,Lau*****@gmail.com,60******68,successful,134999.6,2025-12
7954,1334,Johnathan Pruitt,107,50000.0,Dining Table,Furniture,offline,Delhi,2025-10-14,2,Cash,0.4,Joh*****@yahoo.com,90******78,successful,99999.6,2025-10
7956,1978,Carl Gardner,106,80000.0,Sofa,Furniture,online,Mumbai,2025-07-26,4,NetBanking,0.1,Car*****@outlook.com,85******66,successful,319999.9,2025-07
7957,1865,Alicia Jackson,107,50000.0,Dining Table,Furn,online,Bangalore,2026-03-05,1,Cash,0.25,Ali*****@outlook.com,88******40,successful,49999.75,2026-03
7958,1695,Monica King,110,45000.0,Microwave,Home Appliances,offline,Hyderabad,2025-08-10,3,NetBanking,0.2,Mon*****@outlook.com,97******41,successful,134999.8,2025-08
7959,1677,Emily Clark,107,50000.0,Dining Table,Furn,offline,Delhi,2026-01-27,4,Cash,0.15,Emi*****@gmail.com,88******51,successful,199999.85,2026-01
7960,1309,Jonathan Turner,106,80000.0,Sofa,Furn,offline,Hyderabad,2026-02-04,3,UPI,0.1,Jon*****@outlook.com,92******06,successful,239999.9,2026-02
7961,1773,Timothy Contreras,110,45000.0,Microwave,Home,online,Chennai,2025-09-05,2,Cash,0.35,Tim*****@yahoo.com,61******95,successful,89999.65,2025-09
7962,1087,Cathy Callahan,106,80000.0,Sofa,Furniture,online,Mumbai,2025-09-24,2,UPI,0.4,Cat*****@gmail.com,60******76,successful,159999.6,2025-09
7963,1965,Ana Ross,101,250000.0,Laptop,Electronics,offline,Bangalore,2026-02-12,5,Card,0.05,Ana*****@gmail.com,68******96,successful,1249999.95,2026-02
7965,1478,Susan Davis,107,50000.0,Dining Table,Furniture,offline,Bangalore,2025-06-11,3,Cash,0.1,Sus*****@outlook.com,78******80,successful,149999.9,2025-06
7966,1442,Donna Jackson,101,250000.0,Laptop,Elec,online,Bangalore,2026-04-16,5,UPI,0.25,Don*****@gmail.com,86******85,successful,1249999.75,2026-04
7969,1179,Alexandra May,110,45000.0,Microwave,Home,offline,Chennai,2026-03-24,2,Cash,0.25,Ale*****@yahoo.com,77******05,successful,89999.75,2026-03
7970,1879,Carol Lane,110,45000.0,Microwave,Home,offline,Hyderabad,2025-10-23,1,Cash,0.35,Car*****@outlook.com,83******02,successful,44999.65,2025-10
7971,1523,Nicholas Dudley,110,45000.0,Microwave,Home Appliances,online,Hyderabad,2025-09-07,3,Card,0.1,Nic*****@gmail.com,62******22,successful,134999.9,2025-09
7972,1103,Steven Martinez,105,,Tv,Elec,online,Mumbai,2026-03-13,4,NetBanking,0.4,Ste*****@gmail.com,63******77,successful,,2026-03
7973,1764,Lisa Matthews,102,70000.0,Phone,Electronics,offline,Mumbai,2026-04-04,3,UPI,0.25,Lis*****@outlook.com,74******11,successful,209999.75,2026-04
7974,1746,Lawrence Coffey,104,8000.0,Shoes,Clothing,offline,Chennai,2025-06-21,3,Cash,0.25,Law*****@gmail.com,71******71,successful,23999.75,2025-06
7975,1743,Shaun Zimmerman,105,45000.0,Tv,Elec,online,Hyderabad,2025-11-19,3,UPI,0.15,Sha*****@gmail.com,97******87,successful,134999.85,2025-11
7976,1525,Norman Stout,110,45000.0,Microwave,Home Appliances,online,Bangalore,2025-07-30,4,Cash,0.25,Nor*****@yahoo.com,92******91,successful,179999.75,2025-07
7979,1513,Nathan King,103,1300.0,Shirt,Clothing,online,Hyderabad,2026-02-20,2,UPI,0.35,Nat*****@gmail.com,98******27,successful,2599.65,2026-02
7980,1055,Brandon Ritter,110,45000.0,Microwave,Home Appliances,offline,Delhi,2026-04-14,5,Cash,0.3,Bra*****@gmail.com,61******14,successful,224999.7,2026-04
7981,1706,Kathryn Stokes,110,45000.0,Microwave,Home Appliances,offline,Delhi,2025-05-08,2,Card,0.25,Kat*****@gmail.com,79******27,successful,89999.75,2025-05
7982,1530,Edward Murphy,109,65000.0,Refrigerator,Home Appliances,offline,Hyderabad,2026-03-03,5,UPI,0.15,Edw*****@gmail.com,82******65,successful,324999.85,2026-03
7983,1207,Sydney Sanchez,103,1300.0,Shirt,Cloth,online,Hyderabad,2025-08-16,4,Cash,0.05,Syd*****@yahoo.com,75******42,successful,5199.95,2025-08
7984,1335,James Lewis,108,15000.0,Mixer Grinder,Home,offline,Delhi,2025-11-28,5,Cash,0.35,Jam*****@yahoo.com,70******40,successful,74999.65,2025-11
7985,1925,Sierra Jordan,105,45000.0,Tv,Elec,offline,Mumbai,2025-08-07,2,UPI,0.4,Sie*****@gmail.com,84******06,successful,89999.6,2025-08
7987,1531,Judy Moore,101,250000.0,Laptop,Electronics,online,Bangalore,2026-06-03,4,Card,0.3,Jud*****@gmail.com,77******29,successful,999999.7,2026-06
7988,1393,Alejandro Bonilla,107,50000.0,Dining Table,Furniture,offline,Mumbai,2026-03-20,1,NetBanking,0.3,Ale*****@outlook.com,78******53,successful,49999.7,2026-03
7989,1838,Nicole Evans,106,80000.0,Sofa,Furn,offline,Mumbai,2026-01-20,4,UPI,0.35,Nic*****@gmail.com,80******83,successful,319999.65,2026-01
7990,1400,Linda Ward,106,80000.0,Sofa,Furniture,online,Hyderabad,2025-04-16,4,UPI,0.15,Lin*****@gmail.com,94******23,successful,319999.85,2025-04
7991,1059,Justin Taylor,107,50000.0,Dining Table,Furn,offline,Hyderabad,2026-01-15,5,Cash,0.05,Jus*****@gmail.com,74******41,successful,249999.95,2026-01
7992,1634,Mark Cook,109,65000.0,Refrigerator,Home Appliances,online,Mumbai,2025-03-09,3,NetBanking,0.05,Mar*****@outlook.com,73******64,successful,194999.95,2025-03
7993,1461,Michael Cook,108,15000.0,Mixer Grinder,Home Appliances,offline,Delhi,2025-05-12,4,Cash,0.2,Mic*****@gmail.com,90******03,successful,59999.8,2025-05
7994,1816,Allison Young,106,80000.0,Sofa,Furniture,online,Mumbai,2025-12-18,4,Card,0.35,All*****@gmail.com,68******13,successful,319999.65,2025-12
7995,1318,Andrew Richards,101,250000.0,Laptop,Electronics,online,Delhi,2025-06-16,3,NetBanking,0.1,And*****@gmail.com,76******53,successful,749999.9,2025-06
7996,1377,Steven Keith,104,8000.0,Shoes,Clothing,online,Delhi,2025-05-22,1,Cash,0.3,Ste*****@gmail.com,74******01,successful,7999.7,2025-05
7997,1338,Brian Guzman,107,50000.0,Dining Table,Furniture,online,Chennai,2025-07-07,4,UPI,0.05,Bri*****@gmail.com,91******93,successful,199999.95,2025-07
7998,1495,Ashley Mitchell,107,50000.0,Dining Table,Furn,offline,Mumbai,2026-12-03,3,Card,0.15,Ash*****@gmail.com,79******34,successful,149999.85,2026-12
7999,1363,Seth Everett,102,70000.0,Phone,Electronics,offline,Mumbai,2025-07-21,3,NetBanking,0.3,Set*****@gmail.com,83******39,successful,209999.7,2025-07
8000,1650,Andre Lamb,110,45000.0,Microwave,Home,online,Delhi,2025-02-06,4,UPI,0.2,And*****@gmail.com,69******91,successful,179999.8,2025-02
